<?xml version='1.0' encoding='UTF-8' standalone='yes' ?>
<gpx xsi:schemaLocation="http://www.topografix.com/GPX/1/1 http://www.topografix.com/GPX/1/1/gpx.xsd" xmlns="http://www.topografix.com/GPX/1/1" xmlns:xsi="http://www.w3.org/2001/XMLSchema-instance" xmlns:ns3="http://www.garmin.com/xmlschemas/TrackPointExtension/v1" xmlns:ns2="http://www.garmin.com/xmlschemas/GpxExtensions/v3" xmlns:ns1="http://www.cluetrust.com/XML/GPXDATA/1/0" creator="Zepp App" version="1.1">
	<trk>
		<trkseg>
			<trkpt lat="15.509536" lon="-88.036907">
				<ele>119.86</ele>
				<extensions>
					<ns3:TrackPointExtension>
					</ns3:TrackPointExtension>
				</extensions>
			</trkpt>
			<trkpt lat="15.50946175" lon="-88.03691675">
				<ele>119.74</ele>
				<extensions>
					<ns3:TrackPointExtension>
					</ns3:TrackPointExtension>
				</extensions>
			</trkpt>
			<trkpt lat="15.5093875" lon="-88.03692649999999">
				<ele>119.62</ele>
				<extensions>
					<ns3:TrackPointExtension>
					</ns3:TrackPointExtension>
				</extensions>
			</trkpt>
			<trkpt lat="15.509313250000002" lon="-88.03693625">
				<ele>119.5</ele>
				<extensions>
					<ns3:TrackPointExtension>
					</ns3:TrackPointExtension>
				</extensions>
			</trkpt>
			<trkpt lat="15.509239" lon="-88.036946">
				<ele>119.38</ele>
				<extensions>
					<ns3:TrackPointExtension>
					</ns3:TrackPointExtension>
				</extensions>
			</trkpt>
			<trkpt lat="15.509149666666667" lon="-88.03695766666667">
				<ele>119.17667</ele>
				<extensions>
					<ns3:TrackPointExtension>
					</ns3:TrackPointExtension>
				</extensions>
			</trkpt>
			<trkpt lat="15.509060333333334" lon="-88.03696933333333">
				<ele>118.973335</ele>
				<extensions>
					<ns3:TrackPointExtension>
					</ns3:TrackPointExtension>
				</extensions>
			</trkpt>
			<trkpt lat="15.508971" lon="-88.036981">
				<ele>118.77</ele>
				<extensions>
					<ns3:TrackPointExtension>
					</ns3:TrackPointExtension>
				</extensions>
			</trkpt>
			<trkpt lat="15.508888333333333" lon="-88.03699399999999">
				<ele>118.87334</ele>
				<extensions>
					<ns3:TrackPointExtension>
					</ns3:TrackPointExtension>
				</extensions>
			</trkpt>
			<trkpt lat="15.508805666666667" lon="-88.037007">
				<ele>118.97667</ele>
				<extensions>
					<ns3:TrackPointExtension>
					</ns3:TrackPointExtension>
				</extensions>
			</trkpt>
			<trkpt lat="15.508723" lon="-88.03702">
				<ele>119.08</ele>
				<extensions>
					<ns3:TrackPointExtension>
					</ns3:TrackPointExtension>
				</extensions>
			</trkpt>
			<trkpt lat="15.508661333333333" lon="-88.03703">
				<ele>119.37</ele>
				<extensions>
					<ns3:TrackPointExtension>
					</ns3:TrackPointExtension>
				</extensions>
			</trkpt>
			<trkpt lat="15.508599666666667" lon="-88.03703999999999">
				<ele>119.66</ele>
				<extensions>
					<ns3:TrackPointExtension>
					</ns3:TrackPointExtension>
				</extensions>
			</trkpt>
			<trkpt lat="15.508538" lon="-88.03705">
				<ele>119.95</ele>
				<extensions>
					<ns3:TrackPointExtension>
					</ns3:TrackPointExtension>
				</extensions>
			</trkpt>
			<trkpt lat="15.508448999999999" lon="-88.03706324999999">
				<ele>120.1525</ele>
				<extensions>
					<ns3:TrackPointExtension>
					</ns3:TrackPointExtension>
				</extensions>
			</trkpt>
			<trkpt lat="15.50836" lon="-88.0370765">
				<ele>120.355</ele>
				<extensions>
					<ns3:TrackPointExtension>
					</ns3:TrackPointExtension>
				</extensions>
			</trkpt>
			<trkpt lat="15.508271" lon="-88.03708975">
				<ele>120.5575</ele>
				<extensions>
					<ns3:TrackPointExtension>
					</ns3:TrackPointExtension>
				</extensions>
			</trkpt>
			<trkpt lat="15.508182" lon="-88.037103">
				<ele>120.76</ele>
				<extensions>
					<ns3:TrackPointExtension>
					</ns3:TrackPointExtension>
				</extensions>
			</trkpt>
			<trkpt lat="15.508112" lon="-88.0371135">
				<ele>120.8125</ele>
				<extensions>
					<ns3:TrackPointExtension>
					</ns3:TrackPointExtension>
				</extensions>
			</trkpt>
			<trkpt lat="15.508042" lon="-88.037124">
				<ele>120.865</ele>
				<extensions>
					<ns3:TrackPointExtension>
					</ns3:TrackPointExtension>
				</extensions>
			</trkpt>
			<trkpt lat="15.507971999999999" lon="-88.0371345">
				<ele>120.9175</ele>
				<extensions>
					<ns3:TrackPointExtension>
					</ns3:TrackPointExtension>
				</extensions>
			</trkpt>
			<trkpt lat="15.507902" lon="-88.037145">
				<ele>120.97</ele>
				<extensions>
					<ns3:TrackPointExtension>
					</ns3:TrackPointExtension>
				</extensions>
			</trkpt>
			<trkpt lat="15.507818499999999" lon="-88.0371565">
				<ele>120.8675</ele>
				<extensions>
					<ns3:TrackPointExtension>
					</ns3:TrackPointExtension>
				</extensions>
			</trkpt>
			<trkpt lat="15.507735" lon="-88.03716800000001">
				<ele>120.765</ele>
				<extensions>
					<ns3:TrackPointExtension>
					</ns3:TrackPointExtension>
				</extensions>
			</trkpt>
			<trkpt lat="15.5076515" lon="-88.03717950000001">
				<ele>120.6625</ele>
				<extensions>
					<ns3:TrackPointExtension>
					</ns3:TrackPointExtension>
				</extensions>
			</trkpt>
			<trkpt lat="15.507568" lon="-88.037191">
				<ele>120.56</ele>
				<extensions>
					<ns3:TrackPointExtension>
					</ns3:TrackPointExtension>
				</extensions>
			</trkpt>
			<trkpt lat="15.507504333333333" lon="-88.03719933333333">
				<ele>120.46333</ele>
				<extensions>
					<ns3:TrackPointExtension>
					</ns3:TrackPointExtension>
				</extensions>
			</trkpt>
			<trkpt lat="15.507440666666666" lon="-88.03720766666667">
				<ele>120.36667</ele>
				<extensions>
					<ns3:TrackPointExtension>
					</ns3:TrackPointExtension>
				</extensions>
			</trkpt>
			<trkpt lat="15.507377" lon="-88.037216">
				<ele>120.27</ele>
				<extensions>
					<ns3:TrackPointExtension>
					</ns3:TrackPointExtension>
				</extensions>
			</trkpt>
			<trkpt lat="15.507311" lon="-88.037225">
				<ele>120.17</ele>
				<extensions>
					<ns3:TrackPointExtension>
					</ns3:TrackPointExtension>
				</extensions>
			</trkpt>
			<trkpt lat="15.507245" lon="-88.037234">
				<ele>120.07</ele>
				<extensions>
					<ns3:TrackPointExtension>
					</ns3:TrackPointExtension>
				</extensions>
			</trkpt>
			<trkpt lat="15.507192499999999" lon="-88.0372415">
				<ele>120.155</ele>
				<extensions>
					<ns3:TrackPointExtension>
					</ns3:TrackPointExtension>
				</extensions>
			</trkpt>
			<trkpt lat="15.50714" lon="-88.037249">
				<ele>120.24</ele>
				<extensions>
					<ns3:TrackPointExtension>
					</ns3:TrackPointExtension>
				</extensions>
			</trkpt>
			<trkpt lat="15.507124" lon="-88.037251">
				<ele>120.28</ele>
				<extensions>
					<ns3:TrackPointExtension>
					</ns3:TrackPointExtension>
				</extensions>
			</trkpt>
			<trkpt lat="15.507127" lon="-88.0372975">
				<ele>120.48</ele>
				<extensions>
					<ns3:TrackPointExtension>
					</ns3:TrackPointExtension>
				</extensions>
			</trkpt>
			<trkpt lat="15.50713" lon="-88.037344">
				<ele>120.68</ele>
				<extensions>
					<ns3:TrackPointExtension>
					</ns3:TrackPointExtension>
				</extensions>
			</trkpt>
			<trkpt lat="15.507075" lon="-88.037361">
				<ele>120.99</ele>
				<extensions>
					<ns3:TrackPointExtension>
					</ns3:TrackPointExtension>
				</extensions>
			</trkpt>
			<trkpt lat="15.507021" lon="-88.037429">
				<ele>121.45</ele>
				<extensions>
					<ns3:TrackPointExtension>
					</ns3:TrackPointExtension>
				</extensions>
			</trkpt>
			<trkpt lat="15.506969" lon="-88.037431">
				<ele>121.54</ele>
				<extensions>
					<ns3:TrackPointExtension>
					</ns3:TrackPointExtension>
				</extensions>
			</trkpt>
			<trkpt lat="15.506966" lon="-88.037456">
				<ele>121.6</ele>
				<extensions>
					<ns3:TrackPointExtension>
					</ns3:TrackPointExtension>
				</extensions>
			</trkpt>
			<trkpt lat="15.506956" lon="-88.037538">
				<ele>121.81</ele>
				<extensions>
					<ns3:TrackPointExtension>
					</ns3:TrackPointExtension>
				</extensions>
			</trkpt>
			<trkpt lat="15.5069525" lon="-88.037593">
				<ele>121.94</ele>
				<extensions>
					<ns3:TrackPointExtension>
					</ns3:TrackPointExtension>
				</extensions>
			</trkpt>
			<trkpt lat="15.506949" lon="-88.037648">
				<ele>122.07</ele>
				<extensions>
					<ns3:TrackPointExtension>
					</ns3:TrackPointExtension>
				</extensions>
			</trkpt>
			<trkpt lat="15.506949" lon="-88.037722">
				<ele>122.23</ele>
				<extensions>
					<ns3:TrackPointExtension>
					</ns3:TrackPointExtension>
				</extensions>
			</trkpt>
			<trkpt lat="15.506955333333334" lon="-88.037785">
				<ele>122.583336</ele>
				<extensions>
					<ns3:TrackPointExtension>
					</ns3:TrackPointExtension>
				</extensions>
			</trkpt>
			<trkpt lat="15.506961666666667" lon="-88.037848">
				<ele>122.93667</ele>
				<extensions>
					<ns3:TrackPointExtension>
					</ns3:TrackPointExtension>
				</extensions>
			</trkpt>
			<trkpt lat="15.506968" lon="-88.037911">
				<ele>123.3</ele>
				<extensions>
					<ns3:TrackPointExtension>
					</ns3:TrackPointExtension>
				</extensions>
			</trkpt>
			<trkpt lat="15.506975222222223" lon="-88.03799844444444">
				<ele>123.70778</ele>
				<extensions>
					<ns3:TrackPointExtension>
					</ns3:TrackPointExtension>
				</extensions>
			</trkpt>
			<trkpt lat="15.506982444444445" lon="-88.03808588888889">
				<ele>124.115555</ele>
				<extensions>
					<ns3:TrackPointExtension>
					</ns3:TrackPointExtension>
				</extensions>
			</trkpt>
			<trkpt lat="15.506989666666668" lon="-88.03817333333333">
				<ele>124.52333</ele>
				<extensions>
					<ns3:TrackPointExtension>
					</ns3:TrackPointExtension>
				</extensions>
			</trkpt>
			<trkpt lat="15.506996888888889" lon="-88.03826077777778">
				<ele>124.931114</ele>
				<extensions>
					<ns3:TrackPointExtension>
					</ns3:TrackPointExtension>
				</extensions>
			</trkpt>
			<trkpt lat="15.507004111111112" lon="-88.03834822222221">
				<ele>125.33889</ele>
				<extensions>
					<ns3:TrackPointExtension>
					</ns3:TrackPointExtension>
				</extensions>
			</trkpt>
			<trkpt lat="15.507011333333333" lon="-88.03843566666666">
				<ele>125.746666</ele>
				<extensions>
					<ns3:TrackPointExtension>
					</ns3:TrackPointExtension>
				</extensions>
			</trkpt>
			<trkpt lat="15.507018555555556" lon="-88.0385231111111">
				<ele>126.15444</ele>
				<extensions>
					<ns3:TrackPointExtension>
					</ns3:TrackPointExtension>
				</extensions>
			</trkpt>
			<trkpt lat="15.507025777777777" lon="-88.03861055555555">
				<ele>126.562225</ele>
				<extensions>
					<ns3:TrackPointExtension>
					</ns3:TrackPointExtension>
				</extensions>
			</trkpt>
			<trkpt lat="15.507033" lon="-88.038698">
				<ele>126.97</ele>
				<extensions>
					<ns3:TrackPointExtension>
					</ns3:TrackPointExtension>
				</extensions>
			</trkpt>
			<trkpt lat="15.5070402" lon="-88.03878139999999">
				<ele>127.298</ele>
				<extensions>
					<ns3:TrackPointExtension>
					</ns3:TrackPointExtension>
				</extensions>
			</trkpt>
			<trkpt lat="15.5070474" lon="-88.0388648">
				<ele>127.626</ele>
				<extensions>
					<ns3:TrackPointExtension>
					</ns3:TrackPointExtension>
				</extensions>
			</trkpt>
			<trkpt lat="15.5070546" lon="-88.0389482">
				<ele>127.954</ele>
				<extensions>
					<ns3:TrackPointExtension>
					</ns3:TrackPointExtension>
				</extensions>
			</trkpt>
			<trkpt lat="15.507061799999999" lon="-88.0390316">
				<ele>128.282</ele>
				<extensions>
					<ns3:TrackPointExtension>
					</ns3:TrackPointExtension>
				</extensions>
			</trkpt>
			<trkpt lat="15.507069" lon="-88.039115">
				<ele>128.61</ele>
				<extensions>
					<ns3:TrackPointExtension>
					</ns3:TrackPointExtension>
				</extensions>
			</trkpt>
			<trkpt lat="15.507074666666666" lon="-88.03917966666667">
				<ele>128.86333</ele>
				<extensions>
					<ns3:TrackPointExtension>
					</ns3:TrackPointExtension>
				</extensions>
			</trkpt>
			<trkpt lat="15.507080333333333" lon="-88.03924433333333">
				<ele>129.11667</ele>
				<extensions>
					<ns3:TrackPointExtension>
					</ns3:TrackPointExtension>
				</extensions>
			</trkpt>
			<trkpt lat="15.507086" lon="-88.039309">
				<ele>129.37</ele>
				<extensions>
					<ns3:TrackPointExtension>
					</ns3:TrackPointExtension>
				</extensions>
			</trkpt>
			<trkpt lat="15.5070385" lon="-88.039314">
				<ele>129.44</ele>
				<extensions>
					<ns3:TrackPointExtension>
					</ns3:TrackPointExtension>
				</extensions>
			</trkpt>
			<trkpt lat="15.506991" lon="-88.039319">
				<ele>129.51</ele>
				<extensions>
					<ns3:TrackPointExtension>
					</ns3:TrackPointExtension>
				</extensions>
			</trkpt>
			<trkpt lat="15.506984666666666" lon="-88.03924333333333">
				<ele>129.36667</ele>
				<extensions>
					<ns3:TrackPointExtension>
					</ns3:TrackPointExtension>
				</extensions>
			</trkpt>
			<trkpt lat="15.506978333333333" lon="-88.03916766666667">
				<ele>129.22333</ele>
				<extensions>
					<ns3:TrackPointExtension>
					</ns3:TrackPointExtension>
				</extensions>
			</trkpt>
			<trkpt lat="15.506972" lon="-88.039092">
				<ele>129.07</ele>
				<extensions>
					<ns3:TrackPointExtension>
					</ns3:TrackPointExtension>
				</extensions>
			</trkpt>
			<trkpt lat="15.506964714285713" lon="-88.03900371428571">
				<ele>128.67143</ele>
				<extensions>
					<ns3:TrackPointExtension>
					</ns3:TrackPointExtension>
				</extensions>
			</trkpt>
			<trkpt lat="15.506957428571429" lon="-88.03891542857143">
				<ele>128.27286</ele>
				<extensions>
					<ns3:TrackPointExtension>
					</ns3:TrackPointExtension>
				</extensions>
			</trkpt>
			<trkpt lat="15.506950142857143" lon="-88.03882714285714">
				<ele>127.87428</ele>
				<extensions>
					<ns3:TrackPointExtension>
					</ns3:TrackPointExtension>
				</extensions>
			</trkpt>
			<trkpt lat="15.506942857142857" lon="-88.03873885714285">
				<ele>127.475716</ele>
				<extensions>
					<ns3:TrackPointExtension>
					</ns3:TrackPointExtension>
				</extensions>
			</trkpt>
			<trkpt lat="15.50693557142857" lon="-88.03865057142856">
				<ele>127.07714</ele>
				<extensions>
					<ns3:TrackPointExtension>
					</ns3:TrackPointExtension>
				</extensions>
			</trkpt>
			<trkpt lat="15.506928285714286" lon="-88.03856228571428">
				<ele>126.67857</ele>
				<extensions>
					<ns3:TrackPointExtension>
					</ns3:TrackPointExtension>
				</extensions>
			</trkpt>
			<trkpt lat="15.506921" lon="-88.038474">
				<ele>126.28</ele>
				<extensions>
					<ns3:TrackPointExtension>
					</ns3:TrackPointExtension>
				</extensions>
			</trkpt>
			<trkpt lat="15.506913428571428" lon="-88.03838957142857">
				<ele>125.83428</ele>
				<extensions>
					<ns3:TrackPointExtension>
					</ns3:TrackPointExtension>
				</extensions>
			</trkpt>
			<trkpt lat="15.506905857142858" lon="-88.03830514285714">
				<ele>125.38857</ele>
				<extensions>
					<ns3:TrackPointExtension>
					</ns3:TrackPointExtension>
				</extensions>
			</trkpt>
			<trkpt lat="15.506898285714286" lon="-88.03822071428571">
				<ele>124.942856</ele>
				<extensions>
					<ns3:TrackPointExtension>
					</ns3:TrackPointExtension>
				</extensions>
			</trkpt>
			<trkpt lat="15.506890714285715" lon="-88.03813628571427">
				<ele>124.49715</ele>
				<extensions>
					<ns3:TrackPointExtension>
					</ns3:TrackPointExtension>
				</extensions>
			</trkpt>
			<trkpt lat="15.506883142857143" lon="-88.03805185714285">
				<ele>124.05143</ele>
				<extensions>
					<ns3:TrackPointExtension>
					</ns3:TrackPointExtension>
				</extensions>
			</trkpt>
			<trkpt lat="15.506875571428573" lon="-88.03796742857142">
				<ele>123.60571</ele>
				<extensions>
					<ns3:TrackPointExtension>
					</ns3:TrackPointExtension>
				</extensions>
			</trkpt>
			<trkpt lat="15.506868" lon="-88.037883">
				<ele>123.16</ele>
				<extensions>
					<ns3:TrackPointExtension>
					</ns3:TrackPointExtension>
				</extensions>
			</trkpt>
			<trkpt lat="15.5068605" lon="-88.037801">
				<ele>122.8775</ele>
				<extensions>
					<ns3:TrackPointExtension>
					</ns3:TrackPointExtension>
				</extensions>
			</trkpt>
			<trkpt lat="15.506853" lon="-88.037719">
				<ele>122.595</ele>
				<extensions>
					<ns3:TrackPointExtension>
					</ns3:TrackPointExtension>
				</extensions>
			</trkpt>
			<trkpt lat="15.5068455" lon="-88.03763699999999">
				<ele>122.3125</ele>
				<extensions>
					<ns3:TrackPointExtension>
					</ns3:TrackPointExtension>
				</extensions>
			</trkpt>
			<trkpt lat="15.506838" lon="-88.037555">
				<ele>122.03</ele>
				<extensions>
					<ns3:TrackPointExtension>
					</ns3:TrackPointExtension>
				</extensions>
			</trkpt>
			<trkpt lat="15.506818500000001" lon="-88.03750149999999">
				<ele>121.83</ele>
				<extensions>
					<ns3:TrackPointExtension>
					</ns3:TrackPointExtension>
				</extensions>
			</trkpt>
			<trkpt lat="15.506799" lon="-88.037448">
				<ele>121.63</ele>
				<extensions>
					<ns3:TrackPointExtension>
					</ns3:TrackPointExtension>
				</extensions>
			</trkpt>
			<trkpt lat="15.506767" lon="-88.037446">
				<ele>121.59</ele>
				<extensions>
					<ns3:TrackPointExtension>
					</ns3:TrackPointExtension>
				</extensions>
			</trkpt>
			<trkpt lat="15.506745" lon="-88.037397">
				<ele>121.44</ele>
				<extensions>
					<ns3:TrackPointExtension>
					</ns3:TrackPointExtension>
				</extensions>
			</trkpt>
			<trkpt lat="15.50669" lon="-88.037361">
				<ele>121.39</ele>
				<extensions>
					<ns3:TrackPointExtension>
					</ns3:TrackPointExtension>
				</extensions>
			</trkpt>
			<trkpt lat="15.506639" lon="-88.037358">
				<ele>121.5</ele>
				<extensions>
					<ns3:TrackPointExtension>
					</ns3:TrackPointExtension>
				</extensions>
			</trkpt>
			<trkpt lat="15.50664" lon="-88.03733">
				<ele>121.45</ele>
				<extensions>
					<ns3:TrackPointExtension>
					</ns3:TrackPointExtension>
				</extensions>
			</trkpt>
			<trkpt lat="15.50659" lon="-88.037332">
				<ele>121.56</ele>
				<extensions>
					<ns3:TrackPointExtension>
					</ns3:TrackPointExtension>
				</extensions>
			</trkpt>
			<trkpt lat="15.506502" lon="-88.03733666666668">
				<ele>121.78</ele>
				<extensions>
					<ns3:TrackPointExtension>
					</ns3:TrackPointExtension>
				</extensions>
			</trkpt>
			<trkpt lat="15.506414" lon="-88.03734133333333">
				<ele>122.0</ele>
				<extensions>
					<ns3:TrackPointExtension>
					</ns3:TrackPointExtension>
				</extensions>
			</trkpt>
			<trkpt lat="15.506326" lon="-88.037345">
				<ele>122.22</ele>
				<extensions>
					<ns3:TrackPointExtension>
					</ns3:TrackPointExtension>
				</extensions>
			</trkpt>
			<trkpt lat="15.506241" lon="-88.0373525">
				<ele>122.4675</ele>
				<extensions>
					<ns3:TrackPointExtension>
					</ns3:TrackPointExtension>
				</extensions>
			</trkpt>
			<trkpt lat="15.506156" lon="-88.03736">
				<ele>122.715</ele>
				<extensions>
					<ns3:TrackPointExtension>
					</ns3:TrackPointExtension>
				</extensions>
			</trkpt>
			<trkpt lat="15.506071" lon="-88.0373675">
				<ele>122.9625</ele>
				<extensions>
					<ns3:TrackPointExtension>
					</ns3:TrackPointExtension>
				</extensions>
			</trkpt>
			<trkpt lat="15.505986" lon="-88.037375">
				<ele>123.21</ele>
				<extensions>
					<ns3:TrackPointExtension>
					</ns3:TrackPointExtension>
				</extensions>
			</trkpt>
			<trkpt lat="15.505902714285714" lon="-88.03738428571428">
				<ele>123.15</ele>
				<extensions>
					<ns3:TrackPointExtension>
					</ns3:TrackPointExtension>
				</extensions>
			</trkpt>
			<trkpt lat="15.505819428571428" lon="-88.03739357142857">
				<ele>123.09</ele>
				<extensions>
					<ns3:TrackPointExtension>
					</ns3:TrackPointExtension>
				</extensions>
			</trkpt>
			<trkpt lat="15.505736142857142" lon="-88.03740285714285">
				<ele>123.03</ele>
				<extensions>
					<ns3:TrackPointExtension>
					</ns3:TrackPointExtension>
				</extensions>
			</trkpt>
			<trkpt lat="15.505652857142858" lon="-88.03741214285715">
				<ele>122.97</ele>
				<extensions>
					<ns3:TrackPointExtension>
					</ns3:TrackPointExtension>
				</extensions>
			</trkpt>
			<trkpt lat="15.505569571428572" lon="-88.03742142857143">
				<ele>122.91</ele>
				<extensions>
					<ns3:TrackPointExtension>
					</ns3:TrackPointExtension>
				</extensions>
			</trkpt>
			<trkpt lat="15.505486285714285" lon="-88.03743071428572">
				<ele>122.85</ele>
				<extensions>
					<ns3:TrackPointExtension>
					</ns3:TrackPointExtension>
				</extensions>
			</trkpt>
			<trkpt lat="15.505403" lon="-88.03744">
				<ele>122.79</ele>
				<extensions>
					<ns3:TrackPointExtension>
					</ns3:TrackPointExtension>
				</extensions>
			</trkpt>
			<trkpt lat="15.505316727272726" lon="-88.03745109090909">
				<ele>122.88182</ele>
				<extensions>
					<ns3:TrackPointExtension>
					</ns3:TrackPointExtension>
				</extensions>
			</trkpt>
			<trkpt lat="15.505230454545455" lon="-88.03746218181819">
				<ele>122.97363</ele>
				<extensions>
					<ns3:TrackPointExtension>
					</ns3:TrackPointExtension>
				</extensions>
			</trkpt>
			<trkpt lat="15.505144181818181" lon="-88.03747327272727">
				<ele>123.06545</ele>
				<extensions>
					<ns3:TrackPointExtension>
					</ns3:TrackPointExtension>
				</extensions>
			</trkpt>
			<trkpt lat="15.505057909090908" lon="-88.03748436363637">
				<ele>123.15727</ele>
				<extensions>
					<ns3:TrackPointExtension>
					</ns3:TrackPointExtension>
				</extensions>
			</trkpt>
			<trkpt lat="15.504971636363637" lon="-88.03749545454545">
				<ele>123.24909</ele>
				<extensions>
					<ns3:TrackPointExtension>
					</ns3:TrackPointExtension>
				</extensions>
			</trkpt>
			<trkpt lat="15.504885363636363" lon="-88.03750654545455">
				<ele>123.34091</ele>
				<extensions>
					<ns3:TrackPointExtension>
					</ns3:TrackPointExtension>
				</extensions>
			</trkpt>
			<trkpt lat="15.504799090909092" lon="-88.03751763636363">
				<ele>123.432724</ele>
				<extensions>
					<ns3:TrackPointExtension>
					</ns3:TrackPointExtension>
				</extensions>
			</trkpt>
			<trkpt lat="15.504712818181819" lon="-88.03752872727273">
				<ele>123.52454</ele>
				<extensions>
					<ns3:TrackPointExtension>
					</ns3:TrackPointExtension>
				</extensions>
			</trkpt>
			<trkpt lat="15.504626545454546" lon="-88.03753981818181">
				<ele>123.61636</ele>
				<extensions>
					<ns3:TrackPointExtension>
					</ns3:TrackPointExtension>
				</extensions>
			</trkpt>
			<trkpt lat="15.504540272727274" lon="-88.03755090909091">
				<ele>123.70818</ele>
				<extensions>
					<ns3:TrackPointExtension>
					</ns3:TrackPointExtension>
				</extensions>
			</trkpt>
			<trkpt lat="15.504454" lon="-88.037562">
				<ele>123.8</ele>
				<extensions>
					<ns3:TrackPointExtension>
					</ns3:TrackPointExtension>
				</extensions>
			</trkpt>
			<trkpt lat="15.5043652" lon="-88.0375729">
				<ele>123.798</ele>
				<extensions>
					<ns3:TrackPointExtension>
					</ns3:TrackPointExtension>
				</extensions>
			</trkpt>
			<trkpt lat="15.5042764" lon="-88.0375838">
				<ele>123.796</ele>
				<extensions>
					<ns3:TrackPointExtension>
					</ns3:TrackPointExtension>
				</extensions>
			</trkpt>
			<trkpt lat="15.5041876" lon="-88.0375947">
				<ele>123.794</ele>
				<extensions>
					<ns3:TrackPointExtension>
					</ns3:TrackPointExtension>
				</extensions>
			</trkpt>
			<trkpt lat="15.5040988" lon="-88.03760559999999">
				<ele>123.792</ele>
				<extensions>
					<ns3:TrackPointExtension>
					</ns3:TrackPointExtension>
				</extensions>
			</trkpt>
			<trkpt lat="15.504010000000001" lon="-88.0376165">
				<ele>123.79</ele>
				<extensions>
					<ns3:TrackPointExtension>
					</ns3:TrackPointExtension>
				</extensions>
			</trkpt>
			<trkpt lat="15.5039212" lon="-88.0376274">
				<ele>123.788</ele>
				<extensions>
					<ns3:TrackPointExtension>
					</ns3:TrackPointExtension>
				</extensions>
			</trkpt>
			<trkpt lat="15.5038324" lon="-88.0376383">
				<ele>123.786</ele>
				<extensions>
					<ns3:TrackPointExtension>
					</ns3:TrackPointExtension>
				</extensions>
			</trkpt>
			<trkpt lat="15.5037436" lon="-88.0376492">
				<ele>123.784</ele>
				<extensions>
					<ns3:TrackPointExtension>
					</ns3:TrackPointExtension>
				</extensions>
			</trkpt>
			<trkpt lat="15.5036548" lon="-88.0376601">
				<ele>123.782</ele>
				<extensions>
					<ns3:TrackPointExtension>
					</ns3:TrackPointExtension>
				</extensions>
			</trkpt>
			<trkpt lat="15.503566" lon="-88.037671">
				<ele>123.78</ele>
				<extensions>
					<ns3:TrackPointExtension>
					</ns3:TrackPointExtension>
				</extensions>
			</trkpt>
			<trkpt lat="15.503478833333332" lon="-88.03768133333334">
				<ele>123.53333</ele>
				<extensions>
					<ns3:TrackPointExtension>
					</ns3:TrackPointExtension>
				</extensions>
			</trkpt>
			<trkpt lat="15.503391666666666" lon="-88.03769166666667">
				<ele>123.28667</ele>
				<extensions>
					<ns3:TrackPointExtension>
					</ns3:TrackPointExtension>
				</extensions>
			</trkpt>
			<trkpt lat="15.503304499999999" lon="-88.037702">
				<ele>123.04</ele>
				<extensions>
					<ns3:TrackPointExtension>
					</ns3:TrackPointExtension>
				</extensions>
			</trkpt>
			<trkpt lat="15.503217333333334" lon="-88.03771233333333">
				<ele>122.793335</ele>
				<extensions>
					<ns3:TrackPointExtension>
					</ns3:TrackPointExtension>
				</extensions>
			</trkpt>
			<trkpt lat="15.503130166666667" lon="-88.03772266666667">
				<ele>122.54667</ele>
				<extensions>
					<ns3:TrackPointExtension>
					</ns3:TrackPointExtension>
				</extensions>
			</trkpt>
			<trkpt lat="15.503043" lon="-88.037733">
				<ele>122.3</ele>
				<extensions>
					<ns3:TrackPointExtension>
					</ns3:TrackPointExtension>
				</extensions>
			</trkpt>
			<trkpt lat="15.50296125" lon="-88.03774625">
				<ele>122.26</ele>
				<extensions>
					<ns3:TrackPointExtension>
					</ns3:TrackPointExtension>
				</extensions>
			</trkpt>
			<trkpt lat="15.502879499999999" lon="-88.03775949999999">
				<ele>122.22</ele>
				<extensions>
					<ns3:TrackPointExtension>
					</ns3:TrackPointExtension>
				</extensions>
			</trkpt>
			<trkpt lat="15.50279775" lon="-88.03777275">
				<ele>122.18</ele>
				<extensions>
					<ns3:TrackPointExtension>
					</ns3:TrackPointExtension>
				</extensions>
			</trkpt>
			<trkpt lat="15.502716" lon="-88.037786">
				<ele>122.14</ele>
				<extensions>
					<ns3:TrackPointExtension>
					</ns3:TrackPointExtension>
				</extensions>
			</trkpt>
			<trkpt lat="15.50264" lon="-88.03779825">
				<ele>122.1025</ele>
				<extensions>
					<ns3:TrackPointExtension>
					</ns3:TrackPointExtension>
				</extensions>
			</trkpt>
			<trkpt lat="15.502564" lon="-88.0378105">
				<ele>122.065</ele>
				<extensions>
					<ns3:TrackPointExtension>
					</ns3:TrackPointExtension>
				</extensions>
			</trkpt>
			<trkpt lat="15.502488" lon="-88.03782275">
				<ele>122.0275</ele>
				<extensions>
					<ns3:TrackPointExtension>
					</ns3:TrackPointExtension>
				</extensions>
			</trkpt>
			<trkpt lat="15.502412" lon="-88.037835">
				<ele>121.99</ele>
				<extensions>
					<ns3:TrackPointExtension>
					</ns3:TrackPointExtension>
				</extensions>
			</trkpt>
			<trkpt lat="15.50232357142857" lon="-88.037847">
				<ele>122.15143</ele>
				<extensions>
					<ns3:TrackPointExtension>
					</ns3:TrackPointExtension>
				</extensions>
			</trkpt>
			<trkpt lat="15.502235142857142" lon="-88.037859">
				<ele>122.31286</ele>
				<extensions>
					<ns3:TrackPointExtension>
					</ns3:TrackPointExtension>
				</extensions>
			</trkpt>
			<trkpt lat="15.502146714285713" lon="-88.037871">
				<ele>122.47429</ele>
				<extensions>
					<ns3:TrackPointExtension>
					</ns3:TrackPointExtension>
				</extensions>
			</trkpt>
			<trkpt lat="15.502058285714286" lon="-88.03788300000001">
				<ele>122.63571</ele>
				<extensions>
					<ns3:TrackPointExtension>
					</ns3:TrackPointExtension>
				</extensions>
			</trkpt>
			<trkpt lat="15.501969857142857" lon="-88.037895">
				<ele>122.79714</ele>
				<extensions>
					<ns3:TrackPointExtension>
					</ns3:TrackPointExtension>
				</extensions>
			</trkpt>
			<trkpt lat="15.501881428571428" lon="-88.037907">
				<ele>122.95857</ele>
				<extensions>
					<ns3:TrackPointExtension>
					</ns3:TrackPointExtension>
				</extensions>
			</trkpt>
			<trkpt lat="15.501793" lon="-88.037919">
				<ele>123.12</ele>
				<extensions>
					<ns3:TrackPointExtension>
					</ns3:TrackPointExtension>
				</extensions>
			</trkpt>
			<trkpt lat="15.50171825" lon="-88.037924">
				<ele>123.075</ele>
				<extensions>
					<ns3:TrackPointExtension>
					</ns3:TrackPointExtension>
				</extensions>
			</trkpt>
			<trkpt lat="15.5016435" lon="-88.03792899999999">
				<ele>123.03</ele>
				<extensions>
					<ns3:TrackPointExtension>
					</ns3:TrackPointExtension>
				</extensions>
			</trkpt>
			<trkpt lat="15.501568749999999" lon="-88.03793399999999">
				<ele>122.985</ele>
				<extensions>
					<ns3:TrackPointExtension>
					</ns3:TrackPointExtension>
				</extensions>
			</trkpt>
			<trkpt lat="15.501494" lon="-88.037939">
				<ele>122.94</ele>
				<extensions>
					<ns3:TrackPointExtension>
					</ns3:TrackPointExtension>
				</extensions>
			</trkpt>
			<trkpt lat="15.501415399999999" lon="-88.03794099999999">
				<ele>122.662</ele>
				<extensions>
					<ns3:TrackPointExtension>
					</ns3:TrackPointExtension>
				</extensions>
			</trkpt>
			<trkpt lat="15.501336799999999" lon="-88.037943">
				<ele>122.384</ele>
				<extensions>
					<ns3:TrackPointExtension>
					</ns3:TrackPointExtension>
				</extensions>
			</trkpt>
			<trkpt lat="15.5012582" lon="-88.037945">
				<ele>122.106</ele>
				<extensions>
					<ns3:TrackPointExtension>
					</ns3:TrackPointExtension>
				</extensions>
			</trkpt>
			<trkpt lat="15.5011796" lon="-88.037947">
				<ele>121.828</ele>
				<extensions>
					<ns3:TrackPointExtension>
					</ns3:TrackPointExtension>
				</extensions>
			</trkpt>
			<trkpt lat="15.501101" lon="-88.037949">
				<ele>121.55</ele>
				<extensions>
					<ns3:TrackPointExtension>
					</ns3:TrackPointExtension>
				</extensions>
			</trkpt>
			<trkpt lat="15.50103275" lon="-88.03794725">
				<ele>121.5175</ele>
				<extensions>
					<ns3:TrackPointExtension>
					</ns3:TrackPointExtension>
				</extensions>
			</trkpt>
			<trkpt lat="15.5009645" lon="-88.0379455">
				<ele>121.485</ele>
				<extensions>
					<ns3:TrackPointExtension>
					</ns3:TrackPointExtension>
				</extensions>
			</trkpt>
			<trkpt lat="15.50089625" lon="-88.03794375">
				<ele>121.4525</ele>
				<extensions>
					<ns3:TrackPointExtension>
					</ns3:TrackPointExtension>
				</extensions>
			</trkpt>
			<trkpt lat="15.500828" lon="-88.037942">
				<ele>121.42</ele>
				<extensions>
					<ns3:TrackPointExtension>
					</ns3:TrackPointExtension>
				</extensions>
			</trkpt>
			<trkpt lat="15.5007504" lon="-88.0379356">
				<ele>121.2</ele>
				<extensions>
					<ns3:TrackPointExtension>
					</ns3:TrackPointExtension>
				</extensions>
			</trkpt>
			<trkpt lat="15.5006728" lon="-88.0379292">
				<ele>120.98</ele>
				<extensions>
					<ns3:TrackPointExtension>
					</ns3:TrackPointExtension>
				</extensions>
			</trkpt>
			<trkpt lat="15.5005952" lon="-88.0379228">
				<ele>120.76</ele>
				<extensions>
					<ns3:TrackPointExtension>
					</ns3:TrackPointExtension>
				</extensions>
			</trkpt>
			<trkpt lat="15.5005176" lon="-88.0379164">
				<ele>120.54</ele>
				<extensions>
					<ns3:TrackPointExtension>
					</ns3:TrackPointExtension>
				</extensions>
			</trkpt>
			<trkpt lat="15.50044" lon="-88.03791">
				<ele>120.32</ele>
				<extensions>
					<ns3:TrackPointExtension>
					</ns3:TrackPointExtension>
				</extensions>
			</trkpt>
			<trkpt lat="15.50036375" lon="-88.037894">
				<ele>120.2275</ele>
				<extensions>
					<ns3:TrackPointExtension>
					</ns3:TrackPointExtension>
				</extensions>
			</trkpt>
			<trkpt lat="15.500287499999999" lon="-88.037878">
				<ele>120.135</ele>
				<extensions>
					<ns3:TrackPointExtension>
					</ns3:TrackPointExtension>
				</extensions>
			</trkpt>
			<trkpt lat="15.50021125" lon="-88.037862">
				<ele>120.0425</ele>
				<extensions>
					<ns3:TrackPointExtension>
					</ns3:TrackPointExtension>
				</extensions>
			</trkpt>
			<trkpt lat="15.500135" lon="-88.037846">
				<ele>119.95</ele>
				<extensions>
					<ns3:TrackPointExtension>
					</ns3:TrackPointExtension>
				</extensions>
			</trkpt>
			<trkpt lat="15.500050666666667" lon="-88.03782266666667">
				<ele>119.93</ele>
				<extensions>
					<ns3:TrackPointExtension>
					</ns3:TrackPointExtension>
				</extensions>
			</trkpt>
			<trkpt lat="15.499966333333333" lon="-88.03779933333333">
				<ele>119.91</ele>
				<extensions>
					<ns3:TrackPointExtension>
					</ns3:TrackPointExtension>
				</extensions>
			</trkpt>
			<trkpt lat="15.499882" lon="-88.037776">
				<ele>119.89</ele>
				<extensions>
					<ns3:TrackPointExtension>
					</ns3:TrackPointExtension>
				</extensions>
			</trkpt>
			<trkpt lat="15.499813" lon="-88.03775119999999">
				<ele>119.634</ele>
				<extensions>
					<ns3:TrackPointExtension>
					</ns3:TrackPointExtension>
				</extensions>
			</trkpt>
			<trkpt lat="15.499744" lon="-88.0377264">
				<ele>119.378</ele>
				<extensions>
					<ns3:TrackPointExtension>
					</ns3:TrackPointExtension>
				</extensions>
			</trkpt>
			<trkpt lat="15.499675" lon="-88.03770159999999">
				<ele>119.122</ele>
				<extensions>
					<ns3:TrackPointExtension>
					</ns3:TrackPointExtension>
				</extensions>
			</trkpt>
			<trkpt lat="15.499606" lon="-88.0376768">
				<ele>118.866</ele>
				<extensions>
					<ns3:TrackPointExtension>
					</ns3:TrackPointExtension>
				</extensions>
			</trkpt>
			<trkpt lat="15.499537" lon="-88.037652">
				<ele>118.61</ele>
				<extensions>
					<ns3:TrackPointExtension>
					</ns3:TrackPointExtension>
				</extensions>
			</trkpt>
			<trkpt lat="15.499475333333333" lon="-88.037626">
				<ele>118.29</ele>
				<extensions>
					<ns3:TrackPointExtension>
					</ns3:TrackPointExtension>
				</extensions>
			</trkpt>
			<trkpt lat="15.499413666666667" lon="-88.0376">
				<ele>117.97</ele>
				<extensions>
					<ns3:TrackPointExtension>
					</ns3:TrackPointExtension>
				</extensions>
			</trkpt>
			<trkpt lat="15.499352" lon="-88.037574">
				<ele>117.65</ele>
				<extensions>
					<ns3:TrackPointExtension>
					</ns3:TrackPointExtension>
				</extensions>
			</trkpt>
			<trkpt lat="15.49928675" lon="-88.03754175">
				<ele>117.1925</ele>
				<extensions>
					<ns3:TrackPointExtension>
					</ns3:TrackPointExtension>
				</extensions>
			</trkpt>
			<trkpt lat="15.4992215" lon="-88.0375095">
				<ele>116.735</ele>
				<extensions>
					<ns3:TrackPointExtension>
					</ns3:TrackPointExtension>
				</extensions>
			</trkpt>
			<trkpt lat="15.49915625" lon="-88.03747725000001">
				<ele>116.2775</ele>
				<extensions>
					<ns3:TrackPointExtension>
					</ns3:TrackPointExtension>
				</extensions>
			</trkpt>
			<trkpt lat="15.499091" lon="-88.037445">
				<ele>115.82</ele>
				<extensions>
					<ns3:TrackPointExtension>
					</ns3:TrackPointExtension>
				</extensions>
			</trkpt>
			<trkpt lat="15.499025249999999" lon="-88.03740675">
				<ele>115.2975</ele>
				<extensions>
					<ns3:TrackPointExtension>
					</ns3:TrackPointExtension>
				</extensions>
			</trkpt>
			<trkpt lat="15.4989595" lon="-88.0373685">
				<ele>114.775</ele>
				<extensions>
					<ns3:TrackPointExtension>
					</ns3:TrackPointExtension>
				</extensions>
			</trkpt>
			<trkpt lat="15.49889375" lon="-88.03733025">
				<ele>114.2525</ele>
				<extensions>
					<ns3:TrackPointExtension>
					</ns3:TrackPointExtension>
				</extensions>
			</trkpt>
			<trkpt lat="15.498828" lon="-88.037292">
				<ele>113.73</ele>
				<extensions>
					<ns3:TrackPointExtension>
					</ns3:TrackPointExtension>
				</extensions>
			</trkpt>
			<trkpt lat="15.49876625" lon="-88.0372505">
				<ele>113.5325</ele>
				<extensions>
					<ns3:TrackPointExtension>
					</ns3:TrackPointExtension>
				</extensions>
			</trkpt>
			<trkpt lat="15.498704499999999" lon="-88.03720899999999">
				<ele>113.335</ele>
				<extensions>
					<ns3:TrackPointExtension>
					</ns3:TrackPointExtension>
				</extensions>
			</trkpt>
			<trkpt lat="15.49864275" lon="-88.0371675">
				<ele>113.1375</ele>
				<extensions>
					<ns3:TrackPointExtension>
					</ns3:TrackPointExtension>
				</extensions>
			</trkpt>
			<trkpt lat="15.498581" lon="-88.037126">
				<ele>112.94</ele>
				<extensions>
					<ns3:TrackPointExtension>
					</ns3:TrackPointExtension>
				</extensions>
			</trkpt>
			<trkpt lat="15.498528333333333" lon="-88.03708466666667">
				<ele>112.916664</ele>
				<extensions>
					<ns3:TrackPointExtension>
					</ns3:TrackPointExtension>
				</extensions>
			</trkpt>
			<trkpt lat="15.498475666666668" lon="-88.03704333333333">
				<ele>112.89333</ele>
				<extensions>
					<ns3:TrackPointExtension>
					</ns3:TrackPointExtension>
				</extensions>
			</trkpt>
			<trkpt lat="15.498423" lon="-88.037002">
				<ele>112.87</ele>
				<extensions>
					<ns3:TrackPointExtension>
					</ns3:TrackPointExtension>
				</extensions>
			</trkpt>
			<trkpt lat="15.4983805" lon="-88.036969">
				<ele>112.85</ele>
				<extensions>
					<ns3:TrackPointExtension>
					</ns3:TrackPointExtension>
				</extensions>
			</trkpt>
			<trkpt lat="15.498338" lon="-88.036936">
				<ele>112.83</ele>
				<extensions>
					<ns3:TrackPointExtension>
					</ns3:TrackPointExtension>
				</extensions>
			</trkpt>
			<trkpt lat="15.498285" lon="-88.036888">
				<ele>112.6575</ele>
				<extensions>
					<ns3:TrackPointExtension>
					</ns3:TrackPointExtension>
				</extensions>
			</trkpt>
			<trkpt lat="15.498232" lon="-88.03684">
				<ele>112.485</ele>
				<extensions>
					<ns3:TrackPointExtension>
					</ns3:TrackPointExtension>
				</extensions>
			</trkpt>
			<trkpt lat="15.498179" lon="-88.03679199999999">
				<ele>112.3125</ele>
				<extensions>
					<ns3:TrackPointExtension>
					</ns3:TrackPointExtension>
				</extensions>
			</trkpt>
			<trkpt lat="15.498126" lon="-88.036744">
				<ele>112.14</ele>
				<extensions>
					<ns3:TrackPointExtension>
					</ns3:TrackPointExtension>
				</extensions>
			</trkpt>
			<trkpt lat="15.498065" lon="-88.03667899999999">
				<ele>111.925</ele>
				<extensions>
					<ns3:TrackPointExtension>
					</ns3:TrackPointExtension>
				</extensions>
			</trkpt>
			<trkpt lat="15.498004" lon="-88.036614">
				<ele>111.71</ele>
				<extensions>
					<ns3:TrackPointExtension>
					</ns3:TrackPointExtension>
				</extensions>
			</trkpt>
			<trkpt lat="15.497943" lon="-88.03654900000001">
				<ele>111.495</ele>
				<extensions>
					<ns3:TrackPointExtension>
					</ns3:TrackPointExtension>
				</extensions>
			</trkpt>
			<trkpt lat="15.497882" lon="-88.036484">
				<ele>111.28</ele>
				<extensions>
					<ns3:TrackPointExtension>
					</ns3:TrackPointExtension>
				</extensions>
			</trkpt>
			<trkpt lat="15.4978326" lon="-88.0364246">
				<ele>111.148</ele>
				<extensions>
					<ns3:TrackPointExtension>
					</ns3:TrackPointExtension>
				</extensions>
			</trkpt>
			<trkpt lat="15.4977832" lon="-88.0363652">
				<ele>111.016</ele>
				<extensions>
					<ns3:TrackPointExtension>
					</ns3:TrackPointExtension>
				</extensions>
			</trkpt>
			<trkpt lat="15.4977338" lon="-88.0363058">
				<ele>110.884</ele>
				<extensions>
					<ns3:TrackPointExtension>
					</ns3:TrackPointExtension>
				</extensions>
			</trkpt>
			<trkpt lat="15.4976844" lon="-88.0362464">
				<ele>110.752</ele>
				<extensions>
					<ns3:TrackPointExtension>
					</ns3:TrackPointExtension>
				</extensions>
			</trkpt>
			<trkpt lat="15.497635" lon="-88.036187">
				<ele>110.62</ele>
				<extensions>
					<ns3:TrackPointExtension>
					</ns3:TrackPointExtension>
				</extensions>
			</trkpt>
			<trkpt lat="15.497596" lon="-88.03613">
				<ele>110.36</ele>
				<extensions>
					<ns3:TrackPointExtension>
					</ns3:TrackPointExtension>
				</extensions>
			</trkpt>
			<trkpt lat="15.497557" lon="-88.036073">
				<ele>110.1</ele>
				<extensions>
					<ns3:TrackPointExtension>
					</ns3:TrackPointExtension>
				</extensions>
			</trkpt>
			<trkpt lat="15.497518" lon="-88.036016">
				<ele>109.84</ele>
				<extensions>
					<ns3:TrackPointExtension>
					</ns3:TrackPointExtension>
				</extensions>
			</trkpt>
			<trkpt lat="15.497475999999999" lon="-88.035955">
				<ele>109.565</ele>
				<extensions>
					<ns3:TrackPointExtension>
					</ns3:TrackPointExtension>
				</extensions>
			</trkpt>
			<trkpt lat="15.497434" lon="-88.035894">
				<ele>109.29</ele>
				<extensions>
					<ns3:TrackPointExtension>
					</ns3:TrackPointExtension>
				</extensions>
			</trkpt>
			<trkpt lat="15.497395000000001" lon="-88.035827">
				<ele>108.9925</ele>
				<extensions>
					<ns3:TrackPointExtension>
					</ns3:TrackPointExtension>
				</extensions>
			</trkpt>
			<trkpt lat="15.497356" lon="-88.03576">
				<ele>108.695</ele>
				<extensions>
					<ns3:TrackPointExtension>
					</ns3:TrackPointExtension>
				</extensions>
			</trkpt>
			<trkpt lat="15.497316999999999" lon="-88.035693">
				<ele>108.3975</ele>
				<extensions>
					<ns3:TrackPointExtension>
					</ns3:TrackPointExtension>
				</extensions>
			</trkpt>
			<trkpt lat="15.497278" lon="-88.035626">
				<ele>108.1</ele>
				<extensions>
					<ns3:TrackPointExtension>
					</ns3:TrackPointExtension>
				</extensions>
			</trkpt>
			<trkpt lat="15.497244666666667" lon="-88.035558">
				<ele>107.85667</ele>
				<extensions>
					<ns3:TrackPointExtension>
					</ns3:TrackPointExtension>
				</extensions>
			</trkpt>
			<trkpt lat="15.497211333333333" lon="-88.03549">
				<ele>107.613335</ele>
				<extensions>
					<ns3:TrackPointExtension>
					</ns3:TrackPointExtension>
				</extensions>
			</trkpt>
			<trkpt lat="15.497178" lon="-88.035422">
				<ele>107.38</ele>
				<extensions>
					<ns3:TrackPointExtension>
					</ns3:TrackPointExtension>
				</extensions>
			</trkpt>
			<trkpt lat="15.4971465" lon="-88.035358">
				<ele>107.14</ele>
				<extensions>
					<ns3:TrackPointExtension>
					</ns3:TrackPointExtension>
				</extensions>
			</trkpt>
			<trkpt lat="15.497115" lon="-88.035294">
				<ele>106.9</ele>
				<extensions>
					<ns3:TrackPointExtension>
					</ns3:TrackPointExtension>
				</extensions>
			</trkpt>
			<trkpt lat="15.497082500000001" lon="-88.03521175">
				<ele>106.44</ele>
				<extensions>
					<ns3:TrackPointExtension>
					</ns3:TrackPointExtension>
				</extensions>
			</trkpt>
			<trkpt lat="15.497050000000002" lon="-88.0351295">
				<ele>105.98</ele>
				<extensions>
					<ns3:TrackPointExtension>
					</ns3:TrackPointExtension>
				</extensions>
			</trkpt>
			<trkpt lat="15.4970175" lon="-88.03504724999999">
				<ele>105.52</ele>
				<extensions>
					<ns3:TrackPointExtension>
					</ns3:TrackPointExtension>
				</extensions>
			</trkpt>
			<trkpt lat="15.496985" lon="-88.034965">
				<ele>105.06</ele>
				<extensions>
					<ns3:TrackPointExtension>
					</ns3:TrackPointExtension>
				</extensions>
			</trkpt>
			<trkpt lat="15.496964" lon="-88.0349">
				<ele>104.435</ele>
				<extensions>
					<ns3:TrackPointExtension>
					</ns3:TrackPointExtension>
				</extensions>
			</trkpt>
			<trkpt lat="15.496943" lon="-88.034835">
				<ele>103.81</ele>
				<extensions>
					<ns3:TrackPointExtension>
					</ns3:TrackPointExtension>
				</extensions>
			</trkpt>
			<trkpt lat="15.496919" lon="-88.03476033333334">
				<ele>103.09333</ele>
				<extensions>
					<ns3:TrackPointExtension>
					</ns3:TrackPointExtension>
				</extensions>
			</trkpt>
			<trkpt lat="15.496895" lon="-88.03468566666666">
				<ele>102.37666</ele>
				<extensions>
					<ns3:TrackPointExtension>
					</ns3:TrackPointExtension>
				</extensions>
			</trkpt>
			<trkpt lat="15.496871" lon="-88.034611">
				<ele>101.66</ele>
				<extensions>
					<ns3:TrackPointExtension>
					</ns3:TrackPointExtension>
				</extensions>
			</trkpt>
			<trkpt lat="15.496796" lon="-88.0346365">
				<ele>102.12</ele>
				<extensions>
					<ns3:TrackPointExtension>
					</ns3:TrackPointExtension>
				</extensions>
			</trkpt>
			<trkpt lat="15.496721" lon="-88.034662">
				<ele>102.58</ele>
				<extensions>
					<ns3:TrackPointExtension>
					</ns3:TrackPointExtension>
				</extensions>
			</trkpt>
			<trkpt lat="15.496659333333334" lon="-88.03462766666667">
				<ele>102.166664</ele>
				<extensions>
					<ns3:TrackPointExtension>
					</ns3:TrackPointExtension>
				</extensions>
			</trkpt>
			<trkpt lat="15.496597666666668" lon="-88.03459333333333">
				<ele>101.753334</ele>
				<extensions>
					<ns3:TrackPointExtension>
					</ns3:TrackPointExtension>
				</extensions>
			</trkpt>
			<trkpt lat="15.496536" lon="-88.034559">
				<ele>101.34</ele>
				<extensions>
					<ns3:TrackPointExtension>
					</ns3:TrackPointExtension>
				</extensions>
			</trkpt>
			<trkpt lat="15.496491500000001" lon="-88.034542">
				<ele>101.06</ele>
				<extensions>
					<ns3:TrackPointExtension>
					</ns3:TrackPointExtension>
				</extensions>
			</trkpt>
			<trkpt lat="15.496447" lon="-88.034525">
				<ele>100.78</ele>
				<extensions>
					<ns3:TrackPointExtension>
					</ns3:TrackPointExtension>
				</extensions>
			</trkpt>
			<trkpt lat="15.496374" lon="-88.03452">
				<ele>100.28</ele>
				<extensions>
					<ns3:TrackPointExtension>
					</ns3:TrackPointExtension>
				</extensions>
			</trkpt>
			<trkpt lat="15.496318" lon="-88.034531">
				<ele>99.96</ele>
				<extensions>
					<ns3:TrackPointExtension>
					</ns3:TrackPointExtension>
				</extensions>
			</trkpt>
			<trkpt lat="15.4962615" lon="-88.0345545">
				<ele>99.725</ele>
				<extensions>
					<ns3:TrackPointExtension>
					</ns3:TrackPointExtension>
				</extensions>
			</trkpt>
			<trkpt lat="15.496205" lon="-88.034578">
				<ele>99.49</ele>
				<extensions>
					<ns3:TrackPointExtension>
					</ns3:TrackPointExtension>
				</extensions>
			</trkpt>
			<trkpt lat="15.4961615" lon="-88.0345355">
				<ele>98.98</ele>
				<extensions>
					<ns3:TrackPointExtension>
					</ns3:TrackPointExtension>
				</extensions>
			</trkpt>
			<trkpt lat="15.496118" lon="-88.034493">
				<ele>98.47</ele>
				<extensions>
					<ns3:TrackPointExtension>
					</ns3:TrackPointExtension>
				</extensions>
			</trkpt>
			<trkpt lat="15.496175" lon="-88.03444166666667">
				<ele>98.51667</ele>
				<extensions>
					<ns3:TrackPointExtension>
					</ns3:TrackPointExtension>
				</extensions>
			</trkpt>
			<trkpt lat="15.496232000000001" lon="-88.03439033333333">
				<ele>98.56333</ele>
				<extensions>
					<ns3:TrackPointExtension>
					</ns3:TrackPointExtension>
				</extensions>
			</trkpt>
			<trkpt lat="15.496289" lon="-88.034339">
				<ele>98.61</ele>
				<extensions>
					<ns3:TrackPointExtension>
					</ns3:TrackPointExtension>
				</extensions>
			</trkpt>
			<trkpt lat="15.496231" lon="-88.034269">
				<ele>98.11</ele>
				<extensions>
					<ns3:TrackPointExtension>
					</ns3:TrackPointExtension>
				</extensions>
			</trkpt>
			<trkpt lat="15.496201" lon="-88.034296">
				<ele>98.16</ele>
				<extensions>
					<ns3:TrackPointExtension>
					</ns3:TrackPointExtension>
				</extensions>
			</trkpt>
			<trkpt lat="15.4961545" lon="-88.034227">
				<ele>98.12</ele>
				<extensions>
					<ns3:TrackPointExtension>
					</ns3:TrackPointExtension>
				</extensions>
			</trkpt>
			<trkpt lat="15.496108" lon="-88.03415799999999">
				<ele>98.08</ele>
				<extensions>
					<ns3:TrackPointExtension>
					</ns3:TrackPointExtension>
				</extensions>
			</trkpt>
			<trkpt lat="15.4960615" lon="-88.034089">
				<ele>98.04</ele>
				<extensions>
					<ns3:TrackPointExtension>
					</ns3:TrackPointExtension>
				</extensions>
			</trkpt>
			<trkpt lat="15.496015" lon="-88.03402">
				<ele>98.0</ele>
				<extensions>
					<ns3:TrackPointExtension>
					</ns3:TrackPointExtension>
				</extensions>
			</trkpt>
			<trkpt lat="15.4959705" lon="-88.03394499999999">
				<ele>97.99</ele>
				<extensions>
					<ns3:TrackPointExtension>
					</ns3:TrackPointExtension>
				</extensions>
			</trkpt>
			<trkpt lat="15.495926" lon="-88.03387">
				<ele>97.98</ele>
				<extensions>
					<ns3:TrackPointExtension>
					</ns3:TrackPointExtension>
				</extensions>
			</trkpt>
			<trkpt lat="15.49585425" lon="-88.03386825">
				<ele>97.8175</ele>
				<extensions>
					<ns3:TrackPointExtension>
					</ns3:TrackPointExtension>
				</extensions>
			</trkpt>
			<trkpt lat="15.4957825" lon="-88.03386649999999">
				<ele>97.655</ele>
				<extensions>
					<ns3:TrackPointExtension>
					</ns3:TrackPointExtension>
				</extensions>
			</trkpt>
			<trkpt lat="15.49571075" lon="-88.03386474999999">
				<ele>97.4925</ele>
				<extensions>
					<ns3:TrackPointExtension>
					</ns3:TrackPointExtension>
				</extensions>
			</trkpt>
			<trkpt lat="15.495639" lon="-88.033863">
				<ele>97.33</ele>
				<extensions>
					<ns3:TrackPointExtension>
					</ns3:TrackPointExtension>
				</extensions>
			</trkpt>
			<trkpt lat="15.495574000000001" lon="-88.033858">
				<ele>97.37</ele>
				<extensions>
					<ns3:TrackPointExtension>
					</ns3:TrackPointExtension>
				</extensions>
			</trkpt>
			<trkpt lat="15.495509" lon="-88.033853">
				<ele>97.41</ele>
				<extensions>
					<ns3:TrackPointExtension>
					</ns3:TrackPointExtension>
				</extensions>
			</trkpt>
			<trkpt lat="15.49543025" lon="-88.0338465">
				<ele>97.4525</ele>
				<extensions>
					<ns3:TrackPointExtension>
					</ns3:TrackPointExtension>
				</extensions>
			</trkpt>
			<trkpt lat="15.4953515" lon="-88.03384">
				<ele>97.495</ele>
				<extensions>
					<ns3:TrackPointExtension>
					</ns3:TrackPointExtension>
				</extensions>
			</trkpt>
			<trkpt lat="15.49527275" lon="-88.0338335">
				<ele>97.5375</ele>
				<extensions>
					<ns3:TrackPointExtension>
					</ns3:TrackPointExtension>
				</extensions>
			</trkpt>
			<trkpt lat="15.495194" lon="-88.033827">
				<ele>97.58</ele>
				<extensions>
					<ns3:TrackPointExtension>
					</ns3:TrackPointExtension>
				</extensions>
			</trkpt>
			<trkpt lat="15.495116" lon="-88.033805875">
				<ele>97.4825</ele>
				<extensions>
					<ns3:TrackPointExtension>
					</ns3:TrackPointExtension>
				</extensions>
			</trkpt>
			<trkpt lat="15.495038" lon="-88.03378475">
				<ele>97.385</ele>
				<extensions>
					<ns3:TrackPointExtension>
					</ns3:TrackPointExtension>
				</extensions>
			</trkpt>
			<trkpt lat="15.494959999999999" lon="-88.033763625">
				<ele>97.2875</ele>
				<extensions>
					<ns3:TrackPointExtension>
					</ns3:TrackPointExtension>
				</extensions>
			</trkpt>
			<trkpt lat="15.494882" lon="-88.0337425">
				<ele>97.19</ele>
				<extensions>
					<ns3:TrackPointExtension>
					</ns3:TrackPointExtension>
				</extensions>
			</trkpt>
			<trkpt lat="15.494804" lon="-88.033721375">
				<ele>97.0925</ele>
				<extensions>
					<ns3:TrackPointExtension>
					</ns3:TrackPointExtension>
				</extensions>
			</trkpt>
			<trkpt lat="15.494726" lon="-88.03370025000001">
				<ele>96.995</ele>
				<extensions>
					<ns3:TrackPointExtension>
					</ns3:TrackPointExtension>
				</extensions>
			</trkpt>
			<trkpt lat="15.494648" lon="-88.033679125">
				<ele>96.8975</ele>
				<extensions>
					<ns3:TrackPointExtension>
					</ns3:TrackPointExtension>
				</extensions>
			</trkpt>
			<trkpt lat="15.49457" lon="-88.033659">
				<ele>96.8</ele>
				<extensions>
					<ns3:TrackPointExtension>
					</ns3:TrackPointExtension>
				</extensions>
			</trkpt>
			<trkpt lat="15.494499666666666" lon="-88.03364">
				<ele>96.71</ele>
				<extensions>
					<ns3:TrackPointExtension>
					</ns3:TrackPointExtension>
				</extensions>
			</trkpt>
			<trkpt lat="15.494429333333333" lon="-88.033621">
				<ele>96.62</ele>
				<extensions>
					<ns3:TrackPointExtension>
					</ns3:TrackPointExtension>
				</extensions>
			</trkpt>
			<trkpt lat="15.494359" lon="-88.033602">
				<ele>96.53</ele>
				<extensions>
					<ns3:TrackPointExtension>
					</ns3:TrackPointExtension>
				</extensions>
			</trkpt>
			<trkpt lat="15.494284857142857" lon="-88.03357071428572">
				<ele>96.48428</ele>
				<extensions>
					<ns3:TrackPointExtension>
					</ns3:TrackPointExtension>
				</extensions>
			</trkpt>
			<trkpt lat="15.494210714285714" lon="-88.03353942857143">
				<ele>96.43857</ele>
				<extensions>
					<ns3:TrackPointExtension>
					</ns3:TrackPointExtension>
				</extensions>
			</trkpt>
			<trkpt lat="15.494136571428571" lon="-88.03350814285714">
				<ele>96.39286</ele>
				<extensions>
					<ns3:TrackPointExtension>
					</ns3:TrackPointExtension>
				</extensions>
			</trkpt>
			<trkpt lat="15.494062428571429" lon="-88.03347685714286">
				<ele>96.347145</ele>
				<extensions>
					<ns3:TrackPointExtension>
					</ns3:TrackPointExtension>
				</extensions>
			</trkpt>
			<trkpt lat="15.493988285714286" lon="-88.03344557142857">
				<ele>96.30143</ele>
				<extensions>
					<ns3:TrackPointExtension>
					</ns3:TrackPointExtension>
				</extensions>
			</trkpt>
			<trkpt lat="15.493914142857143" lon="-88.03341428571429">
				<ele>96.255714</ele>
				<extensions>
					<ns3:TrackPointExtension>
					</ns3:TrackPointExtension>
				</extensions>
			</trkpt>
			<trkpt lat="15.49384" lon="-88.033383">
				<ele>96.21</ele>
				<extensions>
					<ns3:TrackPointExtension>
					</ns3:TrackPointExtension>
				</extensions>
			</trkpt>
			<trkpt lat="15.493774" lon="-88.033355">
				<ele>96.205</ele>
				<extensions>
					<ns3:TrackPointExtension>
					</ns3:TrackPointExtension>
				</extensions>
			</trkpt>
			<trkpt lat="15.493708" lon="-88.033327">
				<ele>96.2</ele>
				<extensions>
					<ns3:TrackPointExtension>
					</ns3:TrackPointExtension>
				</extensions>
			</trkpt>
			<trkpt lat="15.493635333333334" lon="-88.03329166666667">
				<ele>96.153336</ele>
				<extensions>
					<ns3:TrackPointExtension>
					</ns3:TrackPointExtension>
				</extensions>
			</trkpt>
			<trkpt lat="15.493562666666666" lon="-88.03325633333333">
				<ele>96.10667</ele>
				<extensions>
					<ns3:TrackPointExtension>
					</ns3:TrackPointExtension>
				</extensions>
			</trkpt>
			<trkpt lat="15.49349" lon="-88.033221">
				<ele>96.06</ele>
				<extensions>
					<ns3:TrackPointExtension>
					</ns3:TrackPointExtension>
				</extensions>
			</trkpt>
			<trkpt lat="15.493419857142857" lon="-88.03318014285713">
				<ele>95.72</ele>
				<extensions>
					<ns3:TrackPointExtension>
					</ns3:TrackPointExtension>
				</extensions>
			</trkpt>
			<trkpt lat="15.493349714285714" lon="-88.03313928571428">
				<ele>95.38</ele>
				<extensions>
					<ns3:TrackPointExtension>
					</ns3:TrackPointExtension>
				</extensions>
			</trkpt>
			<trkpt lat="15.493279571428571" lon="-88.03309842857142">
				<ele>95.04</ele>
				<extensions>
					<ns3:TrackPointExtension>
					</ns3:TrackPointExtension>
				</extensions>
			</trkpt>
			<trkpt lat="15.493209428571427" lon="-88.03305757142857">
				<ele>94.7</ele>
				<extensions>
					<ns3:TrackPointExtension>
					</ns3:TrackPointExtension>
				</extensions>
			</trkpt>
			<trkpt lat="15.493139285714285" lon="-88.03301671428571">
				<ele>94.36</ele>
				<extensions>
					<ns3:TrackPointExtension>
					</ns3:TrackPointExtension>
				</extensions>
			</trkpt>
			<trkpt lat="15.493069142857141" lon="-88.03297585714286">
				<ele>94.02</ele>
				<extensions>
					<ns3:TrackPointExtension>
					</ns3:TrackPointExtension>
				</extensions>
			</trkpt>
			<trkpt lat="15.492999" lon="-88.032935">
				<ele>93.68</ele>
				<extensions>
					<ns3:TrackPointExtension>
					</ns3:TrackPointExtension>
				</extensions>
			</trkpt>
			<trkpt lat="15.49294" lon="-88.0328935">
				<ele>93.6</ele>
				<extensions>
					<ns3:TrackPointExtension>
					</ns3:TrackPointExtension>
				</extensions>
			</trkpt>
			<trkpt lat="15.492881" lon="-88.032852">
				<ele>93.52</ele>
				<extensions>
					<ns3:TrackPointExtension>
					</ns3:TrackPointExtension>
				</extensions>
			</trkpt>
			<trkpt lat="15.492807500000001" lon="-88.032801">
				<ele>93.42</ele>
				<extensions>
					<ns3:TrackPointExtension>
					</ns3:TrackPointExtension>
				</extensions>
			</trkpt>
			<trkpt lat="15.492734" lon="-88.03275">
				<ele>93.32</ele>
				<extensions>
					<ns3:TrackPointExtension>
					</ns3:TrackPointExtension>
				</extensions>
			</trkpt>
			<trkpt lat="15.492666" lon="-88.03268977777778">
				<ele>92.97</ele>
				<extensions>
					<ns3:TrackPointExtension>
					</ns3:TrackPointExtension>
				</extensions>
			</trkpt>
			<trkpt lat="15.492598000000001" lon="-88.03262955555554">
				<ele>92.62</ele>
				<extensions>
					<ns3:TrackPointExtension>
					</ns3:TrackPointExtension>
				</extensions>
			</trkpt>
			<trkpt lat="15.49253" lon="-88.03256933333333">
				<ele>92.27</ele>
				<extensions>
					<ns3:TrackPointExtension>
					</ns3:TrackPointExtension>
				</extensions>
			</trkpt>
			<trkpt lat="15.492462" lon="-88.03250911111111">
				<ele>91.92</ele>
				<extensions>
					<ns3:TrackPointExtension>
					</ns3:TrackPointExtension>
				</extensions>
			</trkpt>
			<trkpt lat="15.492394" lon="-88.03244888888888">
				<ele>91.57</ele>
				<extensions>
					<ns3:TrackPointExtension>
					</ns3:TrackPointExtension>
				</extensions>
			</trkpt>
			<trkpt lat="15.492326" lon="-88.03238866666666">
				<ele>91.22</ele>
				<extensions>
					<ns3:TrackPointExtension>
					</ns3:TrackPointExtension>
				</extensions>
			</trkpt>
			<trkpt lat="15.492258" lon="-88.03232844444445">
				<ele>90.87</ele>
				<extensions>
					<ns3:TrackPointExtension>
					</ns3:TrackPointExtension>
				</extensions>
			</trkpt>
			<trkpt lat="15.49219" lon="-88.03226822222221">
				<ele>90.52</ele>
				<extensions>
					<ns3:TrackPointExtension>
					</ns3:TrackPointExtension>
				</extensions>
			</trkpt>
			<trkpt lat="15.492122" lon="-88.032208">
				<ele>90.17</ele>
				<extensions>
					<ns3:TrackPointExtension>
					</ns3:TrackPointExtension>
				</extensions>
			</trkpt>
			<trkpt lat="15.492071333333334" lon="-88.03214349999999">
				<ele>89.94</ele>
				<extensions>
					<ns3:TrackPointExtension>
					</ns3:TrackPointExtension>
				</extensions>
			</trkpt>
			<trkpt lat="15.492020666666667" lon="-88.032079">
				<ele>89.71</ele>
				<extensions>
					<ns3:TrackPointExtension>
					</ns3:TrackPointExtension>
				</extensions>
			</trkpt>
			<trkpt lat="15.49197" lon="-88.0320145">
				<ele>89.48</ele>
				<extensions>
					<ns3:TrackPointExtension>
					</ns3:TrackPointExtension>
				</extensions>
			</trkpt>
			<trkpt lat="15.491919333333334" lon="-88.03195">
				<ele>89.25</ele>
				<extensions>
					<ns3:TrackPointExtension>
					</ns3:TrackPointExtension>
				</extensions>
			</trkpt>
			<trkpt lat="15.491868666666667" lon="-88.03188549999999">
				<ele>89.02</ele>
				<extensions>
					<ns3:TrackPointExtension>
					</ns3:TrackPointExtension>
				</extensions>
			</trkpt>
			<trkpt lat="15.491818" lon="-88.031821">
				<ele>88.79</ele>
				<extensions>
					<ns3:TrackPointExtension>
					</ns3:TrackPointExtension>
				</extensions>
			</trkpt>
			<trkpt lat="15.49176842857143" lon="-88.03175142857143">
				<ele>88.54714</ele>
				<extensions>
					<ns3:TrackPointExtension>
					</ns3:TrackPointExtension>
				</extensions>
			</trkpt>
			<trkpt lat="15.491718857142857" lon="-88.03168185714286">
				<ele>88.30428</ele>
				<extensions>
					<ns3:TrackPointExtension>
					</ns3:TrackPointExtension>
				</extensions>
			</trkpt>
			<trkpt lat="15.491669285714286" lon="-88.03161228571429">
				<ele>88.06143</ele>
				<extensions>
					<ns3:TrackPointExtension>
					</ns3:TrackPointExtension>
				</extensions>
			</trkpt>
			<trkpt lat="15.491619714285715" lon="-88.0315427142857">
				<ele>87.81857</ele>
				<extensions>
					<ns3:TrackPointExtension>
					</ns3:TrackPointExtension>
				</extensions>
			</trkpt>
			<trkpt lat="15.491570142857144" lon="-88.03147314285714">
				<ele>87.575714</ele>
				<extensions>
					<ns3:TrackPointExtension>
					</ns3:TrackPointExtension>
				</extensions>
			</trkpt>
			<trkpt lat="15.491520571428572" lon="-88.03140357142857">
				<ele>87.332855</ele>
				<extensions>
					<ns3:TrackPointExtension>
					</ns3:TrackPointExtension>
				</extensions>
			</trkpt>
			<trkpt lat="15.491471" lon="-88.031334">
				<ele>87.09</ele>
				<extensions>
					<ns3:TrackPointExtension>
					</ns3:TrackPointExtension>
				</extensions>
			</trkpt>
			<trkpt lat="15.491422" lon="-88.03125866666667">
				<ele>86.9</ele>
				<extensions>
					<ns3:TrackPointExtension>
					</ns3:TrackPointExtension>
				</extensions>
			</trkpt>
			<trkpt lat="15.491373000000001" lon="-88.03118333333333">
				<ele>86.71</ele>
				<extensions>
					<ns3:TrackPointExtension>
					</ns3:TrackPointExtension>
				</extensions>
			</trkpt>
			<trkpt lat="15.491324" lon="-88.031108">
				<ele>86.52</ele>
				<extensions>
					<ns3:TrackPointExtension>
					</ns3:TrackPointExtension>
				</extensions>
			</trkpt>
			<trkpt lat="15.491296" lon="-88.0310515">
				<ele>86.29</ele>
				<extensions>
					<ns3:TrackPointExtension>
					</ns3:TrackPointExtension>
				</extensions>
			</trkpt>
			<trkpt lat="15.491268" lon="-88.030995">
				<ele>86.06</ele>
				<extensions>
					<ns3:TrackPointExtension>
					</ns3:TrackPointExtension>
				</extensions>
			</trkpt>
			<trkpt lat="15.491228833333333" lon="-88.03091483333334">
				<ele>85.738335</ele>
				<extensions>
					<ns3:TrackPointExtension>
					</ns3:TrackPointExtension>
				</extensions>
			</trkpt>
			<trkpt lat="15.491189666666667" lon="-88.03083466666666">
				<ele>85.416664</ele>
				<extensions>
					<ns3:TrackPointExtension>
					</ns3:TrackPointExtension>
				</extensions>
			</trkpt>
			<trkpt lat="15.4911505" lon="-88.0307545">
				<ele>85.095</ele>
				<extensions>
					<ns3:TrackPointExtension>
					</ns3:TrackPointExtension>
				</extensions>
			</trkpt>
			<trkpt lat="15.491111333333333" lon="-88.03067433333334">
				<ele>84.77333</ele>
				<extensions>
					<ns3:TrackPointExtension>
					</ns3:TrackPointExtension>
				</extensions>
			</trkpt>
			<trkpt lat="15.491072166666667" lon="-88.03059416666666">
				<ele>84.45167</ele>
				<extensions>
					<ns3:TrackPointExtension>
					</ns3:TrackPointExtension>
				</extensions>
			</trkpt>
			<trkpt lat="15.491033" lon="-88.030514">
				<ele>84.13</ele>
				<extensions>
					<ns3:TrackPointExtension>
					</ns3:TrackPointExtension>
				</extensions>
			</trkpt>
			<trkpt lat="15.491007333333332" lon="-88.03044083333333">
				<ele>83.85333</ele>
				<extensions>
					<ns3:TrackPointExtension>
					</ns3:TrackPointExtension>
				</extensions>
			</trkpt>
			<trkpt lat="15.490981666666666" lon="-88.03036766666666">
				<ele>83.57667</ele>
				<extensions>
					<ns3:TrackPointExtension>
					</ns3:TrackPointExtension>
				</extensions>
			</trkpt>
			<trkpt lat="15.490956" lon="-88.0302945">
				<ele>83.3</ele>
				<extensions>
					<ns3:TrackPointExtension>
					</ns3:TrackPointExtension>
				</extensions>
			</trkpt>
			<trkpt lat="15.490930333333333" lon="-88.03022133333333">
				<ele>83.02333</ele>
				<extensions>
					<ns3:TrackPointExtension>
					</ns3:TrackPointExtension>
				</extensions>
			</trkpt>
			<trkpt lat="15.490904666666665" lon="-88.03014816666666">
				<ele>82.746666</ele>
				<extensions>
					<ns3:TrackPointExtension>
					</ns3:TrackPointExtension>
				</extensions>
			</trkpt>
			<trkpt lat="15.490879" lon="-88.030075">
				<ele>82.47</ele>
				<extensions>
					<ns3:TrackPointExtension>
					</ns3:TrackPointExtension>
				</extensions>
			</trkpt>
			<trkpt lat="15.4908565" lon="-88.0300115">
				<ele>82.235</ele>
				<extensions>
					<ns3:TrackPointExtension>
					</ns3:TrackPointExtension>
				</extensions>
			</trkpt>
			<trkpt lat="15.490834" lon="-88.029948">
				<ele>82.0</ele>
				<extensions>
					<ns3:TrackPointExtension>
					</ns3:TrackPointExtension>
				</extensions>
			</trkpt>
			<trkpt lat="15.4908178" lon="-88.02987300000001">
				<ele>81.73</ele>
				<extensions>
					<ns3:TrackPointExtension>
					</ns3:TrackPointExtension>
				</extensions>
			</trkpt>
			<trkpt lat="15.4908016" lon="-88.029798">
				<ele>81.46</ele>
				<extensions>
					<ns3:TrackPointExtension>
					</ns3:TrackPointExtension>
				</extensions>
			</trkpt>
			<trkpt lat="15.4907854" lon="-88.029723">
				<ele>81.19</ele>
				<extensions>
					<ns3:TrackPointExtension>
					</ns3:TrackPointExtension>
				</extensions>
			</trkpt>
			<trkpt lat="15.490769199999999" lon="-88.029648">
				<ele>80.92</ele>
				<extensions>
					<ns3:TrackPointExtension>
					</ns3:TrackPointExtension>
				</extensions>
			</trkpt>
			<trkpt lat="15.490753" lon="-88.029573">
				<ele>80.65</ele>
				<extensions>
					<ns3:TrackPointExtension>
					</ns3:TrackPointExtension>
				</extensions>
			</trkpt>
			<trkpt lat="15.4907392" lon="-88.02949219999999">
				<ele>80.43</ele>
				<extensions>
					<ns3:TrackPointExtension>
					</ns3:TrackPointExtension>
				</extensions>
			</trkpt>
			<trkpt lat="15.4907254" lon="-88.0294114">
				<ele>80.21</ele>
				<extensions>
					<ns3:TrackPointExtension>
					</ns3:TrackPointExtension>
				</extensions>
			</trkpt>
			<trkpt lat="15.4907116" lon="-88.0293306">
				<ele>79.99</ele>
				<extensions>
					<ns3:TrackPointExtension>
					</ns3:TrackPointExtension>
				</extensions>
			</trkpt>
			<trkpt lat="15.4906978" lon="-88.0292498">
				<ele>79.77</ele>
				<extensions>
					<ns3:TrackPointExtension>
					</ns3:TrackPointExtension>
				</extensions>
			</trkpt>
			<trkpt lat="15.490684" lon="-88.029169">
				<ele>79.55</ele>
				<extensions>
					<ns3:TrackPointExtension>
					</ns3:TrackPointExtension>
				</extensions>
			</trkpt>
			<trkpt lat="15.490675" lon="-88.02908433333333">
				<ele>79.36667</ele>
				<extensions>
					<ns3:TrackPointExtension>
					</ns3:TrackPointExtension>
				</extensions>
			</trkpt>
			<trkpt lat="15.490666000000001" lon="-88.02899966666666">
				<ele>79.183334</ele>
				<extensions>
					<ns3:TrackPointExtension>
					</ns3:TrackPointExtension>
				</extensions>
			</trkpt>
			<trkpt lat="15.490657" lon="-88.028915">
				<ele>79.0</ele>
				<extensions>
					<ns3:TrackPointExtension>
					</ns3:TrackPointExtension>
				</extensions>
			</trkpt>
			<trkpt lat="15.490596" lon="-88.028857">
				<ele>79.0</ele>
				<extensions>
					<ns3:TrackPointExtension>
					</ns3:TrackPointExtension>
				</extensions>
			</trkpt>
			<trkpt lat="15.490582" lon="-88.028824">
				<ele>79.04</ele>
				<extensions>
					<ns3:TrackPointExtension>
					</ns3:TrackPointExtension>
				</extensions>
			</trkpt>
			<trkpt lat="15.4905776" lon="-88.028739">
				<ele>79.212</ele>
				<extensions>
					<ns3:TrackPointExtension>
					</ns3:TrackPointExtension>
				</extensions>
			</trkpt>
			<trkpt lat="15.4905732" lon="-88.028654">
				<ele>79.384</ele>
				<extensions>
					<ns3:TrackPointExtension>
					</ns3:TrackPointExtension>
				</extensions>
			</trkpt>
			<trkpt lat="15.4905688" lon="-88.02856899999999">
				<ele>79.556</ele>
				<extensions>
					<ns3:TrackPointExtension>
					</ns3:TrackPointExtension>
				</extensions>
			</trkpt>
			<trkpt lat="15.4905644" lon="-88.02848399999999">
				<ele>79.728</ele>
				<extensions>
					<ns3:TrackPointExtension>
					</ns3:TrackPointExtension>
				</extensions>
			</trkpt>
			<trkpt lat="15.49056" lon="-88.028399">
				<ele>79.9</ele>
				<extensions>
					<ns3:TrackPointExtension>
					</ns3:TrackPointExtension>
				</extensions>
			</trkpt>
			<trkpt lat="15.490573" lon="-88.028338">
				<ele>79.84</ele>
				<extensions>
					<ns3:TrackPointExtension>
					</ns3:TrackPointExtension>
				</extensions>
			</trkpt>
			<trkpt lat="15.4905995" lon="-88.0282995">
				<ele>79.54</ele>
				<extensions>
					<ns3:TrackPointExtension>
					</ns3:TrackPointExtension>
				</extensions>
			</trkpt>
			<trkpt lat="15.490626" lon="-88.028261">
				<ele>79.24</ele>
				<extensions>
					<ns3:TrackPointExtension>
					</ns3:TrackPointExtension>
				</extensions>
			</trkpt>
			<trkpt lat="15.490628833333334" lon="-88.02818183333333">
				<ele>78.88</ele>
				<extensions>
					<ns3:TrackPointExtension>
					</ns3:TrackPointExtension>
				</extensions>
			</trkpt>
			<trkpt lat="15.490631666666667" lon="-88.02810266666667">
				<ele>78.52</ele>
				<extensions>
					<ns3:TrackPointExtension>
					</ns3:TrackPointExtension>
				</extensions>
			</trkpt>
			<trkpt lat="15.4906345" lon="-88.0280235">
				<ele>78.16</ele>
				<extensions>
					<ns3:TrackPointExtension>
					</ns3:TrackPointExtension>
				</extensions>
			</trkpt>
			<trkpt lat="15.490637333333334" lon="-88.02794433333334">
				<ele>77.8</ele>
				<extensions>
					<ns3:TrackPointExtension>
					</ns3:TrackPointExtension>
				</extensions>
			</trkpt>
			<trkpt lat="15.490640166666667" lon="-88.02786516666667">
				<ele>77.44</ele>
				<extensions>
					<ns3:TrackPointExtension>
					</ns3:TrackPointExtension>
				</extensions>
			</trkpt>
			<trkpt lat="15.490643" lon="-88.027786">
				<ele>77.08</ele>
				<extensions>
					<ns3:TrackPointExtension>
					</ns3:TrackPointExtension>
				</extensions>
			</trkpt>
			<trkpt lat="15.490650500000001" lon="-88.0277265">
				<ele>76.81</ele>
				<extensions>
					<ns3:TrackPointExtension>
					</ns3:TrackPointExtension>
				</extensions>
			</trkpt>
			<trkpt lat="15.490658" lon="-88.027667">
				<ele>76.54</ele>
				<extensions>
					<ns3:TrackPointExtension>
					</ns3:TrackPointExtension>
				</extensions>
			</trkpt>
			<trkpt lat="15.490670090909092" lon="-88.02757509090908">
				<ele>76.11909</ele>
				<extensions>
					<ns3:TrackPointExtension>
					</ns3:TrackPointExtension>
				</extensions>
			</trkpt>
			<trkpt lat="15.490682181818181" lon="-88.02748318181818">
				<ele>75.69818</ele>
				<extensions>
					<ns3:TrackPointExtension>
					</ns3:TrackPointExtension>
				</extensions>
			</trkpt>
			<trkpt lat="15.490694272727273" lon="-88.02739127272727">
				<ele>75.277275</ele>
				<extensions>
					<ns3:TrackPointExtension>
					</ns3:TrackPointExtension>
				</extensions>
			</trkpt>
			<trkpt lat="15.490706363636363" lon="-88.02729936363636">
				<ele>74.85636</ele>
				<extensions>
					<ns3:TrackPointExtension>
					</ns3:TrackPointExtension>
				</extensions>
			</trkpt>
			<trkpt lat="15.490718454545455" lon="-88.02720745454545">
				<ele>74.435455</ele>
				<extensions>
					<ns3:TrackPointExtension>
					</ns3:TrackPointExtension>
				</extensions>
			</trkpt>
			<trkpt lat="15.490730545454545" lon="-88.02711554545455">
				<ele>74.01455</ele>
				<extensions>
					<ns3:TrackPointExtension>
					</ns3:TrackPointExtension>
				</extensions>
			</trkpt>
			<trkpt lat="15.490742636363636" lon="-88.02702363636364">
				<ele>73.593636</ele>
				<extensions>
					<ns3:TrackPointExtension>
					</ns3:TrackPointExtension>
				</extensions>
			</trkpt>
			<trkpt lat="15.490754727272726" lon="-88.02693172727272">
				<ele>73.17273</ele>
				<extensions>
					<ns3:TrackPointExtension>
					</ns3:TrackPointExtension>
				</extensions>
			</trkpt>
			<trkpt lat="15.490766818181818" lon="-88.02683981818181">
				<ele>72.751816</ele>
				<extensions>
					<ns3:TrackPointExtension>
					</ns3:TrackPointExtension>
				</extensions>
			</trkpt>
			<trkpt lat="15.490778909090908" lon="-88.02674790909091">
				<ele>72.33091</ele>
				<extensions>
					<ns3:TrackPointExtension>
					</ns3:TrackPointExtension>
				</extensions>
			</trkpt>
			<trkpt lat="15.490791" lon="-88.026656">
				<ele>71.91</ele>
				<extensions>
					<ns3:TrackPointExtension>
					</ns3:TrackPointExtension>
				</extensions>
			</trkpt>
			<trkpt lat="15.4907945" lon="-88.026596">
				<ele>71.61</ele>
				<extensions>
					<ns3:TrackPointExtension>
					</ns3:TrackPointExtension>
				</extensions>
			</trkpt>
			<trkpt lat="15.490798" lon="-88.026536">
				<ele>71.31</ele>
				<extensions>
					<ns3:TrackPointExtension>
					</ns3:TrackPointExtension>
				</extensions>
			</trkpt>
			<trkpt lat="15.490801999999999" lon="-88.02647049999999">
				<ele>71.165</ele>
				<extensions>
					<ns3:TrackPointExtension>
					</ns3:TrackPointExtension>
				</extensions>
			</trkpt>
			<trkpt lat="15.490806" lon="-88.026405">
				<ele>71.02</ele>
				<extensions>
					<ns3:TrackPointExtension>
					</ns3:TrackPointExtension>
				</extensions>
			</trkpt>
			<trkpt lat="15.490796999999999" lon="-88.02632633333333">
				<ele>71.29</ele>
				<extensions>
					<ns3:TrackPointExtension>
					</ns3:TrackPointExtension>
				</extensions>
			</trkpt>
			<trkpt lat="15.490788" lon="-88.02624766666666">
				<ele>71.56</ele>
				<extensions>
					<ns3:TrackPointExtension>
					</ns3:TrackPointExtension>
				</extensions>
			</trkpt>
			<trkpt lat="15.490779" lon="-88.026169">
				<ele>71.83</ele>
				<extensions>
					<ns3:TrackPointExtension>
					</ns3:TrackPointExtension>
				</extensions>
			</trkpt>
			<trkpt lat="15.490784" lon="-88.026194">
				<ele>71.83</ele>
				<extensions>
					<ns3:TrackPointExtension>
					</ns3:TrackPointExtension>
				</extensions>
			</trkpt>
			<trkpt lat="15.490865" lon="-88.026182">
				<ele>71.505</ele>
				<extensions>
					<ns3:TrackPointExtension>
					</ns3:TrackPointExtension>
				</extensions>
			</trkpt>
			<trkpt lat="15.490946" lon="-88.02617">
				<ele>71.18</ele>
				<extensions>
					<ns3:TrackPointExtension>
					</ns3:TrackPointExtension>
				</extensions>
			</trkpt>
			<trkpt lat="15.490945" lon="-88.026163">
				<ele>71.17</ele>
				<extensions>
					<ns3:TrackPointExtension>
					</ns3:TrackPointExtension>
				</extensions>
			</trkpt>
			<trkpt lat="15.4909505" lon="-88.02623375">
				<ele>71.285</ele>
				<extensions>
					<ns3:TrackPointExtension>
					</ns3:TrackPointExtension>
				</extensions>
			</trkpt>
			<trkpt lat="15.490956" lon="-88.02630450000001">
				<ele>71.4</ele>
				<extensions>
					<ns3:TrackPointExtension>
					</ns3:TrackPointExtension>
				</extensions>
			</trkpt>
			<trkpt lat="15.4909615" lon="-88.02637525">
				<ele>71.515</ele>
				<extensions>
					<ns3:TrackPointExtension>
					</ns3:TrackPointExtension>
				</extensions>
			</trkpt>
			<trkpt lat="15.490967" lon="-88.026446">
				<ele>71.63</ele>
				<extensions>
					<ns3:TrackPointExtension>
					</ns3:TrackPointExtension>
				</extensions>
			</trkpt>
			<trkpt lat="15.490965" lon="-88.02653266666667">
				<ele>71.88333</ele>
				<extensions>
					<ns3:TrackPointExtension>
					</ns3:TrackPointExtension>
				</extensions>
			</trkpt>
			<trkpt lat="15.490963" lon="-88.02661933333334">
				<ele>72.136665</ele>
				<extensions>
					<ns3:TrackPointExtension>
					</ns3:TrackPointExtension>
				</extensions>
			</trkpt>
			<trkpt lat="15.490961" lon="-88.026706">
				<ele>72.39</ele>
				<extensions>
					<ns3:TrackPointExtension>
					</ns3:TrackPointExtension>
				</extensions>
			</trkpt>
			<trkpt lat="15.490953000000001" lon="-88.02677800000001">
				<ele>72.736664</ele>
				<extensions>
					<ns3:TrackPointExtension>
					</ns3:TrackPointExtension>
				</extensions>
			</trkpt>
			<trkpt lat="15.490945" lon="-88.02685">
				<ele>73.083336</ele>
				<extensions>
					<ns3:TrackPointExtension>
					</ns3:TrackPointExtension>
				</extensions>
			</trkpt>
			<trkpt lat="15.490937" lon="-88.026922">
				<ele>73.43</ele>
				<extensions>
					<ns3:TrackPointExtension>
					</ns3:TrackPointExtension>
				</extensions>
			</trkpt>
			<trkpt lat="15.490930333333333" lon="-88.02698433333333">
				<ele>73.73</ele>
				<extensions>
					<ns3:TrackPointExtension>
					</ns3:TrackPointExtension>
				</extensions>
			</trkpt>
			<trkpt lat="15.490923666666667" lon="-88.02704666666666">
				<ele>74.03</ele>
				<extensions>
					<ns3:TrackPointExtension>
					</ns3:TrackPointExtension>
				</extensions>
			</trkpt>
			<trkpt lat="15.490917" lon="-88.027109">
				<ele>74.33</ele>
				<extensions>
					<ns3:TrackPointExtension>
					</ns3:TrackPointExtension>
				</extensions>
			</trkpt>
			<trkpt lat="15.4909035" lon="-88.02719883333333">
				<ele>74.57166</ele>
				<extensions>
					<ns3:TrackPointExtension>
					</ns3:TrackPointExtension>
				</extensions>
			</trkpt>
			<trkpt lat="15.49089" lon="-88.02728866666666">
				<ele>74.81333</ele>
				<extensions>
					<ns3:TrackPointExtension>
					</ns3:TrackPointExtension>
				</extensions>
			</trkpt>
			<trkpt lat="15.490876499999999" lon="-88.0273785">
				<ele>75.055</ele>
				<extensions>
					<ns3:TrackPointExtension>
					</ns3:TrackPointExtension>
				</extensions>
			</trkpt>
			<trkpt lat="15.490863" lon="-88.02746833333333">
				<ele>75.29667</ele>
				<extensions>
					<ns3:TrackPointExtension>
					</ns3:TrackPointExtension>
				</extensions>
			</trkpt>
			<trkpt lat="15.4908495" lon="-88.02755816666667">
				<ele>75.53833</ele>
				<extensions>
					<ns3:TrackPointExtension>
					</ns3:TrackPointExtension>
				</extensions>
			</trkpt>
			<trkpt lat="15.490836" lon="-88.027648">
				<ele>75.78</ele>
				<extensions>
					<ns3:TrackPointExtension>
					</ns3:TrackPointExtension>
				</extensions>
			</trkpt>
			<trkpt lat="15.490826" lon="-88.0277155">
				<ele>75.965</ele>
				<extensions>
					<ns3:TrackPointExtension>
					</ns3:TrackPointExtension>
				</extensions>
			</trkpt>
			<trkpt lat="15.490816" lon="-88.027783">
				<ele>76.15</ele>
				<extensions>
					<ns3:TrackPointExtension>
					</ns3:TrackPointExtension>
				</extensions>
			</trkpt>
			<trkpt lat="15.490813000000001" lon="-88.0278706">
				<ele>76.532</ele>
				<extensions>
					<ns3:TrackPointExtension>
					</ns3:TrackPointExtension>
				</extensions>
			</trkpt>
			<trkpt lat="15.49081" lon="-88.0279582">
				<ele>76.914</ele>
				<extensions>
					<ns3:TrackPointExtension>
					</ns3:TrackPointExtension>
				</extensions>
			</trkpt>
			<trkpt lat="15.490807" lon="-88.0280458">
				<ele>77.296</ele>
				<extensions>
					<ns3:TrackPointExtension>
					</ns3:TrackPointExtension>
				</extensions>
			</trkpt>
			<trkpt lat="15.490803999999999" lon="-88.0281334">
				<ele>77.678</ele>
				<extensions>
					<ns3:TrackPointExtension>
					</ns3:TrackPointExtension>
				</extensions>
			</trkpt>
			<trkpt lat="15.490801" lon="-88.028221">
				<ele>78.06</ele>
				<extensions>
					<ns3:TrackPointExtension>
					</ns3:TrackPointExtension>
				</extensions>
			</trkpt>
			<trkpt lat="15.490802666666667" lon="-88.02830133333333">
				<ele>78.21667</ele>
				<extensions>
					<ns3:TrackPointExtension>
					</ns3:TrackPointExtension>
				</extensions>
			</trkpt>
			<trkpt lat="15.490804333333333" lon="-88.02838166666666">
				<ele>78.37334</ele>
				<extensions>
					<ns3:TrackPointExtension>
					</ns3:TrackPointExtension>
				</extensions>
			</trkpt>
			<trkpt lat="15.490806" lon="-88.02846199999999">
				<ele>78.53</ele>
				<extensions>
					<ns3:TrackPointExtension>
					</ns3:TrackPointExtension>
				</extensions>
			</trkpt>
			<trkpt lat="15.490807666666667" lon="-88.02854233333333">
				<ele>78.68667</ele>
				<extensions>
					<ns3:TrackPointExtension>
					</ns3:TrackPointExtension>
				</extensions>
			</trkpt>
			<trkpt lat="15.490809333333335" lon="-88.02862266666666">
				<ele>78.84333</ele>
				<extensions>
					<ns3:TrackPointExtension>
					</ns3:TrackPointExtension>
				</extensions>
			</trkpt>
			<trkpt lat="15.490811" lon="-88.028703">
				<ele>79.0</ele>
				<extensions>
					<ns3:TrackPointExtension>
					</ns3:TrackPointExtension>
				</extensions>
			</trkpt>
			<trkpt lat="15.490820666666668" lon="-88.02878199999999">
				<ele>79.18667</ele>
				<extensions>
					<ns3:TrackPointExtension>
					</ns3:TrackPointExtension>
				</extensions>
			</trkpt>
			<trkpt lat="15.490830333333333" lon="-88.028861">
				<ele>79.37334</ele>
				<extensions>
					<ns3:TrackPointExtension>
					</ns3:TrackPointExtension>
				</extensions>
			</trkpt>
			<trkpt lat="15.49084" lon="-88.02894">
				<ele>79.56</ele>
				<extensions>
					<ns3:TrackPointExtension>
					</ns3:TrackPointExtension>
				</extensions>
			</trkpt>
			<trkpt lat="15.490847666666667" lon="-88.029002">
				<ele>79.70333</ele>
				<extensions>
					<ns3:TrackPointExtension>
					</ns3:TrackPointExtension>
				</extensions>
			</trkpt>
			<trkpt lat="15.490855333333332" lon="-88.029064">
				<ele>79.846664</ele>
				<extensions>
					<ns3:TrackPointExtension>
					</ns3:TrackPointExtension>
				</extensions>
			</trkpt>
			<trkpt lat="15.490863" lon="-88.029126">
				<ele>79.99</ele>
				<extensions>
					<ns3:TrackPointExtension>
					</ns3:TrackPointExtension>
				</extensions>
			</trkpt>
			<trkpt lat="15.490879399999999" lon="-88.0292112">
				<ele>80.192</ele>
				<extensions>
					<ns3:TrackPointExtension>
					</ns3:TrackPointExtension>
				</extensions>
			</trkpt>
			<trkpt lat="15.490895799999999" lon="-88.0292964">
				<ele>80.394</ele>
				<extensions>
					<ns3:TrackPointExtension>
					</ns3:TrackPointExtension>
				</extensions>
			</trkpt>
			<trkpt lat="15.4909122" lon="-88.0293816">
				<ele>80.596</ele>
				<extensions>
					<ns3:TrackPointExtension>
					</ns3:TrackPointExtension>
				</extensions>
			</trkpt>
			<trkpt lat="15.4909286" lon="-88.0294668">
				<ele>80.798</ele>
				<extensions>
					<ns3:TrackPointExtension>
					</ns3:TrackPointExtension>
				</extensions>
			</trkpt>
			<trkpt lat="15.490945" lon="-88.029552">
				<ele>81.0</ele>
				<extensions>
					<ns3:TrackPointExtension>
					</ns3:TrackPointExtension>
				</extensions>
			</trkpt>
			<trkpt lat="15.4909662" lon="-88.02962959999999">
				<ele>81.236</ele>
				<extensions>
					<ns3:TrackPointExtension>
					</ns3:TrackPointExtension>
				</extensions>
			</trkpt>
			<trkpt lat="15.4909874" lon="-88.02970719999999">
				<ele>81.472</ele>
				<extensions>
					<ns3:TrackPointExtension>
					</ns3:TrackPointExtension>
				</extensions>
			</trkpt>
			<trkpt lat="15.4910086" lon="-88.0297848">
				<ele>81.708</ele>
				<extensions>
					<ns3:TrackPointExtension>
					</ns3:TrackPointExtension>
				</extensions>
			</trkpt>
			<trkpt lat="15.4910298" lon="-88.0298624">
				<ele>81.944</ele>
				<extensions>
					<ns3:TrackPointExtension>
					</ns3:TrackPointExtension>
				</extensions>
			</trkpt>
			<trkpt lat="15.491051" lon="-88.02994">
				<ele>82.18</ele>
				<extensions>
					<ns3:TrackPointExtension>
					</ns3:TrackPointExtension>
				</extensions>
			</trkpt>
			<trkpt lat="15.491080666666667" lon="-88.03002216666667">
				<ele>82.316666</ele>
				<extensions>
					<ns3:TrackPointExtension>
					</ns3:TrackPointExtension>
				</extensions>
			</trkpt>
			<trkpt lat="15.491110333333333" lon="-88.03010433333333">
				<ele>82.45333</ele>
				<extensions>
					<ns3:TrackPointExtension>
					</ns3:TrackPointExtension>
				</extensions>
			</trkpt>
			<trkpt lat="15.491140000000001" lon="-88.0301865">
				<ele>82.59</ele>
				<extensions>
					<ns3:TrackPointExtension>
					</ns3:TrackPointExtension>
				</extensions>
			</trkpt>
			<trkpt lat="15.491169666666668" lon="-88.03026866666667">
				<ele>82.72667</ele>
				<extensions>
					<ns3:TrackPointExtension>
					</ns3:TrackPointExtension>
				</extensions>
			</trkpt>
			<trkpt lat="15.491199333333334" lon="-88.03035083333333">
				<ele>82.863335</ele>
				<extensions>
					<ns3:TrackPointExtension>
					</ns3:TrackPointExtension>
				</extensions>
			</trkpt>
			<trkpt lat="15.491229" lon="-88.030433">
				<ele>83.0</ele>
				<extensions>
					<ns3:TrackPointExtension>
					</ns3:TrackPointExtension>
				</extensions>
			</trkpt>
			<trkpt lat="15.491264285714287" lon="-88.03050671428572">
				<ele>83.33857</ele>
				<extensions>
					<ns3:TrackPointExtension>
					</ns3:TrackPointExtension>
				</extensions>
			</trkpt>
			<trkpt lat="15.491299571428572" lon="-88.03058042857143">
				<ele>83.67714</ele>
				<extensions>
					<ns3:TrackPointExtension>
					</ns3:TrackPointExtension>
				</extensions>
			</trkpt>
			<trkpt lat="15.491334857142858" lon="-88.03065414285714">
				<ele>84.01572</ele>
				<extensions>
					<ns3:TrackPointExtension>
					</ns3:TrackPointExtension>
				</extensions>
			</trkpt>
			<trkpt lat="15.491370142857143" lon="-88.03072785714286">
				<ele>84.35429</ele>
				<extensions>
					<ns3:TrackPointExtension>
					</ns3:TrackPointExtension>
				</extensions>
			</trkpt>
			<trkpt lat="15.49140542857143" lon="-88.03080157142858">
				<ele>84.692856</ele>
				<extensions>
					<ns3:TrackPointExtension>
					</ns3:TrackPointExtension>
				</extensions>
			</trkpt>
			<trkpt lat="15.491440714285714" lon="-88.03087528571429">
				<ele>85.031425</ele>
				<extensions>
					<ns3:TrackPointExtension>
					</ns3:TrackPointExtension>
				</extensions>
			</trkpt>
			<trkpt lat="15.491477" lon="-88.030949">
				<ele>85.37</ele>
				<extensions>
					<ns3:TrackPointExtension>
					</ns3:TrackPointExtension>
				</extensions>
			</trkpt>
			<trkpt lat="15.491506000000001" lon="-88.03100950000001">
				<ele>85.65</ele>
				<extensions>
					<ns3:TrackPointExtension>
					</ns3:TrackPointExtension>
				</extensions>
			</trkpt>
			<trkpt lat="15.491535" lon="-88.03107">
				<ele>85.93</ele>
				<extensions>
					<ns3:TrackPointExtension>
					</ns3:TrackPointExtension>
				</extensions>
			</trkpt>
			<trkpt lat="15.491574750000002" lon="-88.0311315">
				<ele>86.195</ele>
				<extensions>
					<ns3:TrackPointExtension>
					</ns3:TrackPointExtension>
				</extensions>
			</trkpt>
			<trkpt lat="15.4916145" lon="-88.031193">
				<ele>86.46</ele>
				<extensions>
					<ns3:TrackPointExtension>
					</ns3:TrackPointExtension>
				</extensions>
			</trkpt>
			<trkpt lat="15.49165425" lon="-88.0312545">
				<ele>86.725</ele>
				<extensions>
					<ns3:TrackPointExtension>
					</ns3:TrackPointExtension>
				</extensions>
			</trkpt>
			<trkpt lat="15.491694" lon="-88.031316">
				<ele>86.99</ele>
				<extensions>
					<ns3:TrackPointExtension>
					</ns3:TrackPointExtension>
				</extensions>
			</trkpt>
			<trkpt lat="15.491745166666668" lon="-88.03138666666666">
				<ele>87.24</ele>
				<extensions>
					<ns3:TrackPointExtension>
					</ns3:TrackPointExtension>
				</extensions>
			</trkpt>
			<trkpt lat="15.491796333333333" lon="-88.03145733333334">
				<ele>87.49</ele>
				<extensions>
					<ns3:TrackPointExtension>
					</ns3:TrackPointExtension>
				</extensions>
			</trkpt>
			<trkpt lat="15.4918475" lon="-88.03152800000001">
				<ele>87.74</ele>
				<extensions>
					<ns3:TrackPointExtension>
					</ns3:TrackPointExtension>
				</extensions>
			</trkpt>
			<trkpt lat="15.491898666666668" lon="-88.03159866666667">
				<ele>87.99</ele>
				<extensions>
					<ns3:TrackPointExtension>
					</ns3:TrackPointExtension>
				</extensions>
			</trkpt>
			<trkpt lat="15.491949833333333" lon="-88.03166933333333">
				<ele>88.24</ele>
				<extensions>
					<ns3:TrackPointExtension>
					</ns3:TrackPointExtension>
				</extensions>
			</trkpt>
			<trkpt lat="15.492001" lon="-88.03174">
				<ele>88.49</ele>
				<extensions>
					<ns3:TrackPointExtension>
					</ns3:TrackPointExtension>
				</extensions>
			</trkpt>
			<trkpt lat="15.492038333333333" lon="-88.031792">
				<ele>88.67333</ele>
				<extensions>
					<ns3:TrackPointExtension>
					</ns3:TrackPointExtension>
				</extensions>
			</trkpt>
			<trkpt lat="15.492075666666667" lon="-88.031844">
				<ele>88.85667</ele>
				<extensions>
					<ns3:TrackPointExtension>
					</ns3:TrackPointExtension>
				</extensions>
			</trkpt>
			<trkpt lat="15.492113" lon="-88.031896">
				<ele>89.04</ele>
				<extensions>
					<ns3:TrackPointExtension>
					</ns3:TrackPointExtension>
				</extensions>
			</trkpt>
			<trkpt lat="15.492171833333334" lon="-88.0319565">
				<ele>89.278336</ele>
				<extensions>
					<ns3:TrackPointExtension>
					</ns3:TrackPointExtension>
				</extensions>
			</trkpt>
			<trkpt lat="15.492230666666666" lon="-88.032017">
				<ele>89.51667</ele>
				<extensions>
					<ns3:TrackPointExtension>
					</ns3:TrackPointExtension>
				</extensions>
			</trkpt>
			<trkpt lat="15.4922895" lon="-88.0320775">
				<ele>89.755</ele>
				<extensions>
					<ns3:TrackPointExtension>
					</ns3:TrackPointExtension>
				</extensions>
			</trkpt>
			<trkpt lat="15.492348333333334" lon="-88.032138">
				<ele>89.99333</ele>
				<extensions>
					<ns3:TrackPointExtension>
					</ns3:TrackPointExtension>
				</extensions>
			</trkpt>
			<trkpt lat="15.492407166666666" lon="-88.03219849999999">
				<ele>90.23167</ele>
				<extensions>
					<ns3:TrackPointExtension>
					</ns3:TrackPointExtension>
				</extensions>
			</trkpt>
			<trkpt lat="15.492466" lon="-88.032259">
				<ele>90.47</ele>
				<extensions>
					<ns3:TrackPointExtension>
					</ns3:TrackPointExtension>
				</extensions>
			</trkpt>
			<trkpt lat="15.492528" lon="-88.03231319999999">
				<ele>90.704</ele>
				<extensions>
					<ns3:TrackPointExtension>
					</ns3:TrackPointExtension>
				</extensions>
			</trkpt>
			<trkpt lat="15.49259" lon="-88.0323674">
				<ele>90.938</ele>
				<extensions>
					<ns3:TrackPointExtension>
					</ns3:TrackPointExtension>
				</extensions>
			</trkpt>
			<trkpt lat="15.492652" lon="-88.03242159999999">
				<ele>91.172</ele>
				<extensions>
					<ns3:TrackPointExtension>
					</ns3:TrackPointExtension>
				</extensions>
			</trkpt>
			<trkpt lat="15.492714" lon="-88.0324758">
				<ele>91.406</ele>
				<extensions>
					<ns3:TrackPointExtension>
					</ns3:TrackPointExtension>
				</extensions>
			</trkpt>
			<trkpt lat="15.492776" lon="-88.03253">
				<ele>91.64</ele>
				<extensions>
					<ns3:TrackPointExtension>
					</ns3:TrackPointExtension>
				</extensions>
			</trkpt>
			<trkpt lat="15.492834333333333" lon="-88.032573">
				<ele>91.74</ele>
				<extensions>
					<ns3:TrackPointExtension>
					</ns3:TrackPointExtension>
				</extensions>
			</trkpt>
			<trkpt lat="15.492892666666666" lon="-88.03261599999999">
				<ele>91.84</ele>
				<extensions>
					<ns3:TrackPointExtension>
					</ns3:TrackPointExtension>
				</extensions>
			</trkpt>
			<trkpt lat="15.492951" lon="-88.032659">
				<ele>91.94</ele>
				<extensions>
					<ns3:TrackPointExtension>
					</ns3:TrackPointExtension>
				</extensions>
			</trkpt>
			<trkpt lat="15.493017666666667" lon="-88.03270766666667">
				<ele>92.05334</ele>
				<extensions>
					<ns3:TrackPointExtension>
					</ns3:TrackPointExtension>
				</extensions>
			</trkpt>
			<trkpt lat="15.493084333333332" lon="-88.03275633333332">
				<ele>92.166664</ele>
				<extensions>
					<ns3:TrackPointExtension>
					</ns3:TrackPointExtension>
				</extensions>
			</trkpt>
			<trkpt lat="15.493151" lon="-88.032805">
				<ele>92.28</ele>
				<extensions>
					<ns3:TrackPointExtension>
					</ns3:TrackPointExtension>
				</extensions>
			</trkpt>
			<trkpt lat="15.49321975" lon="-88.03284574999999">
				<ele>92.575</ele>
				<extensions>
					<ns3:TrackPointExtension>
					</ns3:TrackPointExtension>
				</extensions>
			</trkpt>
			<trkpt lat="15.493288499999998" lon="-88.03288649999999">
				<ele>92.87</ele>
				<extensions>
					<ns3:TrackPointExtension>
					</ns3:TrackPointExtension>
				</extensions>
			</trkpt>
			<trkpt lat="15.493357249999999" lon="-88.03292725">
				<ele>93.165</ele>
				<extensions>
					<ns3:TrackPointExtension>
					</ns3:TrackPointExtension>
				</extensions>
			</trkpt>
			<trkpt lat="15.493426" lon="-88.032968">
				<ele>93.46</ele>
				<extensions>
					<ns3:TrackPointExtension>
					</ns3:TrackPointExtension>
				</extensions>
			</trkpt>
			<trkpt lat="15.493487" lon="-88.032997">
				<ele>93.70333</ele>
				<extensions>
					<ns3:TrackPointExtension>
					</ns3:TrackPointExtension>
				</extensions>
			</trkpt>
			<trkpt lat="15.493547999999999" lon="-88.033026">
				<ele>93.94666</ele>
				<extensions>
					<ns3:TrackPointExtension>
					</ns3:TrackPointExtension>
				</extensions>
			</trkpt>
			<trkpt lat="15.493609" lon="-88.033055">
				<ele>94.19</ele>
				<extensions>
					<ns3:TrackPointExtension>
					</ns3:TrackPointExtension>
				</extensions>
			</trkpt>
			<trkpt lat="15.4936826" lon="-88.0330854">
				<ele>94.41</ele>
				<extensions>
					<ns3:TrackPointExtension>
					</ns3:TrackPointExtension>
				</extensions>
			</trkpt>
			<trkpt lat="15.4937562" lon="-88.0331158">
				<ele>94.63</ele>
				<extensions>
					<ns3:TrackPointExtension>
					</ns3:TrackPointExtension>
				</extensions>
			</trkpt>
			<trkpt lat="15.493829799999999" lon="-88.0331462">
				<ele>94.85</ele>
				<extensions>
					<ns3:TrackPointExtension>
					</ns3:TrackPointExtension>
				</extensions>
			</trkpt>
			<trkpt lat="15.493903399999999" lon="-88.0331766">
				<ele>95.07</ele>
				<extensions>
					<ns3:TrackPointExtension>
					</ns3:TrackPointExtension>
				</extensions>
			</trkpt>
			<trkpt lat="15.493977" lon="-88.033207">
				<ele>95.3</ele>
				<extensions>
					<ns3:TrackPointExtension>
					</ns3:TrackPointExtension>
				</extensions>
			</trkpt>
			<trkpt lat="15.494060166666666" lon="-88.033242">
				<ele>95.36</ele>
				<extensions>
					<ns3:TrackPointExtension>
					</ns3:TrackPointExtension>
				</extensions>
			</trkpt>
			<trkpt lat="15.494143333333334" lon="-88.033277">
				<ele>95.42</ele>
				<extensions>
					<ns3:TrackPointExtension>
					</ns3:TrackPointExtension>
				</extensions>
			</trkpt>
			<trkpt lat="15.4942265" lon="-88.033312">
				<ele>95.48</ele>
				<extensions>
					<ns3:TrackPointExtension>
					</ns3:TrackPointExtension>
				</extensions>
			</trkpt>
			<trkpt lat="15.494309666666666" lon="-88.033347">
				<ele>95.54</ele>
				<extensions>
					<ns3:TrackPointExtension>
					</ns3:TrackPointExtension>
				</extensions>
			</trkpt>
			<trkpt lat="15.494392833333334" lon="-88.033382">
				<ele>95.6</ele>
				<extensions>
					<ns3:TrackPointExtension>
					</ns3:TrackPointExtension>
				</extensions>
			</trkpt>
			<trkpt lat="15.494476" lon="-88.033417">
				<ele>95.66</ele>
				<extensions>
					<ns3:TrackPointExtension>
					</ns3:TrackPointExtension>
				</extensions>
			</trkpt>
			<trkpt lat="15.494544666666666" lon="-88.033446">
				<ele>95.67667</ele>
				<extensions>
					<ns3:TrackPointExtension>
					</ns3:TrackPointExtension>
				</extensions>
			</trkpt>
			<trkpt lat="15.494613333333334" lon="-88.033475">
				<ele>95.69334</ele>
				<extensions>
					<ns3:TrackPointExtension>
					</ns3:TrackPointExtension>
				</extensions>
			</trkpt>
			<trkpt lat="15.494682" lon="-88.033504">
				<ele>95.71</ele>
				<extensions>
					<ns3:TrackPointExtension>
					</ns3:TrackPointExtension>
				</extensions>
			</trkpt>
			<trkpt lat="15.494762166666666" lon="-88.03352233333332">
				<ele>95.861664</ele>
				<extensions>
					<ns3:TrackPointExtension>
					</ns3:TrackPointExtension>
				</extensions>
			</trkpt>
			<trkpt lat="15.494842333333333" lon="-88.03354066666667">
				<ele>96.013336</ele>
				<extensions>
					<ns3:TrackPointExtension>
					</ns3:TrackPointExtension>
				</extensions>
			</trkpt>
			<trkpt lat="15.4949225" lon="-88.033559">
				<ele>96.165</ele>
				<extensions>
					<ns3:TrackPointExtension>
					</ns3:TrackPointExtension>
				</extensions>
			</trkpt>
			<trkpt lat="15.495002666666666" lon="-88.03357733333333">
				<ele>96.316666</ele>
				<extensions>
					<ns3:TrackPointExtension>
					</ns3:TrackPointExtension>
				</extensions>
			</trkpt>
			<trkpt lat="15.495082833333333" lon="-88.03359566666667">
				<ele>96.46833</ele>
				<extensions>
					<ns3:TrackPointExtension>
					</ns3:TrackPointExtension>
				</extensions>
			</trkpt>
			<trkpt lat="15.495163" lon="-88.033614">
				<ele>96.62</ele>
				<extensions>
					<ns3:TrackPointExtension>
					</ns3:TrackPointExtension>
				</extensions>
			</trkpt>
			<trkpt lat="15.495243" lon="-88.0336235">
				<ele>96.64</ele>
				<extensions>
					<ns3:TrackPointExtension>
					</ns3:TrackPointExtension>
				</extensions>
			</trkpt>
			<trkpt lat="15.495323" lon="-88.033633">
				<ele>96.66</ele>
				<extensions>
					<ns3:TrackPointExtension>
					</ns3:TrackPointExtension>
				</extensions>
			</trkpt>
			<trkpt lat="15.495406500000001" lon="-88.0336425">
				<ele>96.6825</ele>
				<extensions>
					<ns3:TrackPointExtension>
					</ns3:TrackPointExtension>
				</extensions>
			</trkpt>
			<trkpt lat="15.49549" lon="-88.03365199999999">
				<ele>96.705</ele>
				<extensions>
					<ns3:TrackPointExtension>
					</ns3:TrackPointExtension>
				</extensions>
			</trkpt>
			<trkpt lat="15.495573499999999" lon="-88.0336615">
				<ele>96.7275</ele>
				<extensions>
					<ns3:TrackPointExtension>
					</ns3:TrackPointExtension>
				</extensions>
			</trkpt>
			<trkpt lat="15.495657" lon="-88.033671">
				<ele>96.75</ele>
				<extensions>
					<ns3:TrackPointExtension>
					</ns3:TrackPointExtension>
				</extensions>
			</trkpt>
			<trkpt lat="15.495747" lon="-88.0336755">
				<ele>97.0375</ele>
				<extensions>
					<ns3:TrackPointExtension>
					</ns3:TrackPointExtension>
				</extensions>
			</trkpt>
			<trkpt lat="15.495837" lon="-88.03368">
				<ele>97.325</ele>
				<extensions>
					<ns3:TrackPointExtension>
					</ns3:TrackPointExtension>
				</extensions>
			</trkpt>
			<trkpt lat="15.495927" lon="-88.03368449999999">
				<ele>97.6125</ele>
				<extensions>
					<ns3:TrackPointExtension>
					</ns3:TrackPointExtension>
				</extensions>
			</trkpt>
			<trkpt lat="15.496017" lon="-88.033689">
				<ele>97.9</ele>
				<extensions>
					<ns3:TrackPointExtension>
					</ns3:TrackPointExtension>
				</extensions>
			</trkpt>
			<trkpt lat="15.496080000000001" lon="-88.03368633333334">
				<ele>97.776665</ele>
				<extensions>
					<ns3:TrackPointExtension>
					</ns3:TrackPointExtension>
				</extensions>
			</trkpt>
			<trkpt lat="15.496143" lon="-88.03368366666666">
				<ele>97.653336</ele>
				<extensions>
					<ns3:TrackPointExtension>
					</ns3:TrackPointExtension>
				</extensions>
			</trkpt>
			<trkpt lat="15.496206" lon="-88.033681">
				<ele>97.53</ele>
				<extensions>
					<ns3:TrackPointExtension>
					</ns3:TrackPointExtension>
				</extensions>
			</trkpt>
			<trkpt lat="15.496256" lon="-88.03367850000001">
				<ele>97.28</ele>
				<extensions>
					<ns3:TrackPointExtension>
					</ns3:TrackPointExtension>
				</extensions>
			</trkpt>
			<trkpt lat="15.496306" lon="-88.033676">
				<ele>97.03</ele>
				<extensions>
					<ns3:TrackPointExtension>
					</ns3:TrackPointExtension>
				</extensions>
			</trkpt>
			<trkpt lat="15.496362000000001" lon="-88.033666">
				<ele>96.845</ele>
				<extensions>
					<ns3:TrackPointExtension>
					</ns3:TrackPointExtension>
				</extensions>
			</trkpt>
			<trkpt lat="15.496418" lon="-88.033656">
				<ele>96.66</ele>
				<extensions>
					<ns3:TrackPointExtension>
					</ns3:TrackPointExtension>
				</extensions>
			</trkpt>
			<trkpt lat="15.496452000000001" lon="-88.03361899999999">
				<ele>96.61</ele>
				<extensions>
					<ns3:TrackPointExtension>
					</ns3:TrackPointExtension>
				</extensions>
			</trkpt>
			<trkpt lat="15.496486" lon="-88.033582">
				<ele>96.56</ele>
				<extensions>
					<ns3:TrackPointExtension>
					</ns3:TrackPointExtension>
				</extensions>
			</trkpt>
			<trkpt lat="15.496534" lon="-88.03353999999999">
				<ele>96.72</ele>
				<extensions>
					<ns3:TrackPointExtension>
					</ns3:TrackPointExtension>
				</extensions>
			</trkpt>
			<trkpt lat="15.496582" lon="-88.033498">
				<ele>96.88</ele>
				<extensions>
					<ns3:TrackPointExtension>
					</ns3:TrackPointExtension>
				</extensions>
			</trkpt>
			<trkpt lat="15.4966385" lon="-88.033474">
				<ele>97.045</ele>
				<extensions>
					<ns3:TrackPointExtension>
					</ns3:TrackPointExtension>
				</extensions>
			</trkpt>
			<trkpt lat="15.496695" lon="-88.03345">
				<ele>97.21</ele>
				<extensions>
					<ns3:TrackPointExtension>
					</ns3:TrackPointExtension>
				</extensions>
			</trkpt>
			<trkpt lat="15.496746000000002" lon="-88.033449">
				<ele>97.365</ele>
				<extensions>
					<ns3:TrackPointExtension>
					</ns3:TrackPointExtension>
				</extensions>
			</trkpt>
			<trkpt lat="15.496797" lon="-88.033448">
				<ele>97.52</ele>
				<extensions>
					<ns3:TrackPointExtension>
					</ns3:TrackPointExtension>
				</extensions>
			</trkpt>
			<trkpt lat="15.496856666666668" lon="-88.033467">
				<ele>97.74333</ele>
				<extensions>
					<ns3:TrackPointExtension>
					</ns3:TrackPointExtension>
				</extensions>
			</trkpt>
			<trkpt lat="15.496916333333333" lon="-88.03348600000001">
				<ele>97.96667</ele>
				<extensions>
					<ns3:TrackPointExtension>
					</ns3:TrackPointExtension>
				</extensions>
			</trkpt>
			<trkpt lat="15.496976" lon="-88.033505">
				<ele>98.19</ele>
				<extensions>
					<ns3:TrackPointExtension>
					</ns3:TrackPointExtension>
				</extensions>
			</trkpt>
			<trkpt lat="15.496932" lon="-88.033512">
				<ele>98.04</ele>
				<extensions>
					<ns3:TrackPointExtension>
					</ns3:TrackPointExtension>
				</extensions>
			</trkpt>
			<trkpt lat="15.496999666666666" lon="-88.033501">
				<ele>98.386665</ele>
				<extensions>
					<ns3:TrackPointExtension>
					</ns3:TrackPointExtension>
				</extensions>
			</trkpt>
			<trkpt lat="15.497067333333334" lon="-88.03349">
				<ele>98.73333</ele>
				<extensions>
					<ns3:TrackPointExtension>
					</ns3:TrackPointExtension>
				</extensions>
			</trkpt>
			<trkpt lat="15.497135" lon="-88.033479">
				<ele>99.08</ele>
				<extensions>
					<ns3:TrackPointExtension>
					</ns3:TrackPointExtension>
				</extensions>
			</trkpt>
			<trkpt lat="15.497103" lon="-88.03356">
				<ele>99.0</ele>
				<extensions>
					<ns3:TrackPointExtension>
					</ns3:TrackPointExtension>
				</extensions>
			</trkpt>
			<trkpt lat="15.497103" lon="-88.033644">
				<ele>99.19</ele>
				<extensions>
					<ns3:TrackPointExtension>
					</ns3:TrackPointExtension>
				</extensions>
			</trkpt>
			<trkpt lat="15.497117" lon="-88.033696">
				<ele>99.4</ele>
				<extensions>
					<ns3:TrackPointExtension>
					</ns3:TrackPointExtension>
				</extensions>
			</trkpt>
			<trkpt lat="15.497135499999999" lon="-88.0337615">
				<ele>99.675</ele>
				<extensions>
					<ns3:TrackPointExtension>
					</ns3:TrackPointExtension>
				</extensions>
			</trkpt>
			<trkpt lat="15.497154" lon="-88.033827">
				<ele>99.95</ele>
				<extensions>
					<ns3:TrackPointExtension>
					</ns3:TrackPointExtension>
				</extensions>
			</trkpt>
			<trkpt lat="15.49718" lon="-88.033877">
				<ele>100.24</ele>
				<extensions>
					<ns3:TrackPointExtension>
					</ns3:TrackPointExtension>
				</extensions>
			</trkpt>
			<trkpt lat="15.49724" lon="-88.0339175">
				<ele>100.645</ele>
				<extensions>
					<ns3:TrackPointExtension>
					</ns3:TrackPointExtension>
				</extensions>
			</trkpt>
			<trkpt lat="15.4973" lon="-88.033958">
				<ele>101.05</ele>
				<extensions>
					<ns3:TrackPointExtension>
					</ns3:TrackPointExtension>
				</extensions>
			</trkpt>
			<trkpt lat="15.4972445" lon="-88.0339625">
				<ele>100.76</ele>
				<extensions>
					<ns3:TrackPointExtension>
					</ns3:TrackPointExtension>
				</extensions>
			</trkpt>
			<trkpt lat="15.497189" lon="-88.033967">
				<ele>100.47</ele>
				<extensions>
					<ns3:TrackPointExtension>
					</ns3:TrackPointExtension>
				</extensions>
			</trkpt>
			<trkpt lat="15.497110500000002" lon="-88.03400500000001">
				<ele>100.0</ele>
				<extensions>
					<ns3:TrackPointExtension>
					</ns3:TrackPointExtension>
				</extensions>
			</trkpt>
			<trkpt lat="15.497032" lon="-88.034043">
				<ele>99.53</ele>
				<extensions>
					<ns3:TrackPointExtension>
					</ns3:TrackPointExtension>
				</extensions>
			</trkpt>
			<trkpt lat="15.497014" lon="-88.034058">
				<ele>99.45</ele>
				<extensions>
					<ns3:TrackPointExtension>
					</ns3:TrackPointExtension>
				</extensions>
			</trkpt>
			<trkpt lat="15.496977" lon="-88.034092">
				<ele>99.3</ele>
				<extensions>
					<ns3:TrackPointExtension>
					</ns3:TrackPointExtension>
				</extensions>
			</trkpt>
			<trkpt lat="15.496972" lon="-88.0341795">
				<ele>99.66</ele>
				<extensions>
					<ns3:TrackPointExtension>
					</ns3:TrackPointExtension>
				</extensions>
			</trkpt>
			<trkpt lat="15.496967" lon="-88.034267">
				<ele>100.02</ele>
				<extensions>
					<ns3:TrackPointExtension>
					</ns3:TrackPointExtension>
				</extensions>
			</trkpt>
			<trkpt lat="15.496980666666666" lon="-88.034328">
				<ele>100.21667</ele>
				<extensions>
					<ns3:TrackPointExtension>
					</ns3:TrackPointExtension>
				</extensions>
			</trkpt>
			<trkpt lat="15.496994333333333" lon="-88.034389">
				<ele>100.41333</ele>
				<extensions>
					<ns3:TrackPointExtension>
					</ns3:TrackPointExtension>
				</extensions>
			</trkpt>
			<trkpt lat="15.497008" lon="-88.03445">
				<ele>100.61</ele>
				<extensions>
					<ns3:TrackPointExtension>
					</ns3:TrackPointExtension>
				</extensions>
			</trkpt>
			<trkpt lat="15.497033499999999" lon="-88.03453033333334">
				<ele>101.02333</ele>
				<extensions>
					<ns3:TrackPointExtension>
					</ns3:TrackPointExtension>
				</extensions>
			</trkpt>
			<trkpt lat="15.497059" lon="-88.03461066666667">
				<ele>101.43667</ele>
				<extensions>
					<ns3:TrackPointExtension>
					</ns3:TrackPointExtension>
				</extensions>
			</trkpt>
			<trkpt lat="15.4970845" lon="-88.03469100000001">
				<ele>101.85</ele>
				<extensions>
					<ns3:TrackPointExtension>
					</ns3:TrackPointExtension>
				</extensions>
			</trkpt>
			<trkpt lat="15.49711" lon="-88.03477133333334">
				<ele>102.263336</ele>
				<extensions>
					<ns3:TrackPointExtension>
					</ns3:TrackPointExtension>
				</extensions>
			</trkpt>
			<trkpt lat="15.4971355" lon="-88.03485166666667">
				<ele>102.67667</ele>
				<extensions>
					<ns3:TrackPointExtension>
					</ns3:TrackPointExtension>
				</extensions>
			</trkpt>
			<trkpt lat="15.497161" lon="-88.034932">
				<ele>103.09</ele>
				<extensions>
					<ns3:TrackPointExtension>
					</ns3:TrackPointExtension>
				</extensions>
			</trkpt>
			<trkpt lat="15.497188" lon="-88.035014">
				<ele>103.52</ele>
				<extensions>
					<ns3:TrackPointExtension>
					</ns3:TrackPointExtension>
				</extensions>
			</trkpt>
			<trkpt lat="15.4972204" lon="-88.03508860000001">
				<ele>103.826</ele>
				<extensions>
					<ns3:TrackPointExtension>
					</ns3:TrackPointExtension>
				</extensions>
			</trkpt>
			<trkpt lat="15.4972528" lon="-88.0351632">
				<ele>104.132</ele>
				<extensions>
					<ns3:TrackPointExtension>
					</ns3:TrackPointExtension>
				</extensions>
			</trkpt>
			<trkpt lat="15.4972852" lon="-88.0352378">
				<ele>104.438</ele>
				<extensions>
					<ns3:TrackPointExtension>
					</ns3:TrackPointExtension>
				</extensions>
			</trkpt>
			<trkpt lat="15.4973176" lon="-88.0353124">
				<ele>104.744</ele>
				<extensions>
					<ns3:TrackPointExtension>
					</ns3:TrackPointExtension>
				</extensions>
			</trkpt>
			<trkpt lat="15.49735" lon="-88.035387">
				<ele>105.05</ele>
				<extensions>
					<ns3:TrackPointExtension>
					</ns3:TrackPointExtension>
				</extensions>
			</trkpt>
			<trkpt lat="15.497373" lon="-88.03543049999999">
				<ele>105.305</ele>
				<extensions>
					<ns3:TrackPointExtension>
					</ns3:TrackPointExtension>
				</extensions>
			</trkpt>
			<trkpt lat="15.497396" lon="-88.035474">
				<ele>105.56</ele>
				<extensions>
					<ns3:TrackPointExtension>
					</ns3:TrackPointExtension>
				</extensions>
			</trkpt>
			<trkpt lat="15.497430666666666" lon="-88.03554266666666">
				<ele>106.026665</ele>
				<extensions>
					<ns3:TrackPointExtension>
					</ns3:TrackPointExtension>
				</extensions>
			</trkpt>
			<trkpt lat="15.497465333333334" lon="-88.03561133333334">
				<ele>106.49333</ele>
				<extensions>
					<ns3:TrackPointExtension>
					</ns3:TrackPointExtension>
				</extensions>
			</trkpt>
			<trkpt lat="15.4975" lon="-88.03568">
				<ele>106.96</ele>
				<extensions>
					<ns3:TrackPointExtension>
					</ns3:TrackPointExtension>
				</extensions>
			</trkpt>
			<trkpt lat="15.497541333333334" lon="-88.03574233333333">
				<ele>107.3</ele>
				<extensions>
					<ns3:TrackPointExtension>
					</ns3:TrackPointExtension>
				</extensions>
			</trkpt>
			<trkpt lat="15.497582666666666" lon="-88.03580466666666">
				<ele>107.64</ele>
				<extensions>
					<ns3:TrackPointExtension>
					</ns3:TrackPointExtension>
				</extensions>
			</trkpt>
			<trkpt lat="15.497624" lon="-88.035867">
				<ele>107.98</ele>
				<extensions>
					<ns3:TrackPointExtension>
					</ns3:TrackPointExtension>
				</extensions>
			</trkpt>
			<trkpt lat="15.4976766" lon="-88.0359398">
				<ele>108.218</ele>
				<extensions>
					<ns3:TrackPointExtension>
					</ns3:TrackPointExtension>
				</extensions>
			</trkpt>
			<trkpt lat="15.4977292" lon="-88.03601259999999">
				<ele>108.456</ele>
				<extensions>
					<ns3:TrackPointExtension>
					</ns3:TrackPointExtension>
				</extensions>
			</trkpt>
			<trkpt lat="15.4977818" lon="-88.0360854">
				<ele>108.694</ele>
				<extensions>
					<ns3:TrackPointExtension>
					</ns3:TrackPointExtension>
				</extensions>
			</trkpt>
			<trkpt lat="15.4978344" lon="-88.0361582">
				<ele>108.932</ele>
				<extensions>
					<ns3:TrackPointExtension>
					</ns3:TrackPointExtension>
				</extensions>
			</trkpt>
			<trkpt lat="15.497887" lon="-88.036231">
				<ele>109.17</ele>
				<extensions>
					<ns3:TrackPointExtension>
					</ns3:TrackPointExtension>
				</extensions>
			</trkpt>
			<trkpt lat="15.4979365" lon="-88.036288">
				<ele>109.595</ele>
				<extensions>
					<ns3:TrackPointExtension>
					</ns3:TrackPointExtension>
				</extensions>
			</trkpt>
			<trkpt lat="15.497986" lon="-88.036345">
				<ele>110.02</ele>
				<extensions>
					<ns3:TrackPointExtension>
					</ns3:TrackPointExtension>
				</extensions>
			</trkpt>
			<trkpt lat="15.498027" lon="-88.0363925">
				<ele>110.375</ele>
				<extensions>
					<ns3:TrackPointExtension>
					</ns3:TrackPointExtension>
				</extensions>
			</trkpt>
			<trkpt lat="15.498068" lon="-88.03644">
				<ele>110.73</ele>
				<extensions>
					<ns3:TrackPointExtension>
					</ns3:TrackPointExtension>
				</extensions>
			</trkpt>
			<trkpt lat="15.49811775" lon="-88.03649075">
				<ele>111.01</ele>
				<extensions>
					<ns3:TrackPointExtension>
					</ns3:TrackPointExtension>
				</extensions>
			</trkpt>
			<trkpt lat="15.498167500000001" lon="-88.0365415">
				<ele>111.29</ele>
				<extensions>
					<ns3:TrackPointExtension>
					</ns3:TrackPointExtension>
				</extensions>
			</trkpt>
			<trkpt lat="15.49821725" lon="-88.03659225">
				<ele>111.57</ele>
				<extensions>
					<ns3:TrackPointExtension>
					</ns3:TrackPointExtension>
				</extensions>
			</trkpt>
			<trkpt lat="15.498267" lon="-88.036643">
				<ele>111.85</ele>
				<extensions>
					<ns3:TrackPointExtension>
					</ns3:TrackPointExtension>
				</extensions>
			</trkpt>
			<trkpt lat="15.498331666666667" lon="-88.036701">
				<ele>112.23333</ele>
				<extensions>
					<ns3:TrackPointExtension>
					</ns3:TrackPointExtension>
				</extensions>
			</trkpt>
			<trkpt lat="15.498396333333334" lon="-88.036759">
				<ele>112.61667</ele>
				<extensions>
					<ns3:TrackPointExtension>
					</ns3:TrackPointExtension>
				</extensions>
			</trkpt>
			<trkpt lat="15.498461" lon="-88.036817">
				<ele>113.0</ele>
				<extensions>
					<ns3:TrackPointExtension>
					</ns3:TrackPointExtension>
				</extensions>
			</trkpt>
			<trkpt lat="15.498511" lon="-88.036858">
				<ele>113.02</ele>
				<extensions>
					<ns3:TrackPointExtension>
					</ns3:TrackPointExtension>
				</extensions>
			</trkpt>
			<trkpt lat="15.498561" lon="-88.036899">
				<ele>113.04</ele>
				<extensions>
					<ns3:TrackPointExtension>
					</ns3:TrackPointExtension>
				</extensions>
			</trkpt>
			<trkpt lat="15.498611" lon="-88.03694">
				<ele>113.06</ele>
				<extensions>
					<ns3:TrackPointExtension>
					</ns3:TrackPointExtension>
				</extensions>
			</trkpt>
			<trkpt lat="15.4986815" lon="-88.0369905">
				<ele>113.455</ele>
				<extensions>
					<ns3:TrackPointExtension>
					</ns3:TrackPointExtension>
				</extensions>
			</trkpt>
			<trkpt lat="15.498752" lon="-88.037041">
				<ele>113.85</ele>
				<extensions>
					<ns3:TrackPointExtension>
					</ns3:TrackPointExtension>
				</extensions>
			</trkpt>
			<trkpt lat="15.498804999999999" lon="-88.037079">
				<ele>114.14667</ele>
				<extensions>
					<ns3:TrackPointExtension>
					</ns3:TrackPointExtension>
				</extensions>
			</trkpt>
			<trkpt lat="15.498858" lon="-88.037117">
				<ele>114.44334</ele>
				<extensions>
					<ns3:TrackPointExtension>
					</ns3:TrackPointExtension>
				</extensions>
			</trkpt>
			<trkpt lat="15.498911" lon="-88.037155">
				<ele>114.74</ele>
				<extensions>
					<ns3:TrackPointExtension>
					</ns3:TrackPointExtension>
				</extensions>
			</trkpt>
			<trkpt lat="15.49897875" lon="-88.037193">
				<ele>114.9675</ele>
				<extensions>
					<ns3:TrackPointExtension>
					</ns3:TrackPointExtension>
				</extensions>
			</trkpt>
			<trkpt lat="15.499046499999999" lon="-88.03723099999999">
				<ele>115.195</ele>
				<extensions>
					<ns3:TrackPointExtension>
					</ns3:TrackPointExtension>
				</extensions>
			</trkpt>
			<trkpt lat="15.49911425" lon="-88.037269">
				<ele>115.4225</ele>
				<extensions>
					<ns3:TrackPointExtension>
					</ns3:TrackPointExtension>
				</extensions>
			</trkpt>
			<trkpt lat="15.499182" lon="-88.037307">
				<ele>115.64</ele>
				<extensions>
					<ns3:TrackPointExtension>
					</ns3:TrackPointExtension>
				</extensions>
			</trkpt>
			<trkpt lat="15.49926" lon="-88.03734750000001">
				<ele>116.21</ele>
				<extensions>
					<ns3:TrackPointExtension>
					</ns3:TrackPointExtension>
				</extensions>
			</trkpt>
			<trkpt lat="15.499338" lon="-88.037388">
				<ele>116.78</ele>
				<extensions>
					<ns3:TrackPointExtension>
					</ns3:TrackPointExtension>
				</extensions>
			</trkpt>
			<trkpt lat="15.499408666666666" lon="-88.03741933333333">
				<ele>117.223335</ele>
				<extensions>
					<ns3:TrackPointExtension>
					</ns3:TrackPointExtension>
				</extensions>
			</trkpt>
			<trkpt lat="15.499479333333333" lon="-88.03745066666667">
				<ele>117.666664</ele>
				<extensions>
					<ns3:TrackPointExtension>
					</ns3:TrackPointExtension>
				</extensions>
			</trkpt>
			<trkpt lat="15.49955" lon="-88.037483">
				<ele>118.11</ele>
				<extensions>
					<ns3:TrackPointExtension>
					</ns3:TrackPointExtension>
				</extensions>
			</trkpt>
			<trkpt lat="15.49963" lon="-88.03751333333334">
				<ele>118.51</ele>
				<extensions>
					<ns3:TrackPointExtension>
					</ns3:TrackPointExtension>
				</extensions>
			</trkpt>
			<trkpt lat="15.49971" lon="-88.03754366666666">
				<ele>118.91</ele>
				<extensions>
					<ns3:TrackPointExtension>
					</ns3:TrackPointExtension>
				</extensions>
			</trkpt>
			<trkpt lat="15.49979" lon="-88.037574">
				<ele>119.31</ele>
				<extensions>
					<ns3:TrackPointExtension>
					</ns3:TrackPointExtension>
				</extensions>
			</trkpt>
			<trkpt lat="15.499858" lon="-88.037594">
				<ele>119.28</ele>
				<extensions>
					<ns3:TrackPointExtension>
					</ns3:TrackPointExtension>
				</extensions>
			</trkpt>
			<trkpt lat="15.499926" lon="-88.037614">
				<ele>119.25</ele>
				<extensions>
					<ns3:TrackPointExtension>
					</ns3:TrackPointExtension>
				</extensions>
			</trkpt>
			<trkpt lat="15.499994" lon="-88.037634">
				<ele>119.22</ele>
				<extensions>
					<ns3:TrackPointExtension>
					</ns3:TrackPointExtension>
				</extensions>
			</trkpt>
			<trkpt lat="15.500071666666667" lon="-88.03765666666666">
				<ele>119.183334</ele>
				<extensions>
					<ns3:TrackPointExtension>
					</ns3:TrackPointExtension>
				</extensions>
			</trkpt>
			<trkpt lat="15.500149333333333" lon="-88.03767933333333">
				<ele>119.14667</ele>
				<extensions>
					<ns3:TrackPointExtension>
					</ns3:TrackPointExtension>
				</extensions>
			</trkpt>
			<trkpt lat="15.500227" lon="-88.037702">
				<ele>119.11</ele>
				<extensions>
					<ns3:TrackPointExtension>
					</ns3:TrackPointExtension>
				</extensions>
			</trkpt>
			<trkpt lat="15.500293333333333" lon="-88.03771499999999">
				<ele>119.18667</ele>
				<extensions>
					<ns3:TrackPointExtension>
					</ns3:TrackPointExtension>
				</extensions>
			</trkpt>
			<trkpt lat="15.500359666666666" lon="-88.037728">
				<ele>119.263336</ele>
				<extensions>
					<ns3:TrackPointExtension>
					</ns3:TrackPointExtension>
				</extensions>
			</trkpt>
			<trkpt lat="15.500426" lon="-88.037741">
				<ele>119.34</ele>
				<extensions>
					<ns3:TrackPointExtension>
					</ns3:TrackPointExtension>
				</extensions>
			</trkpt>
			<trkpt lat="15.500511" lon="-88.03775225">
				<ele>119.5975</ele>
				<extensions>
					<ns3:TrackPointExtension>
					</ns3:TrackPointExtension>
				</extensions>
			</trkpt>
			<trkpt lat="15.500596" lon="-88.0377635">
				<ele>119.855</ele>
				<extensions>
					<ns3:TrackPointExtension>
					</ns3:TrackPointExtension>
				</extensions>
			</trkpt>
			<trkpt lat="15.500681" lon="-88.03777475">
				<ele>120.1125</ele>
				<extensions>
					<ns3:TrackPointExtension>
					</ns3:TrackPointExtension>
				</extensions>
			</trkpt>
			<trkpt lat="15.500766" lon="-88.037786">
				<ele>120.37</ele>
				<extensions>
					<ns3:TrackPointExtension>
					</ns3:TrackPointExtension>
				</extensions>
			</trkpt>
			<trkpt lat="15.5008465" lon="-88.03779025">
				<ele>120.5275</ele>
				<extensions>
					<ns3:TrackPointExtension>
					</ns3:TrackPointExtension>
				</extensions>
			</trkpt>
			<trkpt lat="15.500927" lon="-88.03779449999999">
				<ele>120.685</ele>
				<extensions>
					<ns3:TrackPointExtension>
					</ns3:TrackPointExtension>
				</extensions>
			</trkpt>
			<trkpt lat="15.5010075" lon="-88.03779875">
				<ele>120.8425</ele>
				<extensions>
					<ns3:TrackPointExtension>
					</ns3:TrackPointExtension>
				</extensions>
			</trkpt>
			<trkpt lat="15.501088" lon="-88.037803">
				<ele>121.0</ele>
				<extensions>
					<ns3:TrackPointExtension>
					</ns3:TrackPointExtension>
				</extensions>
			</trkpt>
			<trkpt lat="15.501168499999999" lon="-88.0378">
				<ele>121.2475</ele>
				<extensions>
					<ns3:TrackPointExtension>
					</ns3:TrackPointExtension>
				</extensions>
			</trkpt>
			<trkpt lat="15.501249" lon="-88.037797">
				<ele>121.495</ele>
				<extensions>
					<ns3:TrackPointExtension>
					</ns3:TrackPointExtension>
				</extensions>
			</trkpt>
			<trkpt lat="15.5013295" lon="-88.03779399999999">
				<ele>121.7425</ele>
				<extensions>
					<ns3:TrackPointExtension>
					</ns3:TrackPointExtension>
				</extensions>
			</trkpt>
			<trkpt lat="15.50141" lon="-88.037791">
				<ele>121.99</ele>
				<extensions>
					<ns3:TrackPointExtension>
					</ns3:TrackPointExtension>
				</extensions>
			</trkpt>
			<trkpt lat="15.5014838" lon="-88.0377882">
				<ele>122.066</ele>
				<extensions>
					<ns3:TrackPointExtension>
					</ns3:TrackPointExtension>
				</extensions>
			</trkpt>
			<trkpt lat="15.5015576" lon="-88.0377854">
				<ele>122.142</ele>
				<extensions>
					<ns3:TrackPointExtension>
					</ns3:TrackPointExtension>
				</extensions>
			</trkpt>
			<trkpt lat="15.5016314" lon="-88.0377826">
				<ele>122.218</ele>
				<extensions>
					<ns3:TrackPointExtension>
					</ns3:TrackPointExtension>
				</extensions>
			</trkpt>
			<trkpt lat="15.5017052" lon="-88.03777980000001">
				<ele>122.294</ele>
				<extensions>
					<ns3:TrackPointExtension>
					</ns3:TrackPointExtension>
				</extensions>
			</trkpt>
			<trkpt lat="15.501779" lon="-88.037777">
				<ele>122.37</ele>
				<extensions>
					<ns3:TrackPointExtension>
					</ns3:TrackPointExtension>
				</extensions>
			</trkpt>
			<trkpt lat="15.501854000000002" lon="-88.0377666">
				<ele>122.312</ele>
				<extensions>
					<ns3:TrackPointExtension>
					</ns3:TrackPointExtension>
				</extensions>
			</trkpt>
			<trkpt lat="15.501929" lon="-88.0377562">
				<ele>122.254</ele>
				<extensions>
					<ns3:TrackPointExtension>
					</ns3:TrackPointExtension>
				</extensions>
			</trkpt>
			<trkpt lat="15.502004000000001" lon="-88.0377458">
				<ele>122.196</ele>
				<extensions>
					<ns3:TrackPointExtension>
					</ns3:TrackPointExtension>
				</extensions>
			</trkpt>
			<trkpt lat="15.502079" lon="-88.0377354">
				<ele>122.138</ele>
				<extensions>
					<ns3:TrackPointExtension>
					</ns3:TrackPointExtension>
				</extensions>
			</trkpt>
			<trkpt lat="15.502154" lon="-88.037725">
				<ele>122.08</ele>
				<extensions>
					<ns3:TrackPointExtension>
					</ns3:TrackPointExtension>
				</extensions>
			</trkpt>
			<trkpt lat="15.502238285714286" lon="-88.03771228571428">
				<ele>122.01857</ele>
				<extensions>
					<ns3:TrackPointExtension>
					</ns3:TrackPointExtension>
				</extensions>
			</trkpt>
			<trkpt lat="15.502322571428572" lon="-88.03769957142858">
				<ele>121.957146</ele>
				<extensions>
					<ns3:TrackPointExtension>
					</ns3:TrackPointExtension>
				</extensions>
			</trkpt>
			<trkpt lat="15.502406857142857" lon="-88.03768685714286">
				<ele>121.89571</ele>
				<extensions>
					<ns3:TrackPointExtension>
					</ns3:TrackPointExtension>
				</extensions>
			</trkpt>
			<trkpt lat="15.502491142857144" lon="-88.03767414285714">
				<ele>121.83428</ele>
				<extensions>
					<ns3:TrackPointExtension>
					</ns3:TrackPointExtension>
				</extensions>
			</trkpt>
			<trkpt lat="15.50257542857143" lon="-88.03766142857143">
				<ele>121.77286</ele>
				<extensions>
					<ns3:TrackPointExtension>
					</ns3:TrackPointExtension>
				</extensions>
			</trkpt>
			<trkpt lat="15.502659714285715" lon="-88.03764871428572">
				<ele>121.711426</ele>
				<extensions>
					<ns3:TrackPointExtension>
					</ns3:TrackPointExtension>
				</extensions>
			</trkpt>
			<trkpt lat="15.502744" lon="-88.037636">
				<ele>121.65</ele>
				<extensions>
					<ns3:TrackPointExtension>
					</ns3:TrackPointExtension>
				</extensions>
			</trkpt>
			<trkpt lat="15.502813249999999" lon="-88.037625">
				<ele>121.605</ele>
				<extensions>
					<ns3:TrackPointExtension>
					</ns3:TrackPointExtension>
				</extensions>
			</trkpt>
			<trkpt lat="15.5028825" lon="-88.037614">
				<ele>121.56</ele>
				<extensions>
					<ns3:TrackPointExtension>
					</ns3:TrackPointExtension>
				</extensions>
			</trkpt>
			<trkpt lat="15.502951750000001" lon="-88.037603">
				<ele>121.515</ele>
				<extensions>
					<ns3:TrackPointExtension>
					</ns3:TrackPointExtension>
				</extensions>
			</trkpt>
			<trkpt lat="15.503021" lon="-88.037592">
				<ele>121.47</ele>
				<extensions>
					<ns3:TrackPointExtension>
					</ns3:TrackPointExtension>
				</extensions>
			</trkpt>
			<trkpt lat="15.503101857142857" lon="-88.0375822857143">
				<ele>121.601425</ele>
				<extensions>
					<ns3:TrackPointExtension>
					</ns3:TrackPointExtension>
				</extensions>
			</trkpt>
			<trkpt lat="15.503182714285714" lon="-88.03757257142857">
				<ele>121.73286</ele>
				<extensions>
					<ns3:TrackPointExtension>
					</ns3:TrackPointExtension>
				</extensions>
			</trkpt>
			<trkpt lat="15.50326357142857" lon="-88.03756285714286">
				<ele>121.86429</ele>
				<extensions>
					<ns3:TrackPointExtension>
					</ns3:TrackPointExtension>
				</extensions>
			</trkpt>
			<trkpt lat="15.50334442857143" lon="-88.03755314285715">
				<ele>121.99571</ele>
				<extensions>
					<ns3:TrackPointExtension>
					</ns3:TrackPointExtension>
				</extensions>
			</trkpt>
			<trkpt lat="15.503425285714286" lon="-88.03754342857144">
				<ele>122.127144</ele>
				<extensions>
					<ns3:TrackPointExtension>
					</ns3:TrackPointExtension>
				</extensions>
			</trkpt>
			<trkpt lat="15.503506142857143" lon="-88.03753371428571">
				<ele>122.25857</ele>
				<extensions>
					<ns3:TrackPointExtension>
					</ns3:TrackPointExtension>
				</extensions>
			</trkpt>
			<trkpt lat="15.503587" lon="-88.037524">
				<ele>122.39</ele>
				<extensions>
					<ns3:TrackPointExtension>
					</ns3:TrackPointExtension>
				</extensions>
			</trkpt>
			<trkpt lat="15.503673909090908" lon="-88.03751354545454">
				<ele>122.48909</ele>
				<extensions>
					<ns3:TrackPointExtension>
					</ns3:TrackPointExtension>
				</extensions>
			</trkpt>
			<trkpt lat="15.503760818181817" lon="-88.0375030909091">
				<ele>122.58818</ele>
				<extensions>
					<ns3:TrackPointExtension>
					</ns3:TrackPointExtension>
				</extensions>
			</trkpt>
			<trkpt lat="15.503847727272728" lon="-88.03749263636364">
				<ele>122.68727</ele>
				<extensions>
					<ns3:TrackPointExtension>
					</ns3:TrackPointExtension>
				</extensions>
			</trkpt>
			<trkpt lat="15.503934636363637" lon="-88.03748218181818">
				<ele>122.78636</ele>
				<extensions>
					<ns3:TrackPointExtension>
					</ns3:TrackPointExtension>
				</extensions>
			</trkpt>
			<trkpt lat="15.504021545454545" lon="-88.03747172727273">
				<ele>122.88545</ele>
				<extensions>
					<ns3:TrackPointExtension>
					</ns3:TrackPointExtension>
				</extensions>
			</trkpt>
			<trkpt lat="15.504108454545454" lon="-88.03746127272727">
				<ele>122.98454</ele>
				<extensions>
					<ns3:TrackPointExtension>
					</ns3:TrackPointExtension>
				</extensions>
			</trkpt>
			<trkpt lat="15.504195363636363" lon="-88.03745081818182">
				<ele>123.08363</ele>
				<extensions>
					<ns3:TrackPointExtension>
					</ns3:TrackPointExtension>
				</extensions>
			</trkpt>
			<trkpt lat="15.504282272727272" lon="-88.03744036363636">
				<ele>123.182724</ele>
				<extensions>
					<ns3:TrackPointExtension>
					</ns3:TrackPointExtension>
				</extensions>
			</trkpt>
			<trkpt lat="15.504369181818182" lon="-88.0374299090909">
				<ele>123.281815</ele>
				<extensions>
					<ns3:TrackPointExtension>
					</ns3:TrackPointExtension>
				</extensions>
			</trkpt>
			<trkpt lat="15.504456090909091" lon="-88.03741945454546">
				<ele>123.38091</ele>
				<extensions>
					<ns3:TrackPointExtension>
					</ns3:TrackPointExtension>
				</extensions>
			</trkpt>
			<trkpt lat="15.504543" lon="-88.037409">
				<ele>123.48</ele>
				<extensions>
					<ns3:TrackPointExtension>
					</ns3:TrackPointExtension>
				</extensions>
			</trkpt>
			<trkpt lat="15.504631666666667" lon="-88.03739783333333">
				<ele>123.39833</ele>
				<extensions>
					<ns3:TrackPointExtension>
					</ns3:TrackPointExtension>
				</extensions>
			</trkpt>
			<trkpt lat="15.504720333333333" lon="-88.03738666666666">
				<ele>123.316666</ele>
				<extensions>
					<ns3:TrackPointExtension>
					</ns3:TrackPointExtension>
				</extensions>
			</trkpt>
			<trkpt lat="15.504809" lon="-88.0373755">
				<ele>123.235</ele>
				<extensions>
					<ns3:TrackPointExtension>
					</ns3:TrackPointExtension>
				</extensions>
			</trkpt>
			<trkpt lat="15.504897666666666" lon="-88.03736433333333">
				<ele>123.153336</ele>
				<extensions>
					<ns3:TrackPointExtension>
					</ns3:TrackPointExtension>
				</extensions>
			</trkpt>
			<trkpt lat="15.504986333333333" lon="-88.03735316666666">
				<ele>123.07166</ele>
				<extensions>
					<ns3:TrackPointExtension>
					</ns3:TrackPointExtension>
				</extensions>
			</trkpt>
			<trkpt lat="15.505075" lon="-88.037342">
				<ele>122.99</ele>
				<extensions>
					<ns3:TrackPointExtension>
					</ns3:TrackPointExtension>
				</extensions>
			</trkpt>
			<trkpt lat="15.505163666666666" lon="-88.03733083333333">
				<ele>122.90833</ele>
				<extensions>
					<ns3:TrackPointExtension>
					</ns3:TrackPointExtension>
				</extensions>
			</trkpt>
			<trkpt lat="15.505252333333333" lon="-88.03731966666666">
				<ele>122.82667</ele>
				<extensions>
					<ns3:TrackPointExtension>
					</ns3:TrackPointExtension>
				</extensions>
			</trkpt>
			<trkpt lat="15.505341" lon="-88.0373085">
				<ele>122.745</ele>
				<extensions>
					<ns3:TrackPointExtension>
					</ns3:TrackPointExtension>
				</extensions>
			</trkpt>
			<trkpt lat="15.505429666666666" lon="-88.03729733333333">
				<ele>122.66333</ele>
				<extensions>
					<ns3:TrackPointExtension>
					</ns3:TrackPointExtension>
				</extensions>
			</trkpt>
			<trkpt lat="15.505518333333333" lon="-88.03728616666666">
				<ele>122.581665</ele>
				<extensions>
					<ns3:TrackPointExtension>
					</ns3:TrackPointExtension>
				</extensions>
			</trkpt>
			<trkpt lat="15.505607" lon="-88.037275">
				<ele>122.5</ele>
				<extensions>
					<ns3:TrackPointExtension>
					</ns3:TrackPointExtension>
				</extensions>
			</trkpt>
			<trkpt lat="15.505694888888888" lon="-88.0372641111111">
				<ele>122.38333</ele>
				<extensions>
					<ns3:TrackPointExtension>
					</ns3:TrackPointExtension>
				</extensions>
			</trkpt>
			<trkpt lat="15.505782777777778" lon="-88.03725322222222">
				<ele>122.26667</ele>
				<extensions>
					<ns3:TrackPointExtension>
					</ns3:TrackPointExtension>
				</extensions>
			</trkpt>
			<trkpt lat="15.505870666666667" lon="-88.03724233333332">
				<ele>122.15</ele>
				<extensions>
					<ns3:TrackPointExtension>
					</ns3:TrackPointExtension>
				</extensions>
			</trkpt>
			<trkpt lat="15.505958555555555" lon="-88.03723144444444">
				<ele>122.03333</ele>
				<extensions>
					<ns3:TrackPointExtension>
					</ns3:TrackPointExtension>
				</extensions>
			</trkpt>
			<trkpt lat="15.506046444444445" lon="-88.03722055555555">
				<ele>121.916664</ele>
				<extensions>
					<ns3:TrackPointExtension>
					</ns3:TrackPointExtension>
				</extensions>
			</trkpt>
			<trkpt lat="15.506134333333334" lon="-88.03720966666667">
				<ele>121.8</ele>
				<extensions>
					<ns3:TrackPointExtension>
					</ns3:TrackPointExtension>
				</extensions>
			</trkpt>
			<trkpt lat="15.506222222222222" lon="-88.03719877777777">
				<ele>121.683334</ele>
				<extensions>
					<ns3:TrackPointExtension>
					</ns3:TrackPointExtension>
				</extensions>
			</trkpt>
			<trkpt lat="15.506310111111112" lon="-88.0371878888889">
				<ele>121.566666</ele>
				<extensions>
					<ns3:TrackPointExtension>
					</ns3:TrackPointExtension>
				</extensions>
			</trkpt>
			<trkpt lat="15.506398" lon="-88.037177">
				<ele>121.46</ele>
				<extensions>
					<ns3:TrackPointExtension>
					</ns3:TrackPointExtension>
				</extensions>
			</trkpt>
			<trkpt lat="15.506458" lon="-88.0371695">
				<ele>121.35</ele>
				<extensions>
					<ns3:TrackPointExtension>
					</ns3:TrackPointExtension>
				</extensions>
			</trkpt>
			<trkpt lat="15.506518" lon="-88.037162">
				<ele>121.24</ele>
				<extensions>
					<ns3:TrackPointExtension>
					</ns3:TrackPointExtension>
				</extensions>
			</trkpt>
			<trkpt lat="15.506570499999999" lon="-88.037151">
				<ele>120.92</ele>
				<extensions>
					<ns3:TrackPointExtension>
					</ns3:TrackPointExtension>
				</extensions>
			</trkpt>
			<trkpt lat="15.506623" lon="-88.03714">
				<ele>120.6</ele>
				<extensions>
					<ns3:TrackPointExtension>
					</ns3:TrackPointExtension>
				</extensions>
			</trkpt>
			<trkpt lat="15.506621" lon="-88.03705">
				<ele>120.51</ele>
				<extensions>
					<ns3:TrackPointExtension>
					</ns3:TrackPointExtension>
				</extensions>
			</trkpt>
			<trkpt lat="15.506687" lon="-88.036994">
				<ele>120.27</ele>
				<extensions>
					<ns3:TrackPointExtension>
					</ns3:TrackPointExtension>
				</extensions>
			</trkpt>
			<trkpt lat="15.506724" lon="-88.036925">
				<ele>120.04</ele>
				<extensions>
					<ns3:TrackPointExtension>
					</ns3:TrackPointExtension>
				</extensions>
			</trkpt>
			<trkpt lat="15.506774" lon="-88.036912">
				<ele>120.0</ele>
				<extensions>
					<ns3:TrackPointExtension>
					</ns3:TrackPointExtension>
				</extensions>
			</trkpt>
			<trkpt lat="15.506774" lon="-88.036826">
				<ele>119.99</ele>
				<extensions>
					<ns3:TrackPointExtension>
					</ns3:TrackPointExtension>
				</extensions>
			</trkpt>
			<trkpt lat="15.506765999999999" lon="-88.036744">
				<ele>119.975</ele>
				<extensions>
					<ns3:TrackPointExtension>
					</ns3:TrackPointExtension>
				</extensions>
			</trkpt>
			<trkpt lat="15.506758" lon="-88.036662">
				<ele>119.96</ele>
				<extensions>
					<ns3:TrackPointExtension>
					</ns3:TrackPointExtension>
				</extensions>
			</trkpt>
			<trkpt lat="15.50675" lon="-88.036578">
				<ele>119.71</ele>
				<extensions>
					<ns3:TrackPointExtension>
					</ns3:TrackPointExtension>
				</extensions>
			</trkpt>
			<trkpt lat="15.506742" lon="-88.036494">
				<ele>119.46</ele>
				<extensions>
					<ns3:TrackPointExtension>
					</ns3:TrackPointExtension>
				</extensions>
			</trkpt>
			<trkpt lat="15.506734" lon="-88.03641">
				<ele>119.21</ele>
				<extensions>
					<ns3:TrackPointExtension>
					</ns3:TrackPointExtension>
				</extensions>
			</trkpt>
			<trkpt lat="15.506725999999999" lon="-88.036326">
				<ele>118.96</ele>
				<extensions>
					<ns3:TrackPointExtension>
					</ns3:TrackPointExtension>
				</extensions>
			</trkpt>
			<trkpt lat="15.506718" lon="-88.036242">
				<ele>118.7</ele>
				<extensions>
					<ns3:TrackPointExtension>
					</ns3:TrackPointExtension>
				</extensions>
			</trkpt>
			<trkpt lat="15.5067082" lon="-88.0361512">
				<ele>118.416</ele>
				<extensions>
					<ns3:TrackPointExtension>
					</ns3:TrackPointExtension>
				</extensions>
			</trkpt>
			<trkpt lat="15.5066984" lon="-88.0360604">
				<ele>118.132</ele>
				<extensions>
					<ns3:TrackPointExtension>
					</ns3:TrackPointExtension>
				</extensions>
			</trkpt>
			<trkpt lat="15.5066886" lon="-88.0359696">
				<ele>117.848</ele>
				<extensions>
					<ns3:TrackPointExtension>
					</ns3:TrackPointExtension>
				</extensions>
			</trkpt>
			<trkpt lat="15.5066788" lon="-88.03587879999999">
				<ele>117.564</ele>
				<extensions>
					<ns3:TrackPointExtension>
					</ns3:TrackPointExtension>
				</extensions>
			</trkpt>
			<trkpt lat="15.506669" lon="-88.035788">
				<ele>117.28</ele>
				<extensions>
					<ns3:TrackPointExtension>
					</ns3:TrackPointExtension>
				</extensions>
			</trkpt>
			<trkpt lat="15.506659875" lon="-88.03570574999999">
				<ele>116.765</ele>
				<extensions>
					<ns3:TrackPointExtension>
					</ns3:TrackPointExtension>
				</extensions>
			</trkpt>
			<trkpt lat="15.50665075" lon="-88.0356235">
				<ele>116.25</ele>
				<extensions>
					<ns3:TrackPointExtension>
					</ns3:TrackPointExtension>
				</extensions>
			</trkpt>
			<trkpt lat="15.506641625" lon="-88.03554125">
				<ele>115.735</ele>
				<extensions>
					<ns3:TrackPointExtension>
					</ns3:TrackPointExtension>
				</extensions>
			</trkpt>
			<trkpt lat="15.5066325" lon="-88.035459">
				<ele>115.22</ele>
				<extensions>
					<ns3:TrackPointExtension>
					</ns3:TrackPointExtension>
				</extensions>
			</trkpt>
			<trkpt lat="15.506623375" lon="-88.03537675">
				<ele>114.705</ele>
				<extensions>
					<ns3:TrackPointExtension>
					</ns3:TrackPointExtension>
				</extensions>
			</trkpt>
			<trkpt lat="15.50661425" lon="-88.03529449999999">
				<ele>114.19</ele>
				<extensions>
					<ns3:TrackPointExtension>
					</ns3:TrackPointExtension>
				</extensions>
			</trkpt>
			<trkpt lat="15.506605125" lon="-88.03521225">
				<ele>113.675</ele>
				<extensions>
					<ns3:TrackPointExtension>
					</ns3:TrackPointExtension>
				</extensions>
			</trkpt>
			<trkpt lat="15.506596" lon="-88.03513">
				<ele>113.16</ele>
				<extensions>
					<ns3:TrackPointExtension>
					</ns3:TrackPointExtension>
				</extensions>
			</trkpt>
			<trkpt lat="15.506589285714286" lon="-88.03504099999999">
				<ele>113.04714</ele>
				<extensions>
					<ns3:TrackPointExtension>
					</ns3:TrackPointExtension>
				</extensions>
			</trkpt>
			<trkpt lat="15.506582571428572" lon="-88.034952">
				<ele>112.93429</ele>
				<extensions>
					<ns3:TrackPointExtension>
					</ns3:TrackPointExtension>
				</extensions>
			</trkpt>
			<trkpt lat="15.506575857142858" lon="-88.034863">
				<ele>112.82143</ele>
				<extensions>
					<ns3:TrackPointExtension>
					</ns3:TrackPointExtension>
				</extensions>
			</trkpt>
			<trkpt lat="15.506569142857142" lon="-88.034774">
				<ele>112.70857</ele>
				<extensions>
					<ns3:TrackPointExtension>
					</ns3:TrackPointExtension>
				</extensions>
			</trkpt>
			<trkpt lat="15.506562428571428" lon="-88.034685">
				<ele>112.59571</ele>
				<extensions>
					<ns3:TrackPointExtension>
					</ns3:TrackPointExtension>
				</extensions>
			</trkpt>
			<trkpt lat="15.506555714285714" lon="-88.03459600000001">
				<ele>112.48286</ele>
				<extensions>
					<ns3:TrackPointExtension>
					</ns3:TrackPointExtension>
				</extensions>
			</trkpt>
			<trkpt lat="15.506549" lon="-88.034507">
				<ele>112.37</ele>
				<extensions>
					<ns3:TrackPointExtension>
					</ns3:TrackPointExtension>
				</extensions>
			</trkpt>
			<trkpt lat="15.506542" lon="-88.03441454545455">
				<ele>112.07273</ele>
				<extensions>
					<ns3:TrackPointExtension>
					</ns3:TrackPointExtension>
				</extensions>
			</trkpt>
			<trkpt lat="15.506535" lon="-88.0343220909091">
				<ele>111.77545</ele>
				<extensions>
					<ns3:TrackPointExtension>
					</ns3:TrackPointExtension>
				</extensions>
			</trkpt>
			<trkpt lat="15.506528" lon="-88.03422963636363">
				<ele>111.47818</ele>
				<extensions>
					<ns3:TrackPointExtension>
					</ns3:TrackPointExtension>
				</extensions>
			</trkpt>
			<trkpt lat="15.506521" lon="-88.03413718181818">
				<ele>111.18091</ele>
				<extensions>
					<ns3:TrackPointExtension>
					</ns3:TrackPointExtension>
				</extensions>
			</trkpt>
			<trkpt lat="15.506514" lon="-88.03404472727273">
				<ele>110.88364</ele>
				<extensions>
					<ns3:TrackPointExtension>
					</ns3:TrackPointExtension>
				</extensions>
			</trkpt>
			<trkpt lat="15.506507000000001" lon="-88.03395227272728">
				<ele>110.586365</ele>
				<extensions>
					<ns3:TrackPointExtension>
					</ns3:TrackPointExtension>
				</extensions>
			</trkpt>
			<trkpt lat="15.5065" lon="-88.03385981818182">
				<ele>110.28909</ele>
				<extensions>
					<ns3:TrackPointExtension>
					</ns3:TrackPointExtension>
				</extensions>
			</trkpt>
			<trkpt lat="15.506493" lon="-88.03376736363637">
				<ele>109.99182</ele>
				<extensions>
					<ns3:TrackPointExtension>
					</ns3:TrackPointExtension>
				</extensions>
			</trkpt>
			<trkpt lat="15.506486" lon="-88.0336749090909">
				<ele>109.69454</ele>
				<extensions>
					<ns3:TrackPointExtension>
					</ns3:TrackPointExtension>
				</extensions>
			</trkpt>
			<trkpt lat="15.506479" lon="-88.03358245454545">
				<ele>109.39727</ele>
				<extensions>
					<ns3:TrackPointExtension>
					</ns3:TrackPointExtension>
				</extensions>
			</trkpt>
			<trkpt lat="15.506472" lon="-88.03349">
				<ele>109.1</ele>
				<extensions>
					<ns3:TrackPointExtension>
					</ns3:TrackPointExtension>
				</extensions>
			</trkpt>
			<trkpt lat="15.506465636363636" lon="-88.03339981818182">
				<ele>108.81</ele>
				<extensions>
					<ns3:TrackPointExtension>
					</ns3:TrackPointExtension>
				</extensions>
			</trkpt>
			<trkpt lat="15.506459272727273" lon="-88.03330963636364">
				<ele>108.52</ele>
				<extensions>
					<ns3:TrackPointExtension>
					</ns3:TrackPointExtension>
				</extensions>
			</trkpt>
			<trkpt lat="15.506452909090909" lon="-88.03321945454546">
				<ele>108.23</ele>
				<extensions>
					<ns3:TrackPointExtension>
					</ns3:TrackPointExtension>
				</extensions>
			</trkpt>
			<trkpt lat="15.506446545454546" lon="-88.03312927272728">
				<ele>107.94</ele>
				<extensions>
					<ns3:TrackPointExtension>
					</ns3:TrackPointExtension>
				</extensions>
			</trkpt>
			<trkpt lat="15.506440181818181" lon="-88.0330390909091">
				<ele>107.65</ele>
				<extensions>
					<ns3:TrackPointExtension>
					</ns3:TrackPointExtension>
				</extensions>
			</trkpt>
			<trkpt lat="15.506433818181819" lon="-88.0329489090909">
				<ele>107.36</ele>
				<extensions>
					<ns3:TrackPointExtension>
					</ns3:TrackPointExtension>
				</extensions>
			</trkpt>
			<trkpt lat="15.506427454545454" lon="-88.03285872727272">
				<ele>107.07</ele>
				<extensions>
					<ns3:TrackPointExtension>
					</ns3:TrackPointExtension>
				</extensions>
			</trkpt>
			<trkpt lat="15.506421090909091" lon="-88.03276854545454">
				<ele>106.78</ele>
				<extensions>
					<ns3:TrackPointExtension>
					</ns3:TrackPointExtension>
				</extensions>
			</trkpt>
			<trkpt lat="15.506414727272727" lon="-88.03267836363636">
				<ele>106.49</ele>
				<extensions>
					<ns3:TrackPointExtension>
					</ns3:TrackPointExtension>
				</extensions>
			</trkpt>
			<trkpt lat="15.506408363636364" lon="-88.03258818181818">
				<ele>106.2</ele>
				<extensions>
					<ns3:TrackPointExtension>
					</ns3:TrackPointExtension>
				</extensions>
			</trkpt>
			<trkpt lat="15.506402" lon="-88.032498">
				<ele>105.91</ele>
				<extensions>
					<ns3:TrackPointExtension>
					</ns3:TrackPointExtension>
				</extensions>
			</trkpt>
			<trkpt lat="15.5063958" lon="-88.0324124">
				<ele>105.682</ele>
				<extensions>
					<ns3:TrackPointExtension>
					</ns3:TrackPointExtension>
				</extensions>
			</trkpt>
			<trkpt lat="15.5063896" lon="-88.0323268">
				<ele>105.454</ele>
				<extensions>
					<ns3:TrackPointExtension>
					</ns3:TrackPointExtension>
				</extensions>
			</trkpt>
			<trkpt lat="15.506383399999999" lon="-88.0322412">
				<ele>105.226</ele>
				<extensions>
					<ns3:TrackPointExtension>
					</ns3:TrackPointExtension>
				</extensions>
			</trkpt>
			<trkpt lat="15.5063772" lon="-88.03215560000001">
				<ele>104.998</ele>
				<extensions>
					<ns3:TrackPointExtension>
					</ns3:TrackPointExtension>
				</extensions>
			</trkpt>
			<trkpt lat="15.506371" lon="-88.03207">
				<ele>104.77</ele>
				<extensions>
					<ns3:TrackPointExtension>
					</ns3:TrackPointExtension>
				</extensions>
			</trkpt>
			<trkpt lat="15.5063648" lon="-88.0319844">
				<ele>104.542</ele>
				<extensions>
					<ns3:TrackPointExtension>
					</ns3:TrackPointExtension>
				</extensions>
			</trkpt>
			<trkpt lat="15.5063586" lon="-88.03189880000001">
				<ele>104.314</ele>
				<extensions>
					<ns3:TrackPointExtension>
					</ns3:TrackPointExtension>
				</extensions>
			</trkpt>
			<trkpt lat="15.506352399999999" lon="-88.0318132">
				<ele>104.086</ele>
				<extensions>
					<ns3:TrackPointExtension>
					</ns3:TrackPointExtension>
				</extensions>
			</trkpt>
			<trkpt lat="15.5063462" lon="-88.03172760000001">
				<ele>103.858</ele>
				<extensions>
					<ns3:TrackPointExtension>
					</ns3:TrackPointExtension>
				</extensions>
			</trkpt>
			<trkpt lat="15.50634" lon="-88.031642">
				<ele>103.63</ele>
				<extensions>
					<ns3:TrackPointExtension>
					</ns3:TrackPointExtension>
				</extensions>
			</trkpt>
			<trkpt lat="15.506335" lon="-88.03156433333334">
				<ele>103.525</ele>
				<extensions>
					<ns3:TrackPointExtension>
					</ns3:TrackPointExtension>
				</extensions>
			</trkpt>
			<trkpt lat="15.50633" lon="-88.03148666666667">
				<ele>103.42</ele>
				<extensions>
					<ns3:TrackPointExtension>
					</ns3:TrackPointExtension>
				</extensions>
			</trkpt>
			<trkpt lat="15.506325" lon="-88.031409">
				<ele>103.315</ele>
				<extensions>
					<ns3:TrackPointExtension>
					</ns3:TrackPointExtension>
				</extensions>
			</trkpt>
			<trkpt lat="15.506319999999999" lon="-88.03133133333334">
				<ele>103.21</ele>
				<extensions>
					<ns3:TrackPointExtension>
					</ns3:TrackPointExtension>
				</extensions>
			</trkpt>
			<trkpt lat="15.506314999999999" lon="-88.03125366666667">
				<ele>103.105</ele>
				<extensions>
					<ns3:TrackPointExtension>
					</ns3:TrackPointExtension>
				</extensions>
			</trkpt>
			<trkpt lat="15.50631" lon="-88.031176">
				<ele>103.0</ele>
				<extensions>
					<ns3:TrackPointExtension>
					</ns3:TrackPointExtension>
				</extensions>
			</trkpt>
			<trkpt lat="15.506301624999999" lon="-88.031086125">
				<ele>102.49125</ele>
				<extensions>
					<ns3:TrackPointExtension>
					</ns3:TrackPointExtension>
				</extensions>
			</trkpt>
			<trkpt lat="15.506293249999999" lon="-88.03099625">
				<ele>101.9825</ele>
				<extensions>
					<ns3:TrackPointExtension>
					</ns3:TrackPointExtension>
				</extensions>
			</trkpt>
			<trkpt lat="15.506284874999999" lon="-88.030906375">
				<ele>101.47375</ele>
				<extensions>
					<ns3:TrackPointExtension>
					</ns3:TrackPointExtension>
				</extensions>
			</trkpt>
			<trkpt lat="15.506276499999998" lon="-88.0308165">
				<ele>100.965</ele>
				<extensions>
					<ns3:TrackPointExtension>
					</ns3:TrackPointExtension>
				</extensions>
			</trkpt>
			<trkpt lat="15.506268125" lon="-88.030726625">
				<ele>100.45625</ele>
				<extensions>
					<ns3:TrackPointExtension>
					</ns3:TrackPointExtension>
				</extensions>
			</trkpt>
			<trkpt lat="15.50625975" lon="-88.03063675">
				<ele>99.9475</ele>
				<extensions>
					<ns3:TrackPointExtension>
					</ns3:TrackPointExtension>
				</extensions>
			</trkpt>
			<trkpt lat="15.506251375" lon="-88.030546875">
				<ele>99.43875</ele>
				<extensions>
					<ns3:TrackPointExtension>
					</ns3:TrackPointExtension>
				</extensions>
			</trkpt>
			<trkpt lat="15.506243" lon="-88.030457">
				<ele>98.93</ele>
				<extensions>
					<ns3:TrackPointExtension>
					</ns3:TrackPointExtension>
				</extensions>
			</trkpt>
			<trkpt lat="15.506233714285713" lon="-88.03037128571428">
				<ele>98.777145</ele>
				<extensions>
					<ns3:TrackPointExtension>
					</ns3:TrackPointExtension>
				</extensions>
			</trkpt>
			<trkpt lat="15.506224428571429" lon="-88.03028557142858">
				<ele>98.62428</ele>
				<extensions>
					<ns3:TrackPointExtension>
					</ns3:TrackPointExtension>
				</extensions>
			</trkpt>
			<trkpt lat="15.506215142857142" lon="-88.03019985714286">
				<ele>98.47143</ele>
				<extensions>
					<ns3:TrackPointExtension>
					</ns3:TrackPointExtension>
				</extensions>
			</trkpt>
			<trkpt lat="15.506205857142858" lon="-88.03011414285714">
				<ele>98.31857</ele>
				<extensions>
					<ns3:TrackPointExtension>
					</ns3:TrackPointExtension>
				</extensions>
			</trkpt>
			<trkpt lat="15.506196571428571" lon="-88.03002842857143">
				<ele>98.16572</ele>
				<extensions>
					<ns3:TrackPointExtension>
					</ns3:TrackPointExtension>
				</extensions>
			</trkpt>
			<trkpt lat="15.506187285714287" lon="-88.02994271428572">
				<ele>98.012856</ele>
				<extensions>
					<ns3:TrackPointExtension>
					</ns3:TrackPointExtension>
				</extensions>
			</trkpt>
			<trkpt lat="15.506178" lon="-88.029857">
				<ele>97.86</ele>
				<extensions>
					<ns3:TrackPointExtension>
					</ns3:TrackPointExtension>
				</extensions>
			</trkpt>
			<trkpt lat="15.506169333333334" lon="-88.02978566666667">
				<ele>97.95333</ele>
				<extensions>
					<ns3:TrackPointExtension>
					</ns3:TrackPointExtension>
				</extensions>
			</trkpt>
			<trkpt lat="15.506160666666666" lon="-88.02971433333333">
				<ele>98.04667</ele>
				<extensions>
					<ns3:TrackPointExtension>
					</ns3:TrackPointExtension>
				</extensions>
			</trkpt>
			<trkpt lat="15.506152" lon="-88.029643">
				<ele>98.14</ele>
				<extensions>
					<ns3:TrackPointExtension>
					</ns3:TrackPointExtension>
				</extensions>
			</trkpt>
			<trkpt lat="15.506148" lon="-88.02955333333333">
				<ele>97.486664</ele>
				<extensions>
					<ns3:TrackPointExtension>
					</ns3:TrackPointExtension>
				</extensions>
			</trkpt>
			<trkpt lat="15.506144" lon="-88.02946366666667">
				<ele>96.833336</ele>
				<extensions>
					<ns3:TrackPointExtension>
					</ns3:TrackPointExtension>
				</extensions>
			</trkpt>
			<trkpt lat="15.50614" lon="-88.029374">
				<ele>96.17</ele>
				<extensions>
					<ns3:TrackPointExtension>
					</ns3:TrackPointExtension>
				</extensions>
			</trkpt>
			<trkpt lat="15.506137" lon="-88.029318">
				<ele>95.77</ele>
				<extensions>
					<ns3:TrackPointExtension>
					</ns3:TrackPointExtension>
				</extensions>
			</trkpt>
			<trkpt lat="15.506155" lon="-88.0292635">
				<ele>95.385</ele>
				<extensions>
					<ns3:TrackPointExtension>
					</ns3:TrackPointExtension>
				</extensions>
			</trkpt>
			<trkpt lat="15.506173" lon="-88.029209">
				<ele>95.0</ele>
				<extensions>
					<ns3:TrackPointExtension>
					</ns3:TrackPointExtension>
				</extensions>
			</trkpt>
			<trkpt lat="15.506165555555556" lon="-88.02912377777777">
				<ele>94.86667</ele>
				<extensions>
					<ns3:TrackPointExtension>
					</ns3:TrackPointExtension>
				</extensions>
			</trkpt>
			<trkpt lat="15.506158111111112" lon="-88.02903855555554">
				<ele>94.73333</ele>
				<extensions>
					<ns3:TrackPointExtension>
					</ns3:TrackPointExtension>
				</extensions>
			</trkpt>
			<trkpt lat="15.506150666666667" lon="-88.02895333333333">
				<ele>94.6</ele>
				<extensions>
					<ns3:TrackPointExtension>
					</ns3:TrackPointExtension>
				</extensions>
			</trkpt>
			<trkpt lat="15.506143222222223" lon="-88.02886811111111">
				<ele>94.46667</ele>
				<extensions>
					<ns3:TrackPointExtension>
					</ns3:TrackPointExtension>
				</extensions>
			</trkpt>
			<trkpt lat="15.506135777777779" lon="-88.02878288888888">
				<ele>94.333336</ele>
				<extensions>
					<ns3:TrackPointExtension>
					</ns3:TrackPointExtension>
				</extensions>
			</trkpt>
			<trkpt lat="15.506128333333335" lon="-88.02869766666666">
				<ele>94.2</ele>
				<extensions>
					<ns3:TrackPointExtension>
					</ns3:TrackPointExtension>
				</extensions>
			</trkpt>
			<trkpt lat="15.506120888888889" lon="-88.02861244444445">
				<ele>94.066666</ele>
				<extensions>
					<ns3:TrackPointExtension>
					</ns3:TrackPointExtension>
				</extensions>
			</trkpt>
			<trkpt lat="15.506113444444445" lon="-88.02852722222222">
				<ele>93.933334</ele>
				<extensions>
					<ns3:TrackPointExtension>
					</ns3:TrackPointExtension>
				</extensions>
			</trkpt>
			<trkpt lat="15.506106" lon="-88.028442">
				<ele>93.8</ele>
				<extensions>
					<ns3:TrackPointExtension>
					</ns3:TrackPointExtension>
				</extensions>
			</trkpt>
			<trkpt lat="15.50615" lon="-88.028438">
				<ele>93.75</ele>
				<extensions>
					<ns3:TrackPointExtension>
					</ns3:TrackPointExtension>
				</extensions>
			</trkpt>
			<trkpt lat="15.506106" lon="-88.028442">
				<ele>93.8</ele>
				<extensions>
					<ns3:TrackPointExtension>
					</ns3:TrackPointExtension>
				</extensions>
			</trkpt>
			<trkpt lat="15.506097714285715" lon="-88.02834928571428">
				<ele>93.524284</ele>
				<extensions>
					<ns3:TrackPointExtension>
					</ns3:TrackPointExtension>
				</extensions>
			</trkpt>
			<trkpt lat="15.506089428571428" lon="-88.02825657142857">
				<ele>93.24857</ele>
				<extensions>
					<ns3:TrackPointExtension>
					</ns3:TrackPointExtension>
				</extensions>
			</trkpt>
			<trkpt lat="15.506081142857143" lon="-88.02816385714286">
				<ele>92.972855</ele>
				<extensions>
					<ns3:TrackPointExtension>
					</ns3:TrackPointExtension>
				</extensions>
			</trkpt>
			<trkpt lat="15.506072857142858" lon="-88.02807114285714">
				<ele>92.69714</ele>
				<extensions>
					<ns3:TrackPointExtension>
					</ns3:TrackPointExtension>
				</extensions>
			</trkpt>
			<trkpt lat="15.506064571428572" lon="-88.02797842857143">
				<ele>92.421425</ele>
				<extensions>
					<ns3:TrackPointExtension>
					</ns3:TrackPointExtension>
				</extensions>
			</trkpt>
			<trkpt lat="15.506056285714285" lon="-88.02788571428572">
				<ele>92.14571</ele>
				<extensions>
					<ns3:TrackPointExtension>
					</ns3:TrackPointExtension>
				</extensions>
			</trkpt>
			<trkpt lat="15.506048" lon="-88.027793">
				<ele>91.87</ele>
				<extensions>
					<ns3:TrackPointExtension>
					</ns3:TrackPointExtension>
				</extensions>
			</trkpt>
			<trkpt lat="15.506039885714285" lon="-88.02770108571428">
				<ele>91.65971</ele>
				<extensions>
					<ns3:TrackPointExtension>
					</ns3:TrackPointExtension>
				</extensions>
			</trkpt>
			<trkpt lat="15.506031771428571" lon="-88.02760917142858">
				<ele>91.44943</ele>
				<extensions>
					<ns3:TrackPointExtension>
					</ns3:TrackPointExtension>
				</extensions>
			</trkpt>
			<trkpt lat="15.506023657142856" lon="-88.02751725714286">
				<ele>91.23914</ele>
				<extensions>
					<ns3:TrackPointExtension>
					</ns3:TrackPointExtension>
				</extensions>
			</trkpt>
			<trkpt lat="15.506015542857142" lon="-88.02742534285714">
				<ele>91.028854</ele>
				<extensions>
					<ns3:TrackPointExtension>
					</ns3:TrackPointExtension>
				</extensions>
			</trkpt>
			<trkpt lat="15.506007428571428" lon="-88.02733342857142">
				<ele>90.81857</ele>
				<extensions>
					<ns3:TrackPointExtension>
					</ns3:TrackPointExtension>
				</extensions>
			</trkpt>
			<trkpt lat="15.505999314285715" lon="-88.02724151428572">
				<ele>90.608284</ele>
				<extensions>
					<ns3:TrackPointExtension>
					</ns3:TrackPointExtension>
				</extensions>
			</trkpt>
			<trkpt lat="15.5059912" lon="-88.0271496">
				<ele>90.398</ele>
				<extensions>
					<ns3:TrackPointExtension>
					</ns3:TrackPointExtension>
				</extensions>
			</trkpt>
			<trkpt lat="15.505983085714286" lon="-88.02705768571428">
				<ele>90.18771</ele>
				<extensions>
					<ns3:TrackPointExtension>
					</ns3:TrackPointExtension>
				</extensions>
			</trkpt>
			<trkpt lat="15.505974971428572" lon="-88.02696577142858">
				<ele>89.97743</ele>
				<extensions>
					<ns3:TrackPointExtension>
					</ns3:TrackPointExtension>
				</extensions>
			</trkpt>
			<trkpt lat="15.505966857142857" lon="-88.02687385714286">
				<ele>89.76714</ele>
				<extensions>
					<ns3:TrackPointExtension>
					</ns3:TrackPointExtension>
				</extensions>
			</trkpt>
			<trkpt lat="15.505958742857143" lon="-88.02678194285714">
				<ele>89.556854</ele>
				<extensions>
					<ns3:TrackPointExtension>
					</ns3:TrackPointExtension>
				</extensions>
			</trkpt>
			<trkpt lat="15.505950628571428" lon="-88.02669002857142">
				<ele>89.34657</ele>
				<extensions>
					<ns3:TrackPointExtension>
					</ns3:TrackPointExtension>
				</extensions>
			</trkpt>
			<trkpt lat="15.505942514285714" lon="-88.02659811428572">
				<ele>89.136284</ele>
				<extensions>
					<ns3:TrackPointExtension>
					</ns3:TrackPointExtension>
				</extensions>
			</trkpt>
			<trkpt lat="15.5059344" lon="-88.0265062">
				<ele>88.926</ele>
				<extensions>
					<ns3:TrackPointExtension>
					</ns3:TrackPointExtension>
				</extensions>
			</trkpt>
			<trkpt lat="15.505926285714285" lon="-88.02641428571428">
				<ele>88.71571</ele>
				<extensions>
					<ns3:TrackPointExtension>
					</ns3:TrackPointExtension>
				</extensions>
			</trkpt>
			<trkpt lat="15.50591817142857" lon="-88.02632237142858">
				<ele>88.50543</ele>
				<extensions>
					<ns3:TrackPointExtension>
					</ns3:TrackPointExtension>
				</extensions>
			</trkpt>
			<trkpt lat="15.505910057142856" lon="-88.02623045714286">
				<ele>88.29514</ele>
				<extensions>
					<ns3:TrackPointExtension>
					</ns3:TrackPointExtension>
				</extensions>
			</trkpt>
			<trkpt lat="15.505901942857143" lon="-88.02613854285714">
				<ele>88.084854</ele>
				<extensions>
					<ns3:TrackPointExtension>
					</ns3:TrackPointExtension>
				</extensions>
			</trkpt>
			<trkpt lat="15.505893828571429" lon="-88.02604662857142">
				<ele>87.87457</ele>
				<extensions>
					<ns3:TrackPointExtension>
					</ns3:TrackPointExtension>
				</extensions>
			</trkpt>
			<trkpt lat="15.505885714285714" lon="-88.02595471428572">
				<ele>87.66428</ele>
				<extensions>
					<ns3:TrackPointExtension>
					</ns3:TrackPointExtension>
				</extensions>
			</trkpt>
			<trkpt lat="15.5058776" lon="-88.0258628">
				<ele>87.454</ele>
				<extensions>
					<ns3:TrackPointExtension>
					</ns3:TrackPointExtension>
				</extensions>
			</trkpt>
			<trkpt lat="15.505869485714285" lon="-88.02577088571428">
				<ele>87.24371</ele>
				<extensions>
					<ns3:TrackPointExtension>
					</ns3:TrackPointExtension>
				</extensions>
			</trkpt>
			<trkpt lat="15.505861371428571" lon="-88.02567897142858">
				<ele>87.03343</ele>
				<extensions>
					<ns3:TrackPointExtension>
					</ns3:TrackPointExtension>
				</extensions>
			</trkpt>
			<trkpt lat="15.505853257142856" lon="-88.02558705714286">
				<ele>86.82314</ele>
				<extensions>
					<ns3:TrackPointExtension>
					</ns3:TrackPointExtension>
				</extensions>
			</trkpt>
			<trkpt lat="15.505845142857142" lon="-88.02549514285714">
				<ele>86.612854</ele>
				<extensions>
					<ns3:TrackPointExtension>
					</ns3:TrackPointExtension>
				</extensions>
			</trkpt>
			<trkpt lat="15.505837028571428" lon="-88.02540322857142">
				<ele>86.40257</ele>
				<extensions>
					<ns3:TrackPointExtension>
					</ns3:TrackPointExtension>
				</extensions>
			</trkpt>
			<trkpt lat="15.505828914285713" lon="-88.02531131428572">
				<ele>86.19228</ele>
				<extensions>
					<ns3:TrackPointExtension>
					</ns3:TrackPointExtension>
				</extensions>
			</trkpt>
			<trkpt lat="15.505820799999999" lon="-88.0252194">
				<ele>85.982</ele>
				<extensions>
					<ns3:TrackPointExtension>
					</ns3:TrackPointExtension>
				</extensions>
			</trkpt>
			<trkpt lat="15.505812685714284" lon="-88.02512748571428">
				<ele>85.77171</ele>
				<extensions>
					<ns3:TrackPointExtension>
					</ns3:TrackPointExtension>
				</extensions>
			</trkpt>
			<trkpt lat="15.505804571428571" lon="-88.02503557142857">
				<ele>85.56143</ele>
				<extensions>
					<ns3:TrackPointExtension>
					</ns3:TrackPointExtension>
				</extensions>
			</trkpt>
			<trkpt lat="15.505796457142857" lon="-88.02494365714286">
				<ele>85.35114</ele>
				<extensions>
					<ns3:TrackPointExtension>
					</ns3:TrackPointExtension>
				</extensions>
			</trkpt>
			<trkpt lat="15.505788342857143" lon="-88.02485174285714">
				<ele>85.140854</ele>
				<extensions>
					<ns3:TrackPointExtension>
					</ns3:TrackPointExtension>
				</extensions>
			</trkpt>
			<trkpt lat="15.505780228571428" lon="-88.02475982857142">
				<ele>84.93057</ele>
				<extensions>
					<ns3:TrackPointExtension>
					</ns3:TrackPointExtension>
				</extensions>
			</trkpt>
			<trkpt lat="15.505772114285714" lon="-88.02466791428571">
				<ele>84.72028</ele>
				<extensions>
					<ns3:TrackPointExtension>
					</ns3:TrackPointExtension>
				</extensions>
			</trkpt>
			<trkpt lat="15.505764" lon="-88.024576">
				<ele>84.51</ele>
				<extensions>
					<ns3:TrackPointExtension>
					</ns3:TrackPointExtension>
				</extensions>
			</trkpt>
			<trkpt lat="15.505757" lon="-88.024495">
				<ele>84.385</ele>
				<extensions>
					<ns3:TrackPointExtension>
					</ns3:TrackPointExtension>
				</extensions>
			</trkpt>
			<trkpt lat="15.50575" lon="-88.024414">
				<ele>84.26</ele>
				<extensions>
					<ns3:TrackPointExtension>
					</ns3:TrackPointExtension>
				</extensions>
			</trkpt>
			<trkpt lat="15.505836666666667" lon="-88.02440566666667">
				<ele>84.13</ele>
				<extensions>
					<ns3:TrackPointExtension>
					</ns3:TrackPointExtension>
				</extensions>
			</trkpt>
			<trkpt lat="15.505923333333334" lon="-88.02439733333333">
				<ele>84.0</ele>
				<extensions>
					<ns3:TrackPointExtension>
					</ns3:TrackPointExtension>
				</extensions>
			</trkpt>
			<trkpt lat="15.50601" lon="-88.024389">
				<ele>83.87</ele>
				<extensions>
					<ns3:TrackPointExtension>
					</ns3:TrackPointExtension>
				</extensions>
			</trkpt>
			<trkpt lat="15.506093166666666" lon="-88.02438133333334">
				<ele>83.7675</ele>
				<extensions>
					<ns3:TrackPointExtension>
					</ns3:TrackPointExtension>
				</extensions>
			</trkpt>
			<trkpt lat="15.506176333333332" lon="-88.02437366666666">
				<ele>83.665</ele>
				<extensions>
					<ns3:TrackPointExtension>
					</ns3:TrackPointExtension>
				</extensions>
			</trkpt>
			<trkpt lat="15.5062595" lon="-88.024366">
				<ele>83.5625</ele>
				<extensions>
					<ns3:TrackPointExtension>
					</ns3:TrackPointExtension>
				</extensions>
			</trkpt>
			<trkpt lat="15.506342666666667" lon="-88.02435833333334">
				<ele>83.46</ele>
				<extensions>
					<ns3:TrackPointExtension>
					</ns3:TrackPointExtension>
				</extensions>
			</trkpt>
			<trkpt lat="15.506425833333333" lon="-88.02435066666666">
				<ele>83.3575</ele>
				<extensions>
					<ns3:TrackPointExtension>
					</ns3:TrackPointExtension>
				</extensions>
			</trkpt>
			<trkpt lat="15.506509000000001" lon="-88.024343">
				<ele>83.255</ele>
				<extensions>
					<ns3:TrackPointExtension>
					</ns3:TrackPointExtension>
				</extensions>
			</trkpt>
			<trkpt lat="15.506592166666668" lon="-88.02433533333334">
				<ele>83.1525</ele>
				<extensions>
					<ns3:TrackPointExtension>
					</ns3:TrackPointExtension>
				</extensions>
			</trkpt>
			<trkpt lat="15.506675333333334" lon="-88.02432766666666">
				<ele>83.05</ele>
				<extensions>
					<ns3:TrackPointExtension>
					</ns3:TrackPointExtension>
				</extensions>
			</trkpt>
			<trkpt lat="15.5067585" lon="-88.02432">
				<ele>82.9475</ele>
				<extensions>
					<ns3:TrackPointExtension>
					</ns3:TrackPointExtension>
				</extensions>
			</trkpt>
			<trkpt lat="15.506841666666666" lon="-88.02431233333334">
				<ele>82.845</ele>
				<extensions>
					<ns3:TrackPointExtension>
					</ns3:TrackPointExtension>
				</extensions>
			</trkpt>
			<trkpt lat="15.506924833333334" lon="-88.02430466666667">
				<ele>82.7425</ele>
				<extensions>
					<ns3:TrackPointExtension>
					</ns3:TrackPointExtension>
				</extensions>
			</trkpt>
			<trkpt lat="15.507008" lon="-88.024297">
				<ele>82.64</ele>
				<extensions>
					<ns3:TrackPointExtension>
					</ns3:TrackPointExtension>
				</extensions>
			</trkpt>
			<trkpt lat="15.5070954" lon="-88.02428950000001">
				<ele>82.665</ele>
				<extensions>
					<ns3:TrackPointExtension>
					</ns3:TrackPointExtension>
				</extensions>
			</trkpt>
			<trkpt lat="15.5071828" lon="-88.024282">
				<ele>82.69</ele>
				<extensions>
					<ns3:TrackPointExtension>
					</ns3:TrackPointExtension>
				</extensions>
			</trkpt>
			<trkpt lat="15.5072702" lon="-88.0242745">
				<ele>82.715</ele>
				<extensions>
					<ns3:TrackPointExtension>
					</ns3:TrackPointExtension>
				</extensions>
			</trkpt>
			<trkpt lat="15.5073576" lon="-88.024267">
				<ele>82.74</ele>
				<extensions>
					<ns3:TrackPointExtension>
					</ns3:TrackPointExtension>
				</extensions>
			</trkpt>
			<trkpt lat="15.507445" lon="-88.0242595">
				<ele>82.765</ele>
				<extensions>
					<ns3:TrackPointExtension>
					</ns3:TrackPointExtension>
				</extensions>
			</trkpt>
			<trkpt lat="15.5075324" lon="-88.024252">
				<ele>82.79</ele>
				<extensions>
					<ns3:TrackPointExtension>
					</ns3:TrackPointExtension>
				</extensions>
			</trkpt>
			<trkpt lat="15.5076198" lon="-88.0242445">
				<ele>82.815</ele>
				<extensions>
					<ns3:TrackPointExtension>
					</ns3:TrackPointExtension>
				</extensions>
			</trkpt>
			<trkpt lat="15.5077072" lon="-88.024237">
				<ele>82.84</ele>
				<extensions>
					<ns3:TrackPointExtension>
					</ns3:TrackPointExtension>
				</extensions>
			</trkpt>
			<trkpt lat="15.5077946" lon="-88.02422949999999">
				<ele>82.865</ele>
				<extensions>
					<ns3:TrackPointExtension>
					</ns3:TrackPointExtension>
				</extensions>
			</trkpt>
			<trkpt lat="15.507882" lon="-88.024222">
				<ele>82.89</ele>
				<extensions>
					<ns3:TrackPointExtension>
					</ns3:TrackPointExtension>
				</extensions>
			</trkpt>
			<trkpt lat="15.507967625000001" lon="-88.024214625">
				<ele>83.0425</ele>
				<extensions>
					<ns3:TrackPointExtension>
					</ns3:TrackPointExtension>
				</extensions>
			</trkpt>
			<trkpt lat="15.50805325" lon="-88.02420724999999">
				<ele>83.195</ele>
				<extensions>
					<ns3:TrackPointExtension>
					</ns3:TrackPointExtension>
				</extensions>
			</trkpt>
			<trkpt lat="15.508138875" lon="-88.024199875">
				<ele>83.3475</ele>
				<extensions>
					<ns3:TrackPointExtension>
					</ns3:TrackPointExtension>
				</extensions>
			</trkpt>
			<trkpt lat="15.5082245" lon="-88.0241925">
				<ele>83.5</ele>
				<extensions>
					<ns3:TrackPointExtension>
					</ns3:TrackPointExtension>
				</extensions>
			</trkpt>
			<trkpt lat="15.508310125" lon="-88.024185125">
				<ele>83.6525</ele>
				<extensions>
					<ns3:TrackPointExtension>
					</ns3:TrackPointExtension>
				</extensions>
			</trkpt>
			<trkpt lat="15.50839575" lon="-88.02417775">
				<ele>83.805</ele>
				<extensions>
					<ns3:TrackPointExtension>
					</ns3:TrackPointExtension>
				</extensions>
			</trkpt>
			<trkpt lat="15.508481374999999" lon="-88.024170375">
				<ele>83.9575</ele>
				<extensions>
					<ns3:TrackPointExtension>
					</ns3:TrackPointExtension>
				</extensions>
			</trkpt>
			<trkpt lat="15.508567" lon="-88.024163">
				<ele>84.12</ele>
				<extensions>
					<ns3:TrackPointExtension>
					</ns3:TrackPointExtension>
				</extensions>
			</trkpt>
			<trkpt lat="15.508650692307691" lon="-88.02415584615385">
				<ele>83.93</ele>
				<extensions>
					<ns3:TrackPointExtension>
					</ns3:TrackPointExtension>
				</extensions>
			</trkpt>
			<trkpt lat="15.508734384615384" lon="-88.02414869230769">
				<ele>83.74</ele>
				<extensions>
					<ns3:TrackPointExtension>
					</ns3:TrackPointExtension>
				</extensions>
			</trkpt>
			<trkpt lat="15.508818076923076" lon="-88.02414153846154">
				<ele>83.55</ele>
				<extensions>
					<ns3:TrackPointExtension>
					</ns3:TrackPointExtension>
				</extensions>
			</trkpt>
			<trkpt lat="15.50890176923077" lon="-88.02413438461538">
				<ele>83.36</ele>
				<extensions>
					<ns3:TrackPointExtension>
					</ns3:TrackPointExtension>
				</extensions>
			</trkpt>
			<trkpt lat="15.508985461538462" lon="-88.02412723076922">
				<ele>83.17</ele>
				<extensions>
					<ns3:TrackPointExtension>
					</ns3:TrackPointExtension>
				</extensions>
			</trkpt>
			<trkpt lat="15.509069153846154" lon="-88.02412007692307">
				<ele>82.98</ele>
				<extensions>
					<ns3:TrackPointExtension>
					</ns3:TrackPointExtension>
				</extensions>
			</trkpt>
			<trkpt lat="15.509152846153846" lon="-88.02411292307693">
				<ele>82.79</ele>
				<extensions>
					<ns3:TrackPointExtension>
					</ns3:TrackPointExtension>
				</extensions>
			</trkpt>
			<trkpt lat="15.509236538461538" lon="-88.02410576923077">
				<ele>82.6</ele>
				<extensions>
					<ns3:TrackPointExtension>
					</ns3:TrackPointExtension>
				</extensions>
			</trkpt>
			<trkpt lat="15.50932023076923" lon="-88.02409861538462">
				<ele>82.41</ele>
				<extensions>
					<ns3:TrackPointExtension>
					</ns3:TrackPointExtension>
				</extensions>
			</trkpt>
			<trkpt lat="15.509403923076924" lon="-88.02409146153846">
				<ele>82.22</ele>
				<extensions>
					<ns3:TrackPointExtension>
					</ns3:TrackPointExtension>
				</extensions>
			</trkpt>
			<trkpt lat="15.509487615384616" lon="-88.0240843076923">
				<ele>82.03</ele>
				<extensions>
					<ns3:TrackPointExtension>
					</ns3:TrackPointExtension>
				</extensions>
			</trkpt>
			<trkpt lat="15.509571307692308" lon="-88.02407715384615">
				<ele>81.84</ele>
				<extensions>
					<ns3:TrackPointExtension>
					</ns3:TrackPointExtension>
				</extensions>
			</trkpt>
			<trkpt lat="15.509655" lon="-88.024069">
				<ele>81.65</ele>
				<extensions>
					<ns3:TrackPointExtension>
					</ns3:TrackPointExtension>
				</extensions>
			</trkpt>
			<trkpt lat="15.5097413" lon="-88.0240617">
				<ele>81.769</ele>
				<extensions>
					<ns3:TrackPointExtension>
					</ns3:TrackPointExtension>
				</extensions>
			</trkpt>
			<trkpt lat="15.5098276" lon="-88.0240544">
				<ele>81.888</ele>
				<extensions>
					<ns3:TrackPointExtension>
					</ns3:TrackPointExtension>
				</extensions>
			</trkpt>
			<trkpt lat="15.5099139" lon="-88.02404709999999">
				<ele>82.007</ele>
				<extensions>
					<ns3:TrackPointExtension>
					</ns3:TrackPointExtension>
				</extensions>
			</trkpt>
			<trkpt lat="15.5100002" lon="-88.0240398">
				<ele>82.126</ele>
				<extensions>
					<ns3:TrackPointExtension>
					</ns3:TrackPointExtension>
				</extensions>
			</trkpt>
			<trkpt lat="15.5100865" lon="-88.0240325">
				<ele>82.245</ele>
				<extensions>
					<ns3:TrackPointExtension>
					</ns3:TrackPointExtension>
				</extensions>
			</trkpt>
			<trkpt lat="15.5101728" lon="-88.0240252">
				<ele>82.364</ele>
				<extensions>
					<ns3:TrackPointExtension>
					</ns3:TrackPointExtension>
				</extensions>
			</trkpt>
			<trkpt lat="15.510259099999999" lon="-88.02401789999999">
				<ele>82.483</ele>
				<extensions>
					<ns3:TrackPointExtension>
					</ns3:TrackPointExtension>
				</extensions>
			</trkpt>
			<trkpt lat="15.5103454" lon="-88.0240106">
				<ele>82.602</ele>
				<extensions>
					<ns3:TrackPointExtension>
					</ns3:TrackPointExtension>
				</extensions>
			</trkpt>
			<trkpt lat="15.5104317" lon="-88.0240033">
				<ele>82.721</ele>
				<extensions>
					<ns3:TrackPointExtension>
					</ns3:TrackPointExtension>
				</extensions>
			</trkpt>
			<trkpt lat="15.510518" lon="-88.023996">
				<ele>82.84</ele>
				<extensions>
					<ns3:TrackPointExtension>
					</ns3:TrackPointExtension>
				</extensions>
			</trkpt>
			<trkpt lat="15.510602818181818" lon="-88.02398872727272">
				<ele>82.74364</ele>
				<extensions>
					<ns3:TrackPointExtension>
					</ns3:TrackPointExtension>
				</extensions>
			</trkpt>
			<trkpt lat="15.510687636363636" lon="-88.02398145454545">
				<ele>82.64727</ele>
				<extensions>
					<ns3:TrackPointExtension>
					</ns3:TrackPointExtension>
				</extensions>
			</trkpt>
			<trkpt lat="15.510772454545453" lon="-88.02397418181818">
				<ele>82.55091</ele>
				<extensions>
					<ns3:TrackPointExtension>
					</ns3:TrackPointExtension>
				</extensions>
			</trkpt>
			<trkpt lat="15.510857272727272" lon="-88.0239669090909">
				<ele>82.454544</ele>
				<extensions>
					<ns3:TrackPointExtension>
					</ns3:TrackPointExtension>
				</extensions>
			</trkpt>
			<trkpt lat="15.51094209090909" lon="-88.02395963636363">
				<ele>82.358185</ele>
				<extensions>
					<ns3:TrackPointExtension>
					</ns3:TrackPointExtension>
				</extensions>
			</trkpt>
			<trkpt lat="15.511026909090909" lon="-88.02395236363637">
				<ele>82.26182</ele>
				<extensions>
					<ns3:TrackPointExtension>
					</ns3:TrackPointExtension>
				</extensions>
			</trkpt>
			<trkpt lat="15.511111727272727" lon="-88.0239450909091">
				<ele>82.16545</ele>
				<extensions>
					<ns3:TrackPointExtension>
					</ns3:TrackPointExtension>
				</extensions>
			</trkpt>
			<trkpt lat="15.511196545454546" lon="-88.02393781818182">
				<ele>82.06909</ele>
				<extensions>
					<ns3:TrackPointExtension>
					</ns3:TrackPointExtension>
				</extensions>
			</trkpt>
			<trkpt lat="15.511281363636362" lon="-88.02393054545455">
				<ele>81.972725</ele>
				<extensions>
					<ns3:TrackPointExtension>
					</ns3:TrackPointExtension>
				</extensions>
			</trkpt>
			<trkpt lat="15.51136618181818" lon="-88.02392327272727">
				<ele>81.876366</ele>
				<extensions>
					<ns3:TrackPointExtension>
					</ns3:TrackPointExtension>
				</extensions>
			</trkpt>
			<trkpt lat="15.511451" lon="-88.023916">
				<ele>81.78</ele>
				<extensions>
					<ns3:TrackPointExtension>
					</ns3:TrackPointExtension>
				</extensions>
			</trkpt>
			<trkpt lat="15.5115398" lon="-88.0239084">
				<ele>81.779</ele>
				<extensions>
					<ns3:TrackPointExtension>
					</ns3:TrackPointExtension>
				</extensions>
			</trkpt>
			<trkpt lat="15.5116286" lon="-88.0239008">
				<ele>81.778</ele>
				<extensions>
					<ns3:TrackPointExtension>
					</ns3:TrackPointExtension>
				</extensions>
			</trkpt>
			<trkpt lat="15.5117174" lon="-88.0238932">
				<ele>81.777</ele>
				<extensions>
					<ns3:TrackPointExtension>
					</ns3:TrackPointExtension>
				</extensions>
			</trkpt>
			<trkpt lat="15.5118062" lon="-88.0238856">
				<ele>81.776</ele>
				<extensions>
					<ns3:TrackPointExtension>
					</ns3:TrackPointExtension>
				</extensions>
			</trkpt>
			<trkpt lat="15.511894999999999" lon="-88.023878">
				<ele>81.775</ele>
				<extensions>
					<ns3:TrackPointExtension>
					</ns3:TrackPointExtension>
				</extensions>
			</trkpt>
			<trkpt lat="15.5119838" lon="-88.0238704">
				<ele>81.774</ele>
				<extensions>
					<ns3:TrackPointExtension>
					</ns3:TrackPointExtension>
				</extensions>
			</trkpt>
			<trkpt lat="15.5120726" lon="-88.0238628">
				<ele>81.773</ele>
				<extensions>
					<ns3:TrackPointExtension>
					</ns3:TrackPointExtension>
				</extensions>
			</trkpt>
			<trkpt lat="15.5121614" lon="-88.0238552">
				<ele>81.772</ele>
				<extensions>
					<ns3:TrackPointExtension>
					</ns3:TrackPointExtension>
				</extensions>
			</trkpt>
			<trkpt lat="15.5122502" lon="-88.02384760000001">
				<ele>81.771</ele>
				<extensions>
					<ns3:TrackPointExtension>
					</ns3:TrackPointExtension>
				</extensions>
			</trkpt>
			<trkpt lat="15.512339" lon="-88.02384">
				<ele>81.77</ele>
				<extensions>
					<ns3:TrackPointExtension>
					</ns3:TrackPointExtension>
				</extensions>
			</trkpt>
			<trkpt lat="15.512339" lon="-88.023839">
				<ele>81.77</ele>
				<extensions>
					<ns3:TrackPointExtension>
					</ns3:TrackPointExtension>
				</extensions>
			</trkpt>
			<trkpt lat="15.512421833333335" lon="-88.02383191666667">
				<ele>81.67</ele>
				<extensions>
					<ns3:TrackPointExtension>
					</ns3:TrackPointExtension>
				</extensions>
			</trkpt>
			<trkpt lat="15.512504666666667" lon="-88.02382483333332">
				<ele>81.57</ele>
				<extensions>
					<ns3:TrackPointExtension>
					</ns3:TrackPointExtension>
				</extensions>
			</trkpt>
			<trkpt lat="15.5125875" lon="-88.02381774999999">
				<ele>81.47</ele>
				<extensions>
					<ns3:TrackPointExtension>
					</ns3:TrackPointExtension>
				</extensions>
			</trkpt>
			<trkpt lat="15.512670333333334" lon="-88.02381066666666">
				<ele>81.37</ele>
				<extensions>
					<ns3:TrackPointExtension>
					</ns3:TrackPointExtension>
				</extensions>
			</trkpt>
			<trkpt lat="15.512753166666666" lon="-88.02380358333333">
				<ele>81.27</ele>
				<extensions>
					<ns3:TrackPointExtension>
					</ns3:TrackPointExtension>
				</extensions>
			</trkpt>
			<trkpt lat="15.512836" lon="-88.0237965">
				<ele>81.17</ele>
				<extensions>
					<ns3:TrackPointExtension>
					</ns3:TrackPointExtension>
				</extensions>
			</trkpt>
			<trkpt lat="15.512918833333334" lon="-88.02378941666666">
				<ele>81.07</ele>
				<extensions>
					<ns3:TrackPointExtension>
					</ns3:TrackPointExtension>
				</extensions>
			</trkpt>
			<trkpt lat="15.513001666666666" lon="-88.02378233333333">
				<ele>80.97</ele>
				<extensions>
					<ns3:TrackPointExtension>
					</ns3:TrackPointExtension>
				</extensions>
			</trkpt>
			<trkpt lat="15.5130845" lon="-88.02377525">
				<ele>80.87</ele>
				<extensions>
					<ns3:TrackPointExtension>
					</ns3:TrackPointExtension>
				</extensions>
			</trkpt>
			<trkpt lat="15.513167333333334" lon="-88.02376816666666">
				<ele>80.77</ele>
				<extensions>
					<ns3:TrackPointExtension>
					</ns3:TrackPointExtension>
				</extensions>
			</trkpt>
			<trkpt lat="15.513250166666666" lon="-88.02376108333333">
				<ele>80.67</ele>
				<extensions>
					<ns3:TrackPointExtension>
					</ns3:TrackPointExtension>
				</extensions>
			</trkpt>
			<trkpt lat="15.513333" lon="-88.023754">
				<ele>80.57</ele>
				<extensions>
					<ns3:TrackPointExtension>
					</ns3:TrackPointExtension>
				</extensions>
			</trkpt>
			<trkpt lat="15.513419571428571" lon="-88.02374657142857">
				<ele>80.615</ele>
				<extensions>
					<ns3:TrackPointExtension>
					</ns3:TrackPointExtension>
				</extensions>
			</trkpt>
			<trkpt lat="15.513506142857143" lon="-88.02373914285714">
				<ele>80.66</ele>
				<extensions>
					<ns3:TrackPointExtension>
					</ns3:TrackPointExtension>
				</extensions>
			</trkpt>
			<trkpt lat="15.513592714285714" lon="-88.02373171428572">
				<ele>80.705</ele>
				<extensions>
					<ns3:TrackPointExtension>
					</ns3:TrackPointExtension>
				</extensions>
			</trkpt>
			<trkpt lat="15.513679285714286" lon="-88.02372428571428">
				<ele>80.75</ele>
				<extensions>
					<ns3:TrackPointExtension>
					</ns3:TrackPointExtension>
				</extensions>
			</trkpt>
			<trkpt lat="15.513765857142857" lon="-88.02371685714286">
				<ele>80.795</ele>
				<extensions>
					<ns3:TrackPointExtension>
					</ns3:TrackPointExtension>
				</extensions>
			</trkpt>
			<trkpt lat="15.513852428571429" lon="-88.02370942857142">
				<ele>80.84</ele>
				<extensions>
					<ns3:TrackPointExtension>
					</ns3:TrackPointExtension>
				</extensions>
			</trkpt>
			<trkpt lat="15.513939" lon="-88.023702">
				<ele>80.885</ele>
				<extensions>
					<ns3:TrackPointExtension>
					</ns3:TrackPointExtension>
				</extensions>
			</trkpt>
			<trkpt lat="15.51402557142857" lon="-88.02369457142858">
				<ele>80.93</ele>
				<extensions>
					<ns3:TrackPointExtension>
					</ns3:TrackPointExtension>
				</extensions>
			</trkpt>
			<trkpt lat="15.514112142857142" lon="-88.02368714285714">
				<ele>80.975</ele>
				<extensions>
					<ns3:TrackPointExtension>
					</ns3:TrackPointExtension>
				</extensions>
			</trkpt>
			<trkpt lat="15.514198714285714" lon="-88.02367971428572">
				<ele>81.02</ele>
				<extensions>
					<ns3:TrackPointExtension>
					</ns3:TrackPointExtension>
				</extensions>
			</trkpt>
			<trkpt lat="15.514285285714285" lon="-88.02367228571428">
				<ele>81.065</ele>
				<extensions>
					<ns3:TrackPointExtension>
					</ns3:TrackPointExtension>
				</extensions>
			</trkpt>
			<trkpt lat="15.514371857142857" lon="-88.02366485714286">
				<ele>81.11</ele>
				<extensions>
					<ns3:TrackPointExtension>
					</ns3:TrackPointExtension>
				</extensions>
			</trkpt>
			<trkpt lat="15.514458428571428" lon="-88.02365742857143">
				<ele>81.155</ele>
				<extensions>
					<ns3:TrackPointExtension>
					</ns3:TrackPointExtension>
				</extensions>
			</trkpt>
			<trkpt lat="15.514545" lon="-88.02365">
				<ele>81.2</ele>
				<extensions>
					<ns3:TrackPointExtension>
					</ns3:TrackPointExtension>
				</extensions>
			</trkpt>
			<trkpt lat="15.514628333333334" lon="-88.02364283333334">
				<ele>81.29833</ele>
				<extensions>
					<ns3:TrackPointExtension>
					</ns3:TrackPointExtension>
				</extensions>
			</trkpt>
			<trkpt lat="15.514711666666667" lon="-88.02363566666666">
				<ele>81.39667</ele>
				<extensions>
					<ns3:TrackPointExtension>
					</ns3:TrackPointExtension>
				</extensions>
			</trkpt>
			<trkpt lat="15.514795" lon="-88.0236285">
				<ele>81.495</ele>
				<extensions>
					<ns3:TrackPointExtension>
					</ns3:TrackPointExtension>
				</extensions>
			</trkpt>
			<trkpt lat="15.514878333333334" lon="-88.02362133333334">
				<ele>81.59333</ele>
				<extensions>
					<ns3:TrackPointExtension>
					</ns3:TrackPointExtension>
				</extensions>
			</trkpt>
			<trkpt lat="15.514961666666668" lon="-88.02361416666666">
				<ele>81.691666</ele>
				<extensions>
					<ns3:TrackPointExtension>
					</ns3:TrackPointExtension>
				</extensions>
			</trkpt>
			<trkpt lat="15.515045" lon="-88.023607">
				<ele>81.79</ele>
				<extensions>
					<ns3:TrackPointExtension>
					</ns3:TrackPointExtension>
				</extensions>
			</trkpt>
			<trkpt lat="15.515130846153847" lon="-88.02359961538461">
				<ele>81.68077</ele>
				<extensions>
					<ns3:TrackPointExtension>
					</ns3:TrackPointExtension>
				</extensions>
			</trkpt>
			<trkpt lat="15.515216692307693" lon="-88.02359223076922">
				<ele>81.57154</ele>
				<extensions>
					<ns3:TrackPointExtension>
					</ns3:TrackPointExtension>
				</extensions>
			</trkpt>
			<trkpt lat="15.515302538461539" lon="-88.02358484615384">
				<ele>81.46231</ele>
				<extensions>
					<ns3:TrackPointExtension>
					</ns3:TrackPointExtension>
				</extensions>
			</trkpt>
			<trkpt lat="15.515388384615385" lon="-88.02357746153847">
				<ele>81.35307</ele>
				<extensions>
					<ns3:TrackPointExtension>
					</ns3:TrackPointExtension>
				</extensions>
			</trkpt>
			<trkpt lat="15.51547423076923" lon="-88.02357007692308">
				<ele>81.24384</ele>
				<extensions>
					<ns3:TrackPointExtension>
					</ns3:TrackPointExtension>
				</extensions>
			</trkpt>
			<trkpt lat="15.515560076923077" lon="-88.02356269230769">
				<ele>81.13461</ele>
				<extensions>
					<ns3:TrackPointExtension>
					</ns3:TrackPointExtension>
				</extensions>
			</trkpt>
			<trkpt lat="15.515645923076924" lon="-88.0235553076923">
				<ele>81.02538</ele>
				<extensions>
					<ns3:TrackPointExtension>
					</ns3:TrackPointExtension>
				</extensions>
			</trkpt>
			<trkpt lat="15.51573176923077" lon="-88.02354792307692">
				<ele>80.91615</ele>
				<extensions>
					<ns3:TrackPointExtension>
					</ns3:TrackPointExtension>
				</extensions>
			</trkpt>
			<trkpt lat="15.515817615384616" lon="-88.02354053846153">
				<ele>80.80692</ele>
				<extensions>
					<ns3:TrackPointExtension>
					</ns3:TrackPointExtension>
				</extensions>
			</trkpt>
			<trkpt lat="15.515903461538462" lon="-88.02353315384616">
				<ele>80.69769</ele>
				<extensions>
					<ns3:TrackPointExtension>
					</ns3:TrackPointExtension>
				</extensions>
			</trkpt>
			<trkpt lat="15.515989307692308" lon="-88.02352576923077">
				<ele>80.58846</ele>
				<extensions>
					<ns3:TrackPointExtension>
					</ns3:TrackPointExtension>
				</extensions>
			</trkpt>
			<trkpt lat="15.516075153846154" lon="-88.02351838461539">
				<ele>80.47923</ele>
				<extensions>
					<ns3:TrackPointExtension>
					</ns3:TrackPointExtension>
				</extensions>
			</trkpt>
			<trkpt lat="15.516161" lon="-88.023511">
				<ele>80.36</ele>
				<extensions>
					<ns3:TrackPointExtension>
					</ns3:TrackPointExtension>
				</extensions>
			</trkpt>
			<trkpt lat="15.516250866666667" lon="-88.02350333333334">
				<ele>80.35667</ele>
				<extensions>
					<ns3:TrackPointExtension>
					</ns3:TrackPointExtension>
				</extensions>
			</trkpt>
			<trkpt lat="15.516340733333333" lon="-88.02349566666666">
				<ele>80.35333</ele>
				<extensions>
					<ns3:TrackPointExtension>
					</ns3:TrackPointExtension>
				</extensions>
			</trkpt>
			<trkpt lat="15.5164306" lon="-88.023488">
				<ele>80.35</ele>
				<extensions>
					<ns3:TrackPointExtension>
					</ns3:TrackPointExtension>
				</extensions>
			</trkpt>
			<trkpt lat="15.516520466666668" lon="-88.02348033333334">
				<ele>80.346664</ele>
				<extensions>
					<ns3:TrackPointExtension>
					</ns3:TrackPointExtension>
				</extensions>
			</trkpt>
			<trkpt lat="15.516610333333334" lon="-88.02347266666666">
				<ele>80.34333</ele>
				<extensions>
					<ns3:TrackPointExtension>
					</ns3:TrackPointExtension>
				</extensions>
			</trkpt>
			<trkpt lat="15.5167002" lon="-88.023465">
				<ele>80.34</ele>
				<extensions>
					<ns3:TrackPointExtension>
					</ns3:TrackPointExtension>
				</extensions>
			</trkpt>
			<trkpt lat="15.516790066666667" lon="-88.02345733333334">
				<ele>80.33667</ele>
				<extensions>
					<ns3:TrackPointExtension>
					</ns3:TrackPointExtension>
				</extensions>
			</trkpt>
			<trkpt lat="15.516879933333334" lon="-88.02344966666666">
				<ele>80.333336</ele>
				<extensions>
					<ns3:TrackPointExtension>
					</ns3:TrackPointExtension>
				</extensions>
			</trkpt>
			<trkpt lat="15.5169698" lon="-88.023442">
				<ele>80.33</ele>
				<extensions>
					<ns3:TrackPointExtension>
					</ns3:TrackPointExtension>
				</extensions>
			</trkpt>
			<trkpt lat="15.517059666666666" lon="-88.02343433333334">
				<ele>80.32667</ele>
				<extensions>
					<ns3:TrackPointExtension>
					</ns3:TrackPointExtension>
				</extensions>
			</trkpt>
			<trkpt lat="15.517149533333333" lon="-88.02342666666667">
				<ele>80.32333</ele>
				<extensions>
					<ns3:TrackPointExtension>
					</ns3:TrackPointExtension>
				</extensions>
			</trkpt>
			<trkpt lat="15.517239400000001" lon="-88.023419">
				<ele>80.32</ele>
				<extensions>
					<ns3:TrackPointExtension>
					</ns3:TrackPointExtension>
				</extensions>
			</trkpt>
			<trkpt lat="15.517329266666668" lon="-88.02341133333334">
				<ele>80.316666</ele>
				<extensions>
					<ns3:TrackPointExtension>
					</ns3:TrackPointExtension>
				</extensions>
			</trkpt>
			<trkpt lat="15.517419133333334" lon="-88.02340366666667">
				<ele>80.31333</ele>
				<extensions>
					<ns3:TrackPointExtension>
					</ns3:TrackPointExtension>
				</extensions>
			</trkpt>
			<trkpt lat="15.517509" lon="-88.023396">
				<ele>80.31</ele>
				<extensions>
					<ns3:TrackPointExtension>
					</ns3:TrackPointExtension>
				</extensions>
			</trkpt>
			<trkpt lat="15.517588" lon="-88.02338916666668">
				<ele>80.05334</ele>
				<extensions>
					<ns3:TrackPointExtension>
					</ns3:TrackPointExtension>
				</extensions>
			</trkpt>
			<trkpt lat="15.517667" lon="-88.02338233333333">
				<ele>79.79667</ele>
				<extensions>
					<ns3:TrackPointExtension>
					</ns3:TrackPointExtension>
				</extensions>
			</trkpt>
			<trkpt lat="15.517745999999999" lon="-88.0233755">
				<ele>79.54</ele>
				<extensions>
					<ns3:TrackPointExtension>
					</ns3:TrackPointExtension>
				</extensions>
			</trkpt>
			<trkpt lat="15.517825" lon="-88.02336866666667">
				<ele>79.28333</ele>
				<extensions>
					<ns3:TrackPointExtension>
					</ns3:TrackPointExtension>
				</extensions>
			</trkpt>
			<trkpt lat="15.517904" lon="-88.02336183333333">
				<ele>79.026665</ele>
				<extensions>
					<ns3:TrackPointExtension>
					</ns3:TrackPointExtension>
				</extensions>
			</trkpt>
			<trkpt lat="15.517983" lon="-88.023355">
				<ele>78.77</ele>
				<extensions>
					<ns3:TrackPointExtension>
					</ns3:TrackPointExtension>
				</extensions>
			</trkpt>
			<trkpt lat="15.518061" lon="-88.023332">
				<ele>78.55</ele>
				<extensions>
					<ns3:TrackPointExtension>
					</ns3:TrackPointExtension>
				</extensions>
			</trkpt>
			<trkpt lat="15.518139" lon="-88.023309">
				<ele>78.33</ele>
				<extensions>
					<ns3:TrackPointExtension>
					</ns3:TrackPointExtension>
				</extensions>
			</trkpt>
			<trkpt lat="15.518217" lon="-88.023286">
				<ele>78.11</ele>
				<extensions>
					<ns3:TrackPointExtension>
					</ns3:TrackPointExtension>
				</extensions>
			</trkpt>
			<trkpt lat="15.518302375" lon="-88.02327875">
				<ele>78.225</ele>
				<extensions>
					<ns3:TrackPointExtension>
					</ns3:TrackPointExtension>
				</extensions>
			</trkpt>
			<trkpt lat="15.51838775" lon="-88.02327149999999">
				<ele>78.34</ele>
				<extensions>
					<ns3:TrackPointExtension>
					</ns3:TrackPointExtension>
				</extensions>
			</trkpt>
			<trkpt lat="15.518473125" lon="-88.02326425">
				<ele>78.455</ele>
				<extensions>
					<ns3:TrackPointExtension>
					</ns3:TrackPointExtension>
				</extensions>
			</trkpt>
			<trkpt lat="15.518558500000001" lon="-88.023257">
				<ele>78.57</ele>
				<extensions>
					<ns3:TrackPointExtension>
					</ns3:TrackPointExtension>
				</extensions>
			</trkpt>
			<trkpt lat="15.518643875" lon="-88.02324975">
				<ele>78.685</ele>
				<extensions>
					<ns3:TrackPointExtension>
					</ns3:TrackPointExtension>
				</extensions>
			</trkpt>
			<trkpt lat="15.51872925" lon="-88.02324250000001">
				<ele>78.8</ele>
				<extensions>
					<ns3:TrackPointExtension>
					</ns3:TrackPointExtension>
				</extensions>
			</trkpt>
			<trkpt lat="15.518814625000001" lon="-88.02323525">
				<ele>78.915</ele>
				<extensions>
					<ns3:TrackPointExtension>
					</ns3:TrackPointExtension>
				</extensions>
			</trkpt>
			<trkpt lat="15.5189" lon="-88.023228">
				<ele>79.03</ele>
				<extensions>
					<ns3:TrackPointExtension>
					</ns3:TrackPointExtension>
				</extensions>
			</trkpt>
			<trkpt lat="15.518982444444445" lon="-88.023221">
				<ele>79.026665</ele>
				<extensions>
					<ns3:TrackPointExtension>
					</ns3:TrackPointExtension>
				</extensions>
			</trkpt>
			<trkpt lat="15.51906488888889" lon="-88.02321400000001">
				<ele>79.02333</ele>
				<extensions>
					<ns3:TrackPointExtension>
					</ns3:TrackPointExtension>
				</extensions>
			</trkpt>
			<trkpt lat="15.519147333333333" lon="-88.023207">
				<ele>79.02</ele>
				<extensions>
					<ns3:TrackPointExtension>
					</ns3:TrackPointExtension>
				</extensions>
			</trkpt>
			<trkpt lat="15.519229777777777" lon="-88.0232">
				<ele>79.01667</ele>
				<extensions>
					<ns3:TrackPointExtension>
					</ns3:TrackPointExtension>
				</extensions>
			</trkpt>
			<trkpt lat="15.519312222222222" lon="-88.023193">
				<ele>79.013336</ele>
				<extensions>
					<ns3:TrackPointExtension>
					</ns3:TrackPointExtension>
				</extensions>
			</trkpt>
			<trkpt lat="15.519394666666667" lon="-88.02318600000001">
				<ele>79.01</ele>
				<extensions>
					<ns3:TrackPointExtension>
					</ns3:TrackPointExtension>
				</extensions>
			</trkpt>
			<trkpt lat="15.51947711111111" lon="-88.023179">
				<ele>79.00667</ele>
				<extensions>
					<ns3:TrackPointExtension>
					</ns3:TrackPointExtension>
				</extensions>
			</trkpt>
			<trkpt lat="15.519559555555555" lon="-88.023172">
				<ele>79.003334</ele>
				<extensions>
					<ns3:TrackPointExtension>
					</ns3:TrackPointExtension>
				</extensions>
			</trkpt>
			<trkpt lat="15.519642" lon="-88.023165">
				<ele>79.0</ele>
				<extensions>
					<ns3:TrackPointExtension>
					</ns3:TrackPointExtension>
				</extensions>
			</trkpt>
			<trkpt lat="15.51972823076923" lon="-88.02315761538462">
				<ele>78.98385</ele>
				<extensions>
					<ns3:TrackPointExtension>
					</ns3:TrackPointExtension>
				</extensions>
			</trkpt>
			<trkpt lat="15.519814461538461" lon="-88.02315023076923">
				<ele>78.96769</ele>
				<extensions>
					<ns3:TrackPointExtension>
					</ns3:TrackPointExtension>
				</extensions>
			</trkpt>
			<trkpt lat="15.519900692307692" lon="-88.02314284615385">
				<ele>78.95154</ele>
				<extensions>
					<ns3:TrackPointExtension>
					</ns3:TrackPointExtension>
				</extensions>
			</trkpt>
			<trkpt lat="15.519986923076923" lon="-88.02313546153847">
				<ele>78.93539</ele>
				<extensions>
					<ns3:TrackPointExtension>
					</ns3:TrackPointExtension>
				</extensions>
			</trkpt>
			<trkpt lat="15.520073153846154" lon="-88.02312807692309">
				<ele>78.91923</ele>
				<extensions>
					<ns3:TrackPointExtension>
					</ns3:TrackPointExtension>
				</extensions>
			</trkpt>
			<trkpt lat="15.520159384615384" lon="-88.0231206923077">
				<ele>78.903076</ele>
				<extensions>
					<ns3:TrackPointExtension>
					</ns3:TrackPointExtension>
				</extensions>
			</trkpt>
			<trkpt lat="15.520245615384615" lon="-88.02311330769231">
				<ele>78.886925</ele>
				<extensions>
					<ns3:TrackPointExtension>
					</ns3:TrackPointExtension>
				</extensions>
			</trkpt>
			<trkpt lat="15.520331846153846" lon="-88.02310592307693">
				<ele>78.870766</ele>
				<extensions>
					<ns3:TrackPointExtension>
					</ns3:TrackPointExtension>
				</extensions>
			</trkpt>
			<trkpt lat="15.520418076923077" lon="-88.02309853846154">
				<ele>78.854614</ele>
				<extensions>
					<ns3:TrackPointExtension>
					</ns3:TrackPointExtension>
				</extensions>
			</trkpt>
			<trkpt lat="15.520504307692308" lon="-88.02309115384617">
				<ele>78.83846</ele>
				<extensions>
					<ns3:TrackPointExtension>
					</ns3:TrackPointExtension>
				</extensions>
			</trkpt>
			<trkpt lat="15.520590538461539" lon="-88.02308376923078">
				<ele>78.82231</ele>
				<extensions>
					<ns3:TrackPointExtension>
					</ns3:TrackPointExtension>
				</extensions>
			</trkpt>
			<trkpt lat="15.52067676923077" lon="-88.0230763846154">
				<ele>78.80615</ele>
				<extensions>
					<ns3:TrackPointExtension>
					</ns3:TrackPointExtension>
				</extensions>
			</trkpt>
			<trkpt lat="15.520763" lon="-88.023069">
				<ele>78.79</ele>
				<extensions>
					<ns3:TrackPointExtension>
					</ns3:TrackPointExtension>
				</extensions>
			</trkpt>
			<trkpt lat="15.520847" lon="-88.02306185714286">
				<ele>78.59643</ele>
				<extensions>
					<ns3:TrackPointExtension>
					</ns3:TrackPointExtension>
				</extensions>
			</trkpt>
			<trkpt lat="15.520931000000001" lon="-88.02305471428572">
				<ele>78.402855</ele>
				<extensions>
					<ns3:TrackPointExtension>
					</ns3:TrackPointExtension>
				</extensions>
			</trkpt>
			<trkpt lat="15.521015" lon="-88.02304757142858">
				<ele>78.20928</ele>
				<extensions>
					<ns3:TrackPointExtension>
					</ns3:TrackPointExtension>
				</extensions>
			</trkpt>
			<trkpt lat="15.521099" lon="-88.02304042857143">
				<ele>78.01572</ele>
				<extensions>
					<ns3:TrackPointExtension>
					</ns3:TrackPointExtension>
				</extensions>
			</trkpt>
			<trkpt lat="15.521183" lon="-88.02303328571429">
				<ele>77.82214</ele>
				<extensions>
					<ns3:TrackPointExtension>
					</ns3:TrackPointExtension>
				</extensions>
			</trkpt>
			<trkpt lat="15.521267" lon="-88.02302614285715">
				<ele>77.62857</ele>
				<extensions>
					<ns3:TrackPointExtension>
					</ns3:TrackPointExtension>
				</extensions>
			</trkpt>
			<trkpt lat="15.521351" lon="-88.023019">
				<ele>77.435</ele>
				<extensions>
					<ns3:TrackPointExtension>
					</ns3:TrackPointExtension>
				</extensions>
			</trkpt>
			<trkpt lat="15.521435" lon="-88.02301185714286">
				<ele>77.24143</ele>
				<extensions>
					<ns3:TrackPointExtension>
					</ns3:TrackPointExtension>
				</extensions>
			</trkpt>
			<trkpt lat="15.521519" lon="-88.02300471428572">
				<ele>77.04786</ele>
				<extensions>
					<ns3:TrackPointExtension>
					</ns3:TrackPointExtension>
				</extensions>
			</trkpt>
			<trkpt lat="15.521603" lon="-88.02299757142858">
				<ele>76.85429</ele>
				<extensions>
					<ns3:TrackPointExtension>
					</ns3:TrackPointExtension>
				</extensions>
			</trkpt>
			<trkpt lat="15.521687" lon="-88.02299042857143">
				<ele>76.66071</ele>
				<extensions>
					<ns3:TrackPointExtension>
					</ns3:TrackPointExtension>
				</extensions>
			</trkpt>
			<trkpt lat="15.521771" lon="-88.02298328571429">
				<ele>76.46714</ele>
				<extensions>
					<ns3:TrackPointExtension>
					</ns3:TrackPointExtension>
				</extensions>
			</trkpt>
			<trkpt lat="15.521855" lon="-88.02297614285715">
				<ele>76.273575</ele>
				<extensions>
					<ns3:TrackPointExtension>
					</ns3:TrackPointExtension>
				</extensions>
			</trkpt>
			<trkpt lat="15.521939" lon="-88.022969">
				<ele>76.08</ele>
				<extensions>
					<ns3:TrackPointExtension>
					</ns3:TrackPointExtension>
				</extensions>
			</trkpt>
			<trkpt lat="15.5219965" lon="-88.0229885">
				<ele>76.145</ele>
				<extensions>
					<ns3:TrackPointExtension>
					</ns3:TrackPointExtension>
				</extensions>
			</trkpt>
			<trkpt lat="15.522054" lon="-88.023008">
				<ele>76.21</ele>
				<extensions>
					<ns3:TrackPointExtension>
					</ns3:TrackPointExtension>
				</extensions>
			</trkpt>
			<trkpt lat="15.522127333333334" lon="-88.0230415">
				<ele>76.49333</ele>
				<extensions>
					<ns3:TrackPointExtension>
					</ns3:TrackPointExtension>
				</extensions>
			</trkpt>
			<trkpt lat="15.522200666666667" lon="-88.023075">
				<ele>76.776665</ele>
				<extensions>
					<ns3:TrackPointExtension>
					</ns3:TrackPointExtension>
				</extensions>
			</trkpt>
			<trkpt lat="15.522274" lon="-88.0231085">
				<ele>77.06</ele>
				<extensions>
					<ns3:TrackPointExtension>
					</ns3:TrackPointExtension>
				</extensions>
			</trkpt>
			<trkpt lat="15.522347333333334" lon="-88.02314199999999">
				<ele>77.34333</ele>
				<extensions>
					<ns3:TrackPointExtension>
					</ns3:TrackPointExtension>
				</extensions>
			</trkpt>
			<trkpt lat="15.522420666666667" lon="-88.0231755">
				<ele>77.62666</ele>
				<extensions>
					<ns3:TrackPointExtension>
					</ns3:TrackPointExtension>
				</extensions>
			</trkpt>
			<trkpt lat="15.522494" lon="-88.023209">
				<ele>77.91</ele>
				<extensions>
					<ns3:TrackPointExtension>
					</ns3:TrackPointExtension>
				</extensions>
			</trkpt>
			<trkpt lat="15.5225731" lon="-88.0232391">
				<ele>77.918</ele>
				<extensions>
					<ns3:TrackPointExtension>
					</ns3:TrackPointExtension>
				</extensions>
			</trkpt>
			<trkpt lat="15.5226522" lon="-88.0232692">
				<ele>77.926</ele>
				<extensions>
					<ns3:TrackPointExtension>
					</ns3:TrackPointExtension>
				</extensions>
			</trkpt>
			<trkpt lat="15.5227313" lon="-88.02329929999999">
				<ele>77.934</ele>
				<extensions>
					<ns3:TrackPointExtension>
					</ns3:TrackPointExtension>
				</extensions>
			</trkpt>
			<trkpt lat="15.5228104" lon="-88.0233294">
				<ele>77.942</ele>
				<extensions>
					<ns3:TrackPointExtension>
					</ns3:TrackPointExtension>
				</extensions>
			</trkpt>
			<trkpt lat="15.5228895" lon="-88.0233595">
				<ele>77.95</ele>
				<extensions>
					<ns3:TrackPointExtension>
					</ns3:TrackPointExtension>
				</extensions>
			</trkpt>
			<trkpt lat="15.5229686" lon="-88.0233896">
				<ele>77.958</ele>
				<extensions>
					<ns3:TrackPointExtension>
					</ns3:TrackPointExtension>
				</extensions>
			</trkpt>
			<trkpt lat="15.5230477" lon="-88.0234197">
				<ele>77.966</ele>
				<extensions>
					<ns3:TrackPointExtension>
					</ns3:TrackPointExtension>
				</extensions>
			</trkpt>
			<trkpt lat="15.5231268" lon="-88.0234498">
				<ele>77.974</ele>
				<extensions>
					<ns3:TrackPointExtension>
					</ns3:TrackPointExtension>
				</extensions>
			</trkpt>
			<trkpt lat="15.523205899999999" lon="-88.0234799">
				<ele>77.982</ele>
				<extensions>
					<ns3:TrackPointExtension>
					</ns3:TrackPointExtension>
				</extensions>
			</trkpt>
			<trkpt lat="15.523285" lon="-88.02351">
				<ele>77.99</ele>
				<extensions>
					<ns3:TrackPointExtension>
					</ns3:TrackPointExtension>
				</extensions>
			</trkpt>
			<trkpt lat="15.5233295" lon="-88.023521">
				<ele>77.925</ele>
				<extensions>
					<ns3:TrackPointExtension>
					</ns3:TrackPointExtension>
				</extensions>
			</trkpt>
			<trkpt lat="15.523374" lon="-88.023532">
				<ele>77.86</ele>
				<extensions>
					<ns3:TrackPointExtension>
					</ns3:TrackPointExtension>
				</extensions>
			</trkpt>
			<trkpt lat="15.523454428571428" lon="-88.02355214285714">
				<ele>77.91857</ele>
				<extensions>
					<ns3:TrackPointExtension>
					</ns3:TrackPointExtension>
				</extensions>
			</trkpt>
			<trkpt lat="15.523534857142858" lon="-88.0235722857143">
				<ele>77.97714</ele>
				<extensions>
					<ns3:TrackPointExtension>
					</ns3:TrackPointExtension>
				</extensions>
			</trkpt>
			<trkpt lat="15.523615285714286" lon="-88.02359242857143">
				<ele>78.03571</ele>
				<extensions>
					<ns3:TrackPointExtension>
					</ns3:TrackPointExtension>
				</extensions>
			</trkpt>
			<trkpt lat="15.523695714285715" lon="-88.02361257142857">
				<ele>78.094284</ele>
				<extensions>
					<ns3:TrackPointExtension>
					</ns3:TrackPointExtension>
				</extensions>
			</trkpt>
			<trkpt lat="15.523776142857143" lon="-88.02363271428571">
				<ele>78.152855</ele>
				<extensions>
					<ns3:TrackPointExtension>
					</ns3:TrackPointExtension>
				</extensions>
			</trkpt>
			<trkpt lat="15.523856571428572" lon="-88.02365285714286">
				<ele>78.211426</ele>
				<extensions>
					<ns3:TrackPointExtension>
					</ns3:TrackPointExtension>
				</extensions>
			</trkpt>
			<trkpt lat="15.523937" lon="-88.023673">
				<ele>78.27</ele>
				<extensions>
					<ns3:TrackPointExtension>
					</ns3:TrackPointExtension>
				</extensions>
			</trkpt>
			<trkpt lat="15.524015200000001" lon="-88.023661">
				<ele>78.386</ele>
				<extensions>
					<ns3:TrackPointExtension>
					</ns3:TrackPointExtension>
				</extensions>
			</trkpt>
			<trkpt lat="15.5240934" lon="-88.023649">
				<ele>78.502</ele>
				<extensions>
					<ns3:TrackPointExtension>
					</ns3:TrackPointExtension>
				</extensions>
			</trkpt>
			<trkpt lat="15.5241716" lon="-88.023637">
				<ele>78.618</ele>
				<extensions>
					<ns3:TrackPointExtension>
					</ns3:TrackPointExtension>
				</extensions>
			</trkpt>
			<trkpt lat="15.5242498" lon="-88.023625">
				<ele>78.734</ele>
				<extensions>
					<ns3:TrackPointExtension>
					</ns3:TrackPointExtension>
				</extensions>
			</trkpt>
			<trkpt lat="15.524328" lon="-88.023613">
				<ele>78.85</ele>
				<extensions>
					<ns3:TrackPointExtension>
					</ns3:TrackPointExtension>
				</extensions>
			</trkpt>
			<trkpt lat="15.524402" lon="-88.02357583333333">
				<ele>78.736664</ele>
				<extensions>
					<ns3:TrackPointExtension>
					</ns3:TrackPointExtension>
				</extensions>
			</trkpt>
			<trkpt lat="15.524476" lon="-88.02353866666667">
				<ele>78.62334</ele>
				<extensions>
					<ns3:TrackPointExtension>
					</ns3:TrackPointExtension>
				</extensions>
			</trkpt>
			<trkpt lat="15.524550000000001" lon="-88.02350150000001">
				<ele>78.51</ele>
				<extensions>
					<ns3:TrackPointExtension>
					</ns3:TrackPointExtension>
				</extensions>
			</trkpt>
			<trkpt lat="15.524624000000001" lon="-88.02346433333334">
				<ele>78.39667</ele>
				<extensions>
					<ns3:TrackPointExtension>
					</ns3:TrackPointExtension>
				</extensions>
			</trkpt>
			<trkpt lat="15.524698" lon="-88.02342716666666">
				<ele>78.28333</ele>
				<extensions>
					<ns3:TrackPointExtension>
					</ns3:TrackPointExtension>
				</extensions>
			</trkpt>
			<trkpt lat="15.524772" lon="-88.02339">
				<ele>78.17</ele>
				<extensions>
					<ns3:TrackPointExtension>
					</ns3:TrackPointExtension>
				</extensions>
			</trkpt>
			<trkpt lat="15.524850272727273" lon="-88.02335072727273">
				<ele>78.05</ele>
				<extensions>
					<ns3:TrackPointExtension>
					</ns3:TrackPointExtension>
				</extensions>
			</trkpt>
			<trkpt lat="15.524928545454546" lon="-88.02331145454546">
				<ele>77.93</ele>
				<extensions>
					<ns3:TrackPointExtension>
					</ns3:TrackPointExtension>
				</extensions>
			</trkpt>
			<trkpt lat="15.525006818181819" lon="-88.02327218181819">
				<ele>77.81</ele>
				<extensions>
					<ns3:TrackPointExtension>
					</ns3:TrackPointExtension>
				</extensions>
			</trkpt>
			<trkpt lat="15.52508509090909" lon="-88.02323290909091">
				<ele>77.69</ele>
				<extensions>
					<ns3:TrackPointExtension>
					</ns3:TrackPointExtension>
				</extensions>
			</trkpt>
			<trkpt lat="15.525163363636363" lon="-88.02319363636364">
				<ele>77.57</ele>
				<extensions>
					<ns3:TrackPointExtension>
					</ns3:TrackPointExtension>
				</extensions>
			</trkpt>
			<trkpt lat="15.525241636363637" lon="-88.02315436363637">
				<ele>77.45</ele>
				<extensions>
					<ns3:TrackPointExtension>
					</ns3:TrackPointExtension>
				</extensions>
			</trkpt>
			<trkpt lat="15.525319909090909" lon="-88.0231150909091">
				<ele>77.33</ele>
				<extensions>
					<ns3:TrackPointExtension>
					</ns3:TrackPointExtension>
				</extensions>
			</trkpt>
			<trkpt lat="15.525398181818181" lon="-88.02307581818182">
				<ele>77.21</ele>
				<extensions>
					<ns3:TrackPointExtension>
					</ns3:TrackPointExtension>
				</extensions>
			</trkpt>
			<trkpt lat="15.525476454545453" lon="-88.02303654545454">
				<ele>77.09</ele>
				<extensions>
					<ns3:TrackPointExtension>
					</ns3:TrackPointExtension>
				</extensions>
			</trkpt>
			<trkpt lat="15.525554727272727" lon="-88.02299727272728">
				<ele>76.97</ele>
				<extensions>
					<ns3:TrackPointExtension>
					</ns3:TrackPointExtension>
				</extensions>
			</trkpt>
			<trkpt lat="15.525633" lon="-88.022958">
				<ele>76.85</ele>
				<extensions>
					<ns3:TrackPointExtension>
					</ns3:TrackPointExtension>
				</extensions>
			</trkpt>
			<trkpt lat="15.525709076923077" lon="-88.02291853846154">
				<ele>76.80769</ele>
				<extensions>
					<ns3:TrackPointExtension>
					</ns3:TrackPointExtension>
				</extensions>
			</trkpt>
			<trkpt lat="15.525785153846153" lon="-88.02287907692308">
				<ele>76.76538</ele>
				<extensions>
					<ns3:TrackPointExtension>
					</ns3:TrackPointExtension>
				</extensions>
			</trkpt>
			<trkpt lat="15.52586123076923" lon="-88.02283961538461">
				<ele>76.723076</ele>
				<extensions>
					<ns3:TrackPointExtension>
					</ns3:TrackPointExtension>
				</extensions>
			</trkpt>
			<trkpt lat="15.525937307692306" lon="-88.02280015384616">
				<ele>76.68077</ele>
				<extensions>
					<ns3:TrackPointExtension>
					</ns3:TrackPointExtension>
				</extensions>
			</trkpt>
			<trkpt lat="15.526013384615384" lon="-88.0227606923077">
				<ele>76.63846</ele>
				<extensions>
					<ns3:TrackPointExtension>
					</ns3:TrackPointExtension>
				</extensions>
			</trkpt>
			<trkpt lat="15.526089461538461" lon="-88.02272123076924">
				<ele>76.59615</ele>
				<extensions>
					<ns3:TrackPointExtension>
					</ns3:TrackPointExtension>
				</extensions>
			</trkpt>
			<trkpt lat="15.526165538461537" lon="-88.02268176923077">
				<ele>76.55385</ele>
				<extensions>
					<ns3:TrackPointExtension>
					</ns3:TrackPointExtension>
				</extensions>
			</trkpt>
			<trkpt lat="15.526241615384615" lon="-88.02264230769231">
				<ele>76.511536</ele>
				<extensions>
					<ns3:TrackPointExtension>
					</ns3:TrackPointExtension>
				</extensions>
			</trkpt>
			<trkpt lat="15.526317692307693" lon="-88.02260284615384">
				<ele>76.46923</ele>
				<extensions>
					<ns3:TrackPointExtension>
					</ns3:TrackPointExtension>
				</extensions>
			</trkpt>
			<trkpt lat="15.526393769230769" lon="-88.0225633846154">
				<ele>76.426926</ele>
				<extensions>
					<ns3:TrackPointExtension>
					</ns3:TrackPointExtension>
				</extensions>
			</trkpt>
			<trkpt lat="15.526469846153846" lon="-88.02252392307693">
				<ele>76.38461</ele>
				<extensions>
					<ns3:TrackPointExtension>
					</ns3:TrackPointExtension>
				</extensions>
			</trkpt>
			<trkpt lat="15.526545923076922" lon="-88.02248446153847">
				<ele>76.34231</ele>
				<extensions>
					<ns3:TrackPointExtension>
					</ns3:TrackPointExtension>
				</extensions>
			</trkpt>
			<trkpt lat="15.526622" lon="-88.022445">
				<ele>76.3</ele>
				<extensions>
					<ns3:TrackPointExtension>
					</ns3:TrackPointExtension>
				</extensions>
			</trkpt>
			<trkpt lat="15.526695666666667" lon="-88.02240644444444">
				<ele>76.27778</ele>
				<extensions>
					<ns3:TrackPointExtension>
					</ns3:TrackPointExtension>
				</extensions>
			</trkpt>
			<trkpt lat="15.526769333333332" lon="-88.0223678888889">
				<ele>76.255554</ele>
				<extensions>
					<ns3:TrackPointExtension>
					</ns3:TrackPointExtension>
				</extensions>
			</trkpt>
			<trkpt lat="15.526843" lon="-88.02232933333333">
				<ele>76.23333</ele>
				<extensions>
					<ns3:TrackPointExtension>
					</ns3:TrackPointExtension>
				</extensions>
			</trkpt>
			<trkpt lat="15.526916666666667" lon="-88.02229077777778">
				<ele>76.21111</ele>
				<extensions>
					<ns3:TrackPointExtension>
					</ns3:TrackPointExtension>
				</extensions>
			</trkpt>
			<trkpt lat="15.526990333333332" lon="-88.02225222222222">
				<ele>76.18889</ele>
				<extensions>
					<ns3:TrackPointExtension>
					</ns3:TrackPointExtension>
				</extensions>
			</trkpt>
			<trkpt lat="15.527064" lon="-88.02221366666667">
				<ele>76.166664</ele>
				<extensions>
					<ns3:TrackPointExtension>
					</ns3:TrackPointExtension>
				</extensions>
			</trkpt>
			<trkpt lat="15.527137666666667" lon="-88.02217511111111">
				<ele>76.14445</ele>
				<extensions>
					<ns3:TrackPointExtension>
					</ns3:TrackPointExtension>
				</extensions>
			</trkpt>
			<trkpt lat="15.527211333333332" lon="-88.02213655555556">
				<ele>76.12222</ele>
				<extensions>
					<ns3:TrackPointExtension>
					</ns3:TrackPointExtension>
				</extensions>
			</trkpt>
			<trkpt lat="15.527285" lon="-88.022098">
				<ele>76.1</ele>
				<extensions>
					<ns3:TrackPointExtension>
					</ns3:TrackPointExtension>
				</extensions>
			</trkpt>
			<trkpt lat="15.527365" lon="-88.022057">
				<ele>75.965</ele>
				<extensions>
					<ns3:TrackPointExtension>
					</ns3:TrackPointExtension>
				</extensions>
			</trkpt>
			<trkpt lat="15.527445" lon="-88.02201600000001">
				<ele>75.83</ele>
				<extensions>
					<ns3:TrackPointExtension>
					</ns3:TrackPointExtension>
				</extensions>
			</trkpt>
			<trkpt lat="15.527524999999999" lon="-88.021975">
				<ele>75.695</ele>
				<extensions>
					<ns3:TrackPointExtension>
					</ns3:TrackPointExtension>
				</extensions>
			</trkpt>
			<trkpt lat="15.527605" lon="-88.021934">
				<ele>75.56</ele>
				<extensions>
					<ns3:TrackPointExtension>
					</ns3:TrackPointExtension>
				</extensions>
			</trkpt>
			<trkpt lat="15.527588" lon="-88.0219">
				<ele>75.81</ele>
				<extensions>
					<ns3:TrackPointExtension>
					</ns3:TrackPointExtension>
				</extensions>
			</trkpt>
			<trkpt lat="15.527668" lon="-88.021859625">
				<ele>75.535</ele>
				<extensions>
					<ns3:TrackPointExtension>
					</ns3:TrackPointExtension>
				</extensions>
			</trkpt>
			<trkpt lat="15.527747999999999" lon="-88.02181925">
				<ele>75.26</ele>
				<extensions>
					<ns3:TrackPointExtension>
					</ns3:TrackPointExtension>
				</extensions>
			</trkpt>
			<trkpt lat="15.527828" lon="-88.021778875">
				<ele>74.985</ele>
				<extensions>
					<ns3:TrackPointExtension>
					</ns3:TrackPointExtension>
				</extensions>
			</trkpt>
			<trkpt lat="15.527908" lon="-88.0217385">
				<ele>74.71</ele>
				<extensions>
					<ns3:TrackPointExtension>
					</ns3:TrackPointExtension>
				</extensions>
			</trkpt>
			<trkpt lat="15.527988" lon="-88.021698125">
				<ele>74.435</ele>
				<extensions>
					<ns3:TrackPointExtension>
					</ns3:TrackPointExtension>
				</extensions>
			</trkpt>
			<trkpt lat="15.528068000000001" lon="-88.02165775">
				<ele>74.16</ele>
				<extensions>
					<ns3:TrackPointExtension>
					</ns3:TrackPointExtension>
				</extensions>
			</trkpt>
			<trkpt lat="15.528148" lon="-88.02161737499999">
				<ele>73.885</ele>
				<extensions>
					<ns3:TrackPointExtension>
					</ns3:TrackPointExtension>
				</extensions>
			</trkpt>
			<trkpt lat="15.528228" lon="-88.021577">
				<ele>73.61</ele>
				<extensions>
					<ns3:TrackPointExtension>
					</ns3:TrackPointExtension>
				</extensions>
			</trkpt>
			<trkpt lat="15.528242" lon="-88.021614">
				<ele>73.79</ele>
				<extensions>
					<ns3:TrackPointExtension>
					</ns3:TrackPointExtension>
				</extensions>
			</trkpt>
			<trkpt lat="15.528320800000001" lon="-88.0215758">
				<ele>74.042</ele>
				<extensions>
					<ns3:TrackPointExtension>
					</ns3:TrackPointExtension>
				</extensions>
			</trkpt>
			<trkpt lat="15.5283996" lon="-88.0215376">
				<ele>74.294</ele>
				<extensions>
					<ns3:TrackPointExtension>
					</ns3:TrackPointExtension>
				</extensions>
			</trkpt>
			<trkpt lat="15.528478400000001" lon="-88.0214994">
				<ele>74.546</ele>
				<extensions>
					<ns3:TrackPointExtension>
					</ns3:TrackPointExtension>
				</extensions>
			</trkpt>
			<trkpt lat="15.5285572" lon="-88.0214612">
				<ele>74.798</ele>
				<extensions>
					<ns3:TrackPointExtension>
					</ns3:TrackPointExtension>
				</extensions>
			</trkpt>
			<trkpt lat="15.528636" lon="-88.021423">
				<ele>75.05</ele>
				<extensions>
					<ns3:TrackPointExtension>
					</ns3:TrackPointExtension>
				</extensions>
			</trkpt>
			<trkpt lat="15.528716923076924" lon="-88.02138192307692">
				<ele>75.15385</ele>
				<extensions>
					<ns3:TrackPointExtension>
					</ns3:TrackPointExtension>
				</extensions>
			</trkpt>
			<trkpt lat="15.528797846153847" lon="-88.02134084615385">
				<ele>75.25769</ele>
				<extensions>
					<ns3:TrackPointExtension>
					</ns3:TrackPointExtension>
				</extensions>
			</trkpt>
			<trkpt lat="15.52887876923077" lon="-88.02129976923077">
				<ele>75.36154</ele>
				<extensions>
					<ns3:TrackPointExtension>
					</ns3:TrackPointExtension>
				</extensions>
			</trkpt>
			<trkpt lat="15.528959692307692" lon="-88.0212586923077">
				<ele>75.465385</ele>
				<extensions>
					<ns3:TrackPointExtension>
					</ns3:TrackPointExtension>
				</extensions>
			</trkpt>
			<trkpt lat="15.529040615384616" lon="-88.02121761538461">
				<ele>75.56923</ele>
				<extensions>
					<ns3:TrackPointExtension>
					</ns3:TrackPointExtension>
				</extensions>
			</trkpt>
			<trkpt lat="15.529121538461538" lon="-88.02117653846153">
				<ele>75.67308</ele>
				<extensions>
					<ns3:TrackPointExtension>
					</ns3:TrackPointExtension>
				</extensions>
			</trkpt>
			<trkpt lat="15.529202461538462" lon="-88.02113546153846">
				<ele>75.776924</ele>
				<extensions>
					<ns3:TrackPointExtension>
					</ns3:TrackPointExtension>
				</extensions>
			</trkpt>
			<trkpt lat="15.529283384615384" lon="-88.02109438461538">
				<ele>75.88077</ele>
				<extensions>
					<ns3:TrackPointExtension>
					</ns3:TrackPointExtension>
				</extensions>
			</trkpt>
			<trkpt lat="15.529364307692308" lon="-88.0210533076923">
				<ele>75.98462</ele>
				<extensions>
					<ns3:TrackPointExtension>
					</ns3:TrackPointExtension>
				</extensions>
			</trkpt>
			<trkpt lat="15.52944523076923" lon="-88.02101223076923">
				<ele>76.08846</ele>
				<extensions>
					<ns3:TrackPointExtension>
					</ns3:TrackPointExtension>
				</extensions>
			</trkpt>
			<trkpt lat="15.529526153846154" lon="-88.02097115384615">
				<ele>76.19231</ele>
				<extensions>
					<ns3:TrackPointExtension>
					</ns3:TrackPointExtension>
				</extensions>
			</trkpt>
			<trkpt lat="15.529607076923076" lon="-88.02093007692308">
				<ele>76.29615</ele>
				<extensions>
					<ns3:TrackPointExtension>
					</ns3:TrackPointExtension>
				</extensions>
			</trkpt>
			<trkpt lat="15.529688" lon="-88.020889">
				<ele>76.4</ele>
				<extensions>
					<ns3:TrackPointExtension>
					</ns3:TrackPointExtension>
				</extensions>
			</trkpt>
			<trkpt lat="15.52976653125" lon="-88.02084906249999">
				<ele>76.221565</ele>
				<extensions>
					<ns3:TrackPointExtension>
					</ns3:TrackPointExtension>
				</extensions>
			</trkpt>
			<trkpt lat="15.5298450625" lon="-88.020809125">
				<ele>76.04312</ele>
				<extensions>
					<ns3:TrackPointExtension>
					</ns3:TrackPointExtension>
				</extensions>
			</trkpt>
			<trkpt lat="15.52992359375" lon="-88.0207691875">
				<ele>75.864685</ele>
				<extensions>
					<ns3:TrackPointExtension>
					</ns3:TrackPointExtension>
				</extensions>
			</trkpt>
			<trkpt lat="15.530002125" lon="-88.02072925">
				<ele>75.68625</ele>
				<extensions>
					<ns3:TrackPointExtension>
					</ns3:TrackPointExtension>
				</extensions>
			</trkpt>
			<trkpt lat="15.53008065625" lon="-88.0206893125">
				<ele>75.50781</ele>
				<extensions>
					<ns3:TrackPointExtension>
					</ns3:TrackPointExtension>
				</extensions>
			</trkpt>
			<trkpt lat="15.5301591875" lon="-88.02064937499999">
				<ele>75.32938</ele>
				<extensions>
					<ns3:TrackPointExtension>
					</ns3:TrackPointExtension>
				</extensions>
			</trkpt>
			<trkpt lat="15.53023771875" lon="-88.0206094375">
				<ele>75.15094</ele>
				<extensions>
					<ns3:TrackPointExtension>
					</ns3:TrackPointExtension>
				</extensions>
			</trkpt>
			<trkpt lat="15.53031625" lon="-88.0205695">
				<ele>74.9725</ele>
				<extensions>
					<ns3:TrackPointExtension>
					</ns3:TrackPointExtension>
				</extensions>
			</trkpt>
			<trkpt lat="15.530394781250001" lon="-88.0205295625">
				<ele>74.79406</ele>
				<extensions>
					<ns3:TrackPointExtension>
					</ns3:TrackPointExtension>
				</extensions>
			</trkpt>
			<trkpt lat="15.5304733125" lon="-88.020489625">
				<ele>74.61562</ele>
				<extensions>
					<ns3:TrackPointExtension>
					</ns3:TrackPointExtension>
				</extensions>
			</trkpt>
			<trkpt lat="15.53055184375" lon="-88.02044968749999">
				<ele>74.43719</ele>
				<extensions>
					<ns3:TrackPointExtension>
					</ns3:TrackPointExtension>
				</extensions>
			</trkpt>
			<trkpt lat="15.530630375000001" lon="-88.02040975">
				<ele>74.25875</ele>
				<extensions>
					<ns3:TrackPointExtension>
					</ns3:TrackPointExtension>
				</extensions>
			</trkpt>
			<trkpt lat="15.53070890625" lon="-88.0203698125">
				<ele>74.080315</ele>
				<extensions>
					<ns3:TrackPointExtension>
					</ns3:TrackPointExtension>
				</extensions>
			</trkpt>
			<trkpt lat="15.5307874375" lon="-88.020329875">
				<ele>73.90188</ele>
				<extensions>
					<ns3:TrackPointExtension>
					</ns3:TrackPointExtension>
				</extensions>
			</trkpt>
			<trkpt lat="15.53086596875" lon="-88.0202899375">
				<ele>73.723434</ele>
				<extensions>
					<ns3:TrackPointExtension>
					</ns3:TrackPointExtension>
				</extensions>
			</trkpt>
			<trkpt lat="15.5309445" lon="-88.02025">
				<ele>73.545</ele>
				<extensions>
					<ns3:TrackPointExtension>
					</ns3:TrackPointExtension>
				</extensions>
			</trkpt>
			<trkpt lat="15.531023031250001" lon="-88.0202100625">
				<ele>73.36656</ele>
				<extensions>
					<ns3:TrackPointExtension>
					</ns3:TrackPointExtension>
				</extensions>
			</trkpt>
			<trkpt lat="15.5311015625" lon="-88.02017012499999">
				<ele>73.188126</ele>
				<extensions>
					<ns3:TrackPointExtension>
					</ns3:TrackPointExtension>
				</extensions>
			</trkpt>
			<trkpt lat="15.53118009375" lon="-88.0201301875">
				<ele>73.00969</ele>
				<extensions>
					<ns3:TrackPointExtension>
					</ns3:TrackPointExtension>
				</extensions>
			</trkpt>
			<trkpt lat="15.531258625" lon="-88.02009025">
				<ele>72.83125</ele>
				<extensions>
					<ns3:TrackPointExtension>
					</ns3:TrackPointExtension>
				</extensions>
			</trkpt>
			<trkpt lat="15.53133715625" lon="-88.0200503125">
				<ele>72.65281</ele>
				<extensions>
					<ns3:TrackPointExtension>
					</ns3:TrackPointExtension>
				</extensions>
			</trkpt>
			<trkpt lat="15.531415687500001" lon="-88.020010375">
				<ele>72.47437</ele>
				<extensions>
					<ns3:TrackPointExtension>
					</ns3:TrackPointExtension>
				</extensions>
			</trkpt>
			<trkpt lat="15.53149421875" lon="-88.01997043749999">
				<ele>72.29594</ele>
				<extensions>
					<ns3:TrackPointExtension>
					</ns3:TrackPointExtension>
				</extensions>
			</trkpt>
			<trkpt lat="15.53157275" lon="-88.0199305">
				<ele>72.1175</ele>
				<extensions>
					<ns3:TrackPointExtension>
					</ns3:TrackPointExtension>
				</extensions>
			</trkpt>
			<trkpt lat="15.531651281250001" lon="-88.0198905625">
				<ele>71.939064</ele>
				<extensions>
					<ns3:TrackPointExtension>
					</ns3:TrackPointExtension>
				</extensions>
			</trkpt>
			<trkpt lat="15.5317298125" lon="-88.019850625">
				<ele>71.76063</ele>
				<extensions>
					<ns3:TrackPointExtension>
					</ns3:TrackPointExtension>
				</extensions>
			</trkpt>
			<trkpt lat="15.53180834375" lon="-88.0198106875">
				<ele>71.582184</ele>
				<extensions>
					<ns3:TrackPointExtension>
					</ns3:TrackPointExtension>
				</extensions>
			</trkpt>
			<trkpt lat="15.531886875000001" lon="-88.01977074999999">
				<ele>71.40375</ele>
				<extensions>
					<ns3:TrackPointExtension>
					</ns3:TrackPointExtension>
				</extensions>
			</trkpt>
			<trkpt lat="15.53196540625" lon="-88.0197308125">
				<ele>71.22531</ele>
				<extensions>
					<ns3:TrackPointExtension>
					</ns3:TrackPointExtension>
				</extensions>
			</trkpt>
			<trkpt lat="15.532043937500001" lon="-88.019690875">
				<ele>71.046875</ele>
				<extensions>
					<ns3:TrackPointExtension>
					</ns3:TrackPointExtension>
				</extensions>
			</trkpt>
			<trkpt lat="15.53212246875" lon="-88.0196509375">
				<ele>70.86844</ele>
				<extensions>
					<ns3:TrackPointExtension>
					</ns3:TrackPointExtension>
				</extensions>
			</trkpt>
			<trkpt lat="15.532201" lon="-88.019611">
				<ele>70.69</ele>
				<extensions>
					<ns3:TrackPointExtension>
					</ns3:TrackPointExtension>
				</extensions>
			</trkpt>
			<trkpt lat="15.532271999999999" lon="-88.0195745">
				<ele>70.655</ele>
				<extensions>
					<ns3:TrackPointExtension>
					</ns3:TrackPointExtension>
				</extensions>
			</trkpt>
			<trkpt lat="15.532343" lon="-88.019538">
				<ele>70.62</ele>
				<extensions>
					<ns3:TrackPointExtension>
					</ns3:TrackPointExtension>
				</extensions>
			</trkpt>
			<trkpt lat="15.532404" lon="-88.019503">
				<ele>70.825</ele>
				<extensions>
					<ns3:TrackPointExtension>
					</ns3:TrackPointExtension>
				</extensions>
			</trkpt>
			<trkpt lat="15.532465" lon="-88.019468">
				<ele>71.03</ele>
				<extensions>
					<ns3:TrackPointExtension>
					</ns3:TrackPointExtension>
				</extensions>
			</trkpt>
			<trkpt lat="15.5325454" lon="-88.0194286">
				<ele>71.014</ele>
				<extensions>
					<ns3:TrackPointExtension>
					</ns3:TrackPointExtension>
				</extensions>
			</trkpt>
			<trkpt lat="15.5326258" lon="-88.0193892">
				<ele>70.998</ele>
				<extensions>
					<ns3:TrackPointExtension>
					</ns3:TrackPointExtension>
				</extensions>
			</trkpt>
			<trkpt lat="15.5327062" lon="-88.0193498">
				<ele>70.982</ele>
				<extensions>
					<ns3:TrackPointExtension>
					</ns3:TrackPointExtension>
				</extensions>
			</trkpt>
			<trkpt lat="15.5327866" lon="-88.01931040000001">
				<ele>70.966</ele>
				<extensions>
					<ns3:TrackPointExtension>
					</ns3:TrackPointExtension>
				</extensions>
			</trkpt>
			<trkpt lat="15.532867" lon="-88.019271">
				<ele>70.95</ele>
				<extensions>
					<ns3:TrackPointExtension>
					</ns3:TrackPointExtension>
				</extensions>
			</trkpt>
			<trkpt lat="15.532944" lon="-88.01923366666666">
				<ele>70.933334</ele>
				<extensions>
					<ns3:TrackPointExtension>
					</ns3:TrackPointExtension>
				</extensions>
			</trkpt>
			<trkpt lat="15.533021" lon="-88.01919633333334">
				<ele>70.916664</ele>
				<extensions>
					<ns3:TrackPointExtension>
					</ns3:TrackPointExtension>
				</extensions>
			</trkpt>
			<trkpt lat="15.533098" lon="-88.019159">
				<ele>70.9</ele>
				<extensions>
					<ns3:TrackPointExtension>
					</ns3:TrackPointExtension>
				</extensions>
			</trkpt>
			<trkpt lat="15.5331525" lon="-88.0191265">
				<ele>70.58</ele>
				<extensions>
					<ns3:TrackPointExtension>
					</ns3:TrackPointExtension>
				</extensions>
			</trkpt>
			<trkpt lat="15.533207" lon="-88.019094">
				<ele>70.26</ele>
				<extensions>
					<ns3:TrackPointExtension>
					</ns3:TrackPointExtension>
				</extensions>
			</trkpt>
			<trkpt lat="15.53325" lon="-88.019068">
				<ele>70.0</ele>
				<extensions>
					<ns3:TrackPointExtension>
					</ns3:TrackPointExtension>
				</extensions>
			</trkpt>
			<trkpt lat="15.533243" lon="-88.019017">
				<ele>70.0</ele>
				<extensions>
					<ns3:TrackPointExtension>
					</ns3:TrackPointExtension>
				</extensions>
			</trkpt>
			<trkpt lat="15.533236" lon="-88.018966">
				<ele>70.0</ele>
				<extensions>
					<ns3:TrackPointExtension>
					</ns3:TrackPointExtension>
				</extensions>
			</trkpt>
			<trkpt lat="15.5333058" lon="-88.01892840000001">
				<ele>69.824</ele>
				<extensions>
					<ns3:TrackPointExtension>
					</ns3:TrackPointExtension>
				</extensions>
			</trkpt>
			<trkpt lat="15.533375600000001" lon="-88.01889080000001">
				<ele>69.648</ele>
				<extensions>
					<ns3:TrackPointExtension>
					</ns3:TrackPointExtension>
				</extensions>
			</trkpt>
			<trkpt lat="15.5334454" lon="-88.0188532">
				<ele>69.472</ele>
				<extensions>
					<ns3:TrackPointExtension>
					</ns3:TrackPointExtension>
				</extensions>
			</trkpt>
			<trkpt lat="15.5335152" lon="-88.0188156">
				<ele>69.296</ele>
				<extensions>
					<ns3:TrackPointExtension>
					</ns3:TrackPointExtension>
				</extensions>
			</trkpt>
			<trkpt lat="15.533585" lon="-88.018778">
				<ele>69.12</ele>
				<extensions>
					<ns3:TrackPointExtension>
					</ns3:TrackPointExtension>
				</extensions>
			</trkpt>
			<trkpt lat="15.533622" lon="-88.018765">
				<ele>69.04</ele>
				<extensions>
					<ns3:TrackPointExtension>
					</ns3:TrackPointExtension>
				</extensions>
			</trkpt>
			<trkpt lat="15.533662" lon="-88.018774">
				<ele>69.0</ele>
				<extensions>
					<ns3:TrackPointExtension>
					</ns3:TrackPointExtension>
				</extensions>
			</trkpt>
			<trkpt lat="15.533717" lon="-88.018818">
				<ele>69.0</ele>
				<extensions>
					<ns3:TrackPointExtension>
					</ns3:TrackPointExtension>
				</extensions>
			</trkpt>
			<trkpt lat="15.533785" lon="-88.01878175">
				<ele>69.01</ele>
				<extensions>
					<ns3:TrackPointExtension>
					</ns3:TrackPointExtension>
				</extensions>
			</trkpt>
			<trkpt lat="15.533853" lon="-88.0187455">
				<ele>69.02</ele>
				<extensions>
					<ns3:TrackPointExtension>
					</ns3:TrackPointExtension>
				</extensions>
			</trkpt>
			<trkpt lat="15.533921" lon="-88.01870925">
				<ele>69.03</ele>
				<extensions>
					<ns3:TrackPointExtension>
					</ns3:TrackPointExtension>
				</extensions>
			</trkpt>
			<trkpt lat="15.533989" lon="-88.018673">
				<ele>69.04</ele>
				<extensions>
					<ns3:TrackPointExtension>
					</ns3:TrackPointExtension>
				</extensions>
			</trkpt>
			<trkpt lat="15.5340618" lon="-88.01863440000001">
				<ele>68.888</ele>
				<extensions>
					<ns3:TrackPointExtension>
					</ns3:TrackPointExtension>
				</extensions>
			</trkpt>
			<trkpt lat="15.5341346" lon="-88.0185958">
				<ele>68.736</ele>
				<extensions>
					<ns3:TrackPointExtension>
					</ns3:TrackPointExtension>
				</extensions>
			</trkpt>
			<trkpt lat="15.5342074" lon="-88.0185572">
				<ele>68.584</ele>
				<extensions>
					<ns3:TrackPointExtension>
					</ns3:TrackPointExtension>
				</extensions>
			</trkpt>
			<trkpt lat="15.5342802" lon="-88.0185186">
				<ele>68.432</ele>
				<extensions>
					<ns3:TrackPointExtension>
					</ns3:TrackPointExtension>
				</extensions>
			</trkpt>
			<trkpt lat="15.534353" lon="-88.01848">
				<ele>68.28</ele>
				<extensions>
					<ns3:TrackPointExtension>
					</ns3:TrackPointExtension>
				</extensions>
			</trkpt>
			<trkpt lat="15.534339" lon="-88.018451">
				<ele>68.36</ele>
				<extensions>
					<ns3:TrackPointExtension>
					</ns3:TrackPointExtension>
				</extensions>
			</trkpt>
			<trkpt lat="15.534410285714285" lon="-88.01841242857142">
				<ele>68.00857</ele>
				<extensions>
					<ns3:TrackPointExtension>
					</ns3:TrackPointExtension>
				</extensions>
			</trkpt>
			<trkpt lat="15.534481571428572" lon="-88.01837385714286">
				<ele>67.65714</ele>
				<extensions>
					<ns3:TrackPointExtension>
					</ns3:TrackPointExtension>
				</extensions>
			</trkpt>
			<trkpt lat="15.534552857142858" lon="-88.01833528571429">
				<ele>67.30572</ele>
				<extensions>
					<ns3:TrackPointExtension>
					</ns3:TrackPointExtension>
				</extensions>
			</trkpt>
			<trkpt lat="15.534624142857142" lon="-88.01829671428571">
				<ele>66.954285</ele>
				<extensions>
					<ns3:TrackPointExtension>
					</ns3:TrackPointExtension>
				</extensions>
			</trkpt>
			<trkpt lat="15.534695428571428" lon="-88.01825814285714">
				<ele>66.60286</ele>
				<extensions>
					<ns3:TrackPointExtension>
					</ns3:TrackPointExtension>
				</extensions>
			</trkpt>
			<trkpt lat="15.534766714285714" lon="-88.01821957142857">
				<ele>66.25143</ele>
				<extensions>
					<ns3:TrackPointExtension>
					</ns3:TrackPointExtension>
				</extensions>
			</trkpt>
			<trkpt lat="15.534838" lon="-88.018181">
				<ele>65.9</ele>
				<extensions>
					<ns3:TrackPointExtension>
					</ns3:TrackPointExtension>
				</extensions>
			</trkpt>
			<trkpt lat="15.534859" lon="-88.018221">
				<ele>65.89</ele>
				<extensions>
					<ns3:TrackPointExtension>
					</ns3:TrackPointExtension>
				</extensions>
			</trkpt>
			<trkpt lat="15.534934666666667" lon="-88.01818066666667">
				<ele>66.43445</ele>
				<extensions>
					<ns3:TrackPointExtension>
					</ns3:TrackPointExtension>
				</extensions>
			</trkpt>
			<trkpt lat="15.535010333333334" lon="-88.01814033333333">
				<ele>66.97889</ele>
				<extensions>
					<ns3:TrackPointExtension>
					</ns3:TrackPointExtension>
				</extensions>
			</trkpt>
			<trkpt lat="15.535086" lon="-88.0181">
				<ele>67.52333</ele>
				<extensions>
					<ns3:TrackPointExtension>
					</ns3:TrackPointExtension>
				</extensions>
			</trkpt>
			<trkpt lat="15.535161666666667" lon="-88.01805966666667">
				<ele>68.06778</ele>
				<extensions>
					<ns3:TrackPointExtension>
					</ns3:TrackPointExtension>
				</extensions>
			</trkpt>
			<trkpt lat="15.535237333333333" lon="-88.01801933333333">
				<ele>68.61222</ele>
				<extensions>
					<ns3:TrackPointExtension>
					</ns3:TrackPointExtension>
				</extensions>
			</trkpt>
			<trkpt lat="15.535313" lon="-88.017979">
				<ele>69.15667</ele>
				<extensions>
					<ns3:TrackPointExtension>
					</ns3:TrackPointExtension>
				</extensions>
			</trkpt>
			<trkpt lat="15.535388666666666" lon="-88.01793866666667">
				<ele>69.70111</ele>
				<extensions>
					<ns3:TrackPointExtension>
					</ns3:TrackPointExtension>
				</extensions>
			</trkpt>
			<trkpt lat="15.535464333333334" lon="-88.01789833333333">
				<ele>70.24555</ele>
				<extensions>
					<ns3:TrackPointExtension>
					</ns3:TrackPointExtension>
				</extensions>
			</trkpt>
			<trkpt lat="15.53554" lon="-88.017858">
				<ele>70.79</ele>
				<extensions>
					<ns3:TrackPointExtension>
					</ns3:TrackPointExtension>
				</extensions>
			</trkpt>
			<trkpt lat="15.535619875" lon="-88.01781600000001">
				<ele>70.88875</ele>
				<extensions>
					<ns3:TrackPointExtension>
					</ns3:TrackPointExtension>
				</extensions>
			</trkpt>
			<trkpt lat="15.53569975" lon="-88.017774">
				<ele>70.9875</ele>
				<extensions>
					<ns3:TrackPointExtension>
					</ns3:TrackPointExtension>
				</extensions>
			</trkpt>
			<trkpt lat="15.535779625" lon="-88.017732">
				<ele>71.08625</ele>
				<extensions>
					<ns3:TrackPointExtension>
					</ns3:TrackPointExtension>
				</extensions>
			</trkpt>
			<trkpt lat="15.5358595" lon="-88.01769">
				<ele>71.185</ele>
				<extensions>
					<ns3:TrackPointExtension>
					</ns3:TrackPointExtension>
				</extensions>
			</trkpt>
			<trkpt lat="15.535939375" lon="-88.01764800000001">
				<ele>71.28375</ele>
				<extensions>
					<ns3:TrackPointExtension>
					</ns3:TrackPointExtension>
				</extensions>
			</trkpt>
			<trkpt lat="15.53601925" lon="-88.017606">
				<ele>71.3825</ele>
				<extensions>
					<ns3:TrackPointExtension>
					</ns3:TrackPointExtension>
				</extensions>
			</trkpt>
			<trkpt lat="15.536099125" lon="-88.017564">
				<ele>71.48125</ele>
				<extensions>
					<ns3:TrackPointExtension>
					</ns3:TrackPointExtension>
				</extensions>
			</trkpt>
			<trkpt lat="15.536179" lon="-88.017522">
				<ele>71.58</ele>
				<extensions>
					<ns3:TrackPointExtension>
					</ns3:TrackPointExtension>
				</extensions>
			</trkpt>
			<trkpt lat="15.536244" lon="-88.017488">
				<ele>71.66</ele>
				<extensions>
					<ns3:TrackPointExtension>
					</ns3:TrackPointExtension>
				</extensions>
			</trkpt>
			<trkpt lat="15.536309000000001" lon="-88.017454">
				<ele>71.74</ele>
				<extensions>
					<ns3:TrackPointExtension>
					</ns3:TrackPointExtension>
				</extensions>
			</trkpt>
			<trkpt lat="15.536374" lon="-88.01742">
				<ele>71.82</ele>
				<extensions>
					<ns3:TrackPointExtension>
					</ns3:TrackPointExtension>
				</extensions>
			</trkpt>
			<trkpt lat="15.536455" lon="-88.01738281818182">
				<ele>71.700455</ele>
				<extensions>
					<ns3:TrackPointExtension>
					</ns3:TrackPointExtension>
				</extensions>
			</trkpt>
			<trkpt lat="15.536536" lon="-88.01734563636364">
				<ele>71.58091</ele>
				<extensions>
					<ns3:TrackPointExtension>
					</ns3:TrackPointExtension>
				</extensions>
			</trkpt>
			<trkpt lat="15.536617" lon="-88.01730845454546">
				<ele>71.461365</ele>
				<extensions>
					<ns3:TrackPointExtension>
					</ns3:TrackPointExtension>
				</extensions>
			</trkpt>
			<trkpt lat="15.536698000000001" lon="-88.01727127272727">
				<ele>71.34182</ele>
				<extensions>
					<ns3:TrackPointExtension>
					</ns3:TrackPointExtension>
				</extensions>
			</trkpt>
			<trkpt lat="15.536779000000001" lon="-88.0172340909091">
				<ele>71.222275</ele>
				<extensions>
					<ns3:TrackPointExtension>
					</ns3:TrackPointExtension>
				</extensions>
			</trkpt>
			<trkpt lat="15.53686" lon="-88.01719690909091">
				<ele>71.10273</ele>
				<extensions>
					<ns3:TrackPointExtension>
					</ns3:TrackPointExtension>
				</extensions>
			</trkpt>
			<trkpt lat="15.536941" lon="-88.01715972727273">
				<ele>70.983185</ele>
				<extensions>
					<ns3:TrackPointExtension>
					</ns3:TrackPointExtension>
				</extensions>
			</trkpt>
			<trkpt lat="15.537022" lon="-88.01712254545455">
				<ele>70.86364</ele>
				<extensions>
					<ns3:TrackPointExtension>
					</ns3:TrackPointExtension>
				</extensions>
			</trkpt>
			<trkpt lat="15.537103" lon="-88.01708536363637">
				<ele>70.74409</ele>
				<extensions>
					<ns3:TrackPointExtension>
					</ns3:TrackPointExtension>
				</extensions>
			</trkpt>
			<trkpt lat="15.537184" lon="-88.01704818181818">
				<ele>70.62454</ele>
				<extensions>
					<ns3:TrackPointExtension>
					</ns3:TrackPointExtension>
				</extensions>
			</trkpt>
			<trkpt lat="15.537265" lon="-88.017011">
				<ele>70.505</ele>
				<extensions>
					<ns3:TrackPointExtension>
					</ns3:TrackPointExtension>
				</extensions>
			</trkpt>
			<trkpt lat="15.537346000000001" lon="-88.01697381818182">
				<ele>70.38545</ele>
				<extensions>
					<ns3:TrackPointExtension>
					</ns3:TrackPointExtension>
				</extensions>
			</trkpt>
			<trkpt lat="15.537427000000001" lon="-88.01693663636364">
				<ele>70.26591</ele>
				<extensions>
					<ns3:TrackPointExtension>
					</ns3:TrackPointExtension>
				</extensions>
			</trkpt>
			<trkpt lat="15.537508" lon="-88.01689945454545">
				<ele>70.14636</ele>
				<extensions>
					<ns3:TrackPointExtension>
					</ns3:TrackPointExtension>
				</extensions>
			</trkpt>
			<trkpt lat="15.537589" lon="-88.01686227272728">
				<ele>70.02682</ele>
				<extensions>
					<ns3:TrackPointExtension>
					</ns3:TrackPointExtension>
				</extensions>
			</trkpt>
			<trkpt lat="15.53767" lon="-88.0168250909091">
				<ele>69.90727</ele>
				<extensions>
					<ns3:TrackPointExtension>
					</ns3:TrackPointExtension>
				</extensions>
			</trkpt>
			<trkpt lat="15.537751" lon="-88.01678790909091">
				<ele>69.78773</ele>
				<extensions>
					<ns3:TrackPointExtension>
					</ns3:TrackPointExtension>
				</extensions>
			</trkpt>
			<trkpt lat="15.537832" lon="-88.01675072727274">
				<ele>69.66818</ele>
				<extensions>
					<ns3:TrackPointExtension>
					</ns3:TrackPointExtension>
				</extensions>
			</trkpt>
			<trkpt lat="15.537913000000001" lon="-88.01671354545455">
				<ele>69.54864</ele>
				<extensions>
					<ns3:TrackPointExtension>
					</ns3:TrackPointExtension>
				</extensions>
			</trkpt>
			<trkpt lat="15.537994000000001" lon="-88.01667636363636">
				<ele>69.42909</ele>
				<extensions>
					<ns3:TrackPointExtension>
					</ns3:TrackPointExtension>
				</extensions>
			</trkpt>
			<trkpt lat="15.538075000000001" lon="-88.01663918181819">
				<ele>69.30955</ele>
				<extensions>
					<ns3:TrackPointExtension>
					</ns3:TrackPointExtension>
				</extensions>
			</trkpt>
			<trkpt lat="15.538156" lon="-88.016602">
				<ele>69.19</ele>
				<extensions>
					<ns3:TrackPointExtension>
					</ns3:TrackPointExtension>
				</extensions>
			</trkpt>
			<trkpt lat="15.538239" lon="-88.01656575000001">
				<ele>69.255</ele>
				<extensions>
					<ns3:TrackPointExtension>
					</ns3:TrackPointExtension>
				</extensions>
			</trkpt>
			<trkpt lat="15.538322" lon="-88.0165295">
				<ele>69.32</ele>
				<extensions>
					<ns3:TrackPointExtension>
					</ns3:TrackPointExtension>
				</extensions>
			</trkpt>
			<trkpt lat="15.538405" lon="-88.01649325">
				<ele>69.385</ele>
				<extensions>
					<ns3:TrackPointExtension>
					</ns3:TrackPointExtension>
				</extensions>
			</trkpt>
			<trkpt lat="15.538488" lon="-88.016457">
				<ele>69.45</ele>
				<extensions>
					<ns3:TrackPointExtension>
					</ns3:TrackPointExtension>
				</extensions>
			</trkpt>
			<trkpt lat="15.538565" lon="-88.0164238">
				<ele>69.834</ele>
				<extensions>
					<ns3:TrackPointExtension>
					</ns3:TrackPointExtension>
				</extensions>
			</trkpt>
			<trkpt lat="15.538642" lon="-88.0163906">
				<ele>70.218</ele>
				<extensions>
					<ns3:TrackPointExtension>
					</ns3:TrackPointExtension>
				</extensions>
			</trkpt>
			<trkpt lat="15.538719" lon="-88.0163574">
				<ele>70.602</ele>
				<extensions>
					<ns3:TrackPointExtension>
					</ns3:TrackPointExtension>
				</extensions>
			</trkpt>
			<trkpt lat="15.538796" lon="-88.0163242">
				<ele>70.986</ele>
				<extensions>
					<ns3:TrackPointExtension>
					</ns3:TrackPointExtension>
				</extensions>
			</trkpt>
			<trkpt lat="15.538873" lon="-88.016291">
				<ele>71.37</ele>
				<extensions>
					<ns3:TrackPointExtension>
					</ns3:TrackPointExtension>
				</extensions>
			</trkpt>
			<trkpt lat="15.5389564" lon="-88.016256">
				<ele>71.574</ele>
				<extensions>
					<ns3:TrackPointExtension>
					</ns3:TrackPointExtension>
				</extensions>
			</trkpt>
			<trkpt lat="15.5390398" lon="-88.016221">
				<ele>71.778</ele>
				<extensions>
					<ns3:TrackPointExtension>
					</ns3:TrackPointExtension>
				</extensions>
			</trkpt>
			<trkpt lat="15.5391232" lon="-88.01618599999999">
				<ele>71.982</ele>
				<extensions>
					<ns3:TrackPointExtension>
					</ns3:TrackPointExtension>
				</extensions>
			</trkpt>
			<trkpt lat="15.5392066" lon="-88.016151">
				<ele>72.186</ele>
				<extensions>
					<ns3:TrackPointExtension>
					</ns3:TrackPointExtension>
				</extensions>
			</trkpt>
			<trkpt lat="15.53929" lon="-88.016116">
				<ele>72.39</ele>
				<extensions>
					<ns3:TrackPointExtension>
					</ns3:TrackPointExtension>
				</extensions>
			</trkpt>
			<trkpt lat="15.539366099999999" lon="-88.0160851">
				<ele>72.442</ele>
				<extensions>
					<ns3:TrackPointExtension>
					</ns3:TrackPointExtension>
				</extensions>
			</trkpt>
			<trkpt lat="15.5394422" lon="-88.0160542">
				<ele>72.494</ele>
				<extensions>
					<ns3:TrackPointExtension>
					</ns3:TrackPointExtension>
				</extensions>
			</trkpt>
			<trkpt lat="15.5395183" lon="-88.0160233">
				<ele>72.546</ele>
				<extensions>
					<ns3:TrackPointExtension>
					</ns3:TrackPointExtension>
				</extensions>
			</trkpt>
			<trkpt lat="15.5395944" lon="-88.0159924">
				<ele>72.598</ele>
				<extensions>
					<ns3:TrackPointExtension>
					</ns3:TrackPointExtension>
				</extensions>
			</trkpt>
			<trkpt lat="15.5396705" lon="-88.0159615">
				<ele>72.65</ele>
				<extensions>
					<ns3:TrackPointExtension>
					</ns3:TrackPointExtension>
				</extensions>
			</trkpt>
			<trkpt lat="15.539746599999999" lon="-88.01593059999999">
				<ele>72.702</ele>
				<extensions>
					<ns3:TrackPointExtension>
					</ns3:TrackPointExtension>
				</extensions>
			</trkpt>
			<trkpt lat="15.5398227" lon="-88.01589969999999">
				<ele>72.754</ele>
				<extensions>
					<ns3:TrackPointExtension>
					</ns3:TrackPointExtension>
				</extensions>
			</trkpt>
			<trkpt lat="15.5398988" lon="-88.01586879999999">
				<ele>72.806</ele>
				<extensions>
					<ns3:TrackPointExtension>
					</ns3:TrackPointExtension>
				</extensions>
			</trkpt>
			<trkpt lat="15.5399749" lon="-88.0158379">
				<ele>72.858</ele>
				<extensions>
					<ns3:TrackPointExtension>
					</ns3:TrackPointExtension>
				</extensions>
			</trkpt>
			<trkpt lat="15.540051" lon="-88.015807">
				<ele>72.91</ele>
				<extensions>
					<ns3:TrackPointExtension>
					</ns3:TrackPointExtension>
				</extensions>
			</trkpt>
			<trkpt lat="15.5401274" lon="-88.01577619999999">
				<ele>72.81</ele>
				<extensions>
					<ns3:TrackPointExtension>
					</ns3:TrackPointExtension>
				</extensions>
			</trkpt>
			<trkpt lat="15.5402038" lon="-88.0157454">
				<ele>72.71</ele>
				<extensions>
					<ns3:TrackPointExtension>
					</ns3:TrackPointExtension>
				</extensions>
			</trkpt>
			<trkpt lat="15.5402802" lon="-88.0157146">
				<ele>72.61</ele>
				<extensions>
					<ns3:TrackPointExtension>
					</ns3:TrackPointExtension>
				</extensions>
			</trkpt>
			<trkpt lat="15.5403566" lon="-88.0156838">
				<ele>72.51</ele>
				<extensions>
					<ns3:TrackPointExtension>
					</ns3:TrackPointExtension>
				</extensions>
			</trkpt>
			<trkpt lat="15.540433" lon="-88.015653">
				<ele>72.41</ele>
				<extensions>
					<ns3:TrackPointExtension>
					</ns3:TrackPointExtension>
				</extensions>
			</trkpt>
			<trkpt lat="15.540505428571429" lon="-88.01562">
				<ele>72.49</ele>
				<extensions>
					<ns3:TrackPointExtension>
					</ns3:TrackPointExtension>
				</extensions>
			</trkpt>
			<trkpt lat="15.540577857142857" lon="-88.015587">
				<ele>72.57</ele>
				<extensions>
					<ns3:TrackPointExtension>
					</ns3:TrackPointExtension>
				</extensions>
			</trkpt>
			<trkpt lat="15.540650285714285" lon="-88.015554">
				<ele>72.65</ele>
				<extensions>
					<ns3:TrackPointExtension>
					</ns3:TrackPointExtension>
				</extensions>
			</trkpt>
			<trkpt lat="15.540722714285716" lon="-88.015521">
				<ele>72.73</ele>
				<extensions>
					<ns3:TrackPointExtension>
					</ns3:TrackPointExtension>
				</extensions>
			</trkpt>
			<trkpt lat="15.540795142857144" lon="-88.015488">
				<ele>72.81</ele>
				<extensions>
					<ns3:TrackPointExtension>
					</ns3:TrackPointExtension>
				</extensions>
			</trkpt>
			<trkpt lat="15.540867571428572" lon="-88.015455">
				<ele>72.89</ele>
				<extensions>
					<ns3:TrackPointExtension>
					</ns3:TrackPointExtension>
				</extensions>
			</trkpt>
			<trkpt lat="15.54094" lon="-88.015422">
				<ele>72.97</ele>
				<extensions>
					<ns3:TrackPointExtension>
					</ns3:TrackPointExtension>
				</extensions>
			</trkpt>
			<trkpt lat="15.541015333333334" lon="-88.01538766666667">
				<ele>73.05334</ele>
				<extensions>
					<ns3:TrackPointExtension>
					</ns3:TrackPointExtension>
				</extensions>
			</trkpt>
			<trkpt lat="15.541090666666667" lon="-88.01535333333334">
				<ele>73.136665</ele>
				<extensions>
					<ns3:TrackPointExtension>
					</ns3:TrackPointExtension>
				</extensions>
			</trkpt>
			<trkpt lat="15.541166" lon="-88.015319">
				<ele>73.22</ele>
				<extensions>
					<ns3:TrackPointExtension>
					</ns3:TrackPointExtension>
				</extensions>
			</trkpt>
			<trkpt lat="15.541241333333334" lon="-88.01528466666667">
				<ele>73.30334</ele>
				<extensions>
					<ns3:TrackPointExtension>
					</ns3:TrackPointExtension>
				</extensions>
			</trkpt>
			<trkpt lat="15.541316666666667" lon="-88.01525033333333">
				<ele>73.386665</ele>
				<extensions>
					<ns3:TrackPointExtension>
					</ns3:TrackPointExtension>
				</extensions>
			</trkpt>
			<trkpt lat="15.541392" lon="-88.015216">
				<ele>73.47</ele>
				<extensions>
					<ns3:TrackPointExtension>
					</ns3:TrackPointExtension>
				</extensions>
			</trkpt>
			<trkpt lat="15.541467333333333" lon="-88.01518166666666">
				<ele>73.55334</ele>
				<extensions>
					<ns3:TrackPointExtension>
					</ns3:TrackPointExtension>
				</extensions>
			</trkpt>
			<trkpt lat="15.541542666666667" lon="-88.01514733333333">
				<ele>73.636665</ele>
				<extensions>
					<ns3:TrackPointExtension>
					</ns3:TrackPointExtension>
				</extensions>
			</trkpt>
			<trkpt lat="15.541618" lon="-88.015113">
				<ele>73.72</ele>
				<extensions>
					<ns3:TrackPointExtension>
					</ns3:TrackPointExtension>
				</extensions>
			</trkpt>
			<trkpt lat="15.541652" lon="-88.0150755">
				<ele>73.85</ele>
				<extensions>
					<ns3:TrackPointExtension>
					</ns3:TrackPointExtension>
				</extensions>
			</trkpt>
			<trkpt lat="15.541686" lon="-88.015038">
				<ele>73.98</ele>
				<extensions>
					<ns3:TrackPointExtension>
					</ns3:TrackPointExtension>
				</extensions>
			</trkpt>
			<trkpt lat="15.541734666666667" lon="-88.015001">
				<ele>74.043335</ele>
				<extensions>
					<ns3:TrackPointExtension>
					</ns3:TrackPointExtension>
				</extensions>
			</trkpt>
			<trkpt lat="15.541783333333333" lon="-88.014964">
				<ele>74.10667</ele>
				<extensions>
					<ns3:TrackPointExtension>
					</ns3:TrackPointExtension>
				</extensions>
			</trkpt>
			<trkpt lat="15.541832" lon="-88.014927">
				<ele>74.17</ele>
				<extensions>
					<ns3:TrackPointExtension>
					</ns3:TrackPointExtension>
				</extensions>
			</trkpt>
			<trkpt lat="15.541881" lon="-88.014889">
				<ele>74.235</ele>
				<extensions>
					<ns3:TrackPointExtension>
					</ns3:TrackPointExtension>
				</extensions>
			</trkpt>
			<trkpt lat="15.54193" lon="-88.014851">
				<ele>74.3</ele>
				<extensions>
					<ns3:TrackPointExtension>
					</ns3:TrackPointExtension>
				</extensions>
			</trkpt>
			<trkpt lat="15.541984500000002" lon="-88.014801">
				<ele>74.09</ele>
				<extensions>
					<ns3:TrackPointExtension>
					</ns3:TrackPointExtension>
				</extensions>
			</trkpt>
			<trkpt lat="15.542039" lon="-88.014751">
				<ele>73.88</ele>
				<extensions>
					<ns3:TrackPointExtension>
					</ns3:TrackPointExtension>
				</extensions>
			</trkpt>
			<trkpt lat="15.542116666666667" lon="-88.01470566666667">
				<ele>73.433334</ele>
				<extensions>
					<ns3:TrackPointExtension>
					</ns3:TrackPointExtension>
				</extensions>
			</trkpt>
			<trkpt lat="15.542194333333335" lon="-88.01466033333334">
				<ele>72.986664</ele>
				<extensions>
					<ns3:TrackPointExtension>
					</ns3:TrackPointExtension>
				</extensions>
			</trkpt>
			<trkpt lat="15.542272" lon="-88.014615">
				<ele>72.54</ele>
				<extensions>
					<ns3:TrackPointExtension>
					</ns3:TrackPointExtension>
				</extensions>
			</trkpt>
			<trkpt lat="15.5423325" lon="-88.01458500000001">
				<ele>72.24</ele>
				<extensions>
					<ns3:TrackPointExtension>
					</ns3:TrackPointExtension>
				</extensions>
			</trkpt>
			<trkpt lat="15.542393" lon="-88.014555">
				<ele>71.94</ele>
				<extensions>
					<ns3:TrackPointExtension>
					</ns3:TrackPointExtension>
				</extensions>
			</trkpt>
			<trkpt lat="15.542448499999999" lon="-88.0145375">
				<ele>71.67</ele>
				<extensions>
					<ns3:TrackPointExtension>
					</ns3:TrackPointExtension>
				</extensions>
			</trkpt>
			<trkpt lat="15.542504" lon="-88.01452">
				<ele>71.4</ele>
				<extensions>
					<ns3:TrackPointExtension>
					</ns3:TrackPointExtension>
				</extensions>
			</trkpt>
			<trkpt lat="15.542553" lon="-88.014513">
				<ele>71.2</ele>
				<extensions>
					<ns3:TrackPointExtension>
					</ns3:TrackPointExtension>
				</extensions>
			</trkpt>
			<trkpt lat="15.542602" lon="-88.014506">
				<ele>71.0</ele>
				<extensions>
					<ns3:TrackPointExtension>
					</ns3:TrackPointExtension>
				</extensions>
			</trkpt>
			<trkpt lat="15.542691" lon="-88.014507">
				<ele>70.69</ele>
				<extensions>
					<ns3:TrackPointExtension>
					</ns3:TrackPointExtension>
				</extensions>
			</trkpt>
			<trkpt lat="15.542743999999999" lon="-88.014508">
				<ele>70.505</ele>
				<extensions>
					<ns3:TrackPointExtension>
					</ns3:TrackPointExtension>
				</extensions>
			</trkpt>
			<trkpt lat="15.542797" lon="-88.014509">
				<ele>70.32</ele>
				<extensions>
					<ns3:TrackPointExtension>
					</ns3:TrackPointExtension>
				</extensions>
			</trkpt>
			<trkpt lat="15.542873666666667" lon="-88.01449766666667">
				<ele>70.36</ele>
				<extensions>
					<ns3:TrackPointExtension>
					</ns3:TrackPointExtension>
				</extensions>
			</trkpt>
			<trkpt lat="15.542950333333334" lon="-88.01448633333334">
				<ele>70.4</ele>
				<extensions>
					<ns3:TrackPointExtension>
					</ns3:TrackPointExtension>
				</extensions>
			</trkpt>
			<trkpt lat="15.543027" lon="-88.014475">
				<ele>70.44</ele>
				<extensions>
					<ns3:TrackPointExtension>
					</ns3:TrackPointExtension>
				</extensions>
			</trkpt>
			<trkpt lat="15.5430745" lon="-88.0144565">
				<ele>70.605</ele>
				<extensions>
					<ns3:TrackPointExtension>
					</ns3:TrackPointExtension>
				</extensions>
			</trkpt>
			<trkpt lat="15.543122" lon="-88.014438">
				<ele>70.77</ele>
				<extensions>
					<ns3:TrackPointExtension>
					</ns3:TrackPointExtension>
				</extensions>
			</trkpt>
			<trkpt lat="15.543184666666667" lon="-88.01441366666667">
				<ele>70.99333</ele>
				<extensions>
					<ns3:TrackPointExtension>
					</ns3:TrackPointExtension>
				</extensions>
			</trkpt>
			<trkpt lat="15.543247333333333" lon="-88.01438933333333">
				<ele>71.21667</ele>
				<extensions>
					<ns3:TrackPointExtension>
					</ns3:TrackPointExtension>
				</extensions>
			</trkpt>
			<trkpt lat="15.54331" lon="-88.014365">
				<ele>71.44</ele>
				<extensions>
					<ns3:TrackPointExtension>
					</ns3:TrackPointExtension>
				</extensions>
			</trkpt>
			<trkpt lat="15.543375000000001" lon="-88.014349">
				<ele>71.665</ele>
				<extensions>
					<ns3:TrackPointExtension>
					</ns3:TrackPointExtension>
				</extensions>
			</trkpt>
			<trkpt lat="15.54344" lon="-88.014333">
				<ele>71.89</ele>
				<extensions>
					<ns3:TrackPointExtension>
					</ns3:TrackPointExtension>
				</extensions>
			</trkpt>
			<trkpt lat="15.543499" lon="-88.01429866666666">
				<ele>72.13333</ele>
				<extensions>
					<ns3:TrackPointExtension>
					</ns3:TrackPointExtension>
				</extensions>
			</trkpt>
			<trkpt lat="15.543557999999999" lon="-88.01426433333333">
				<ele>72.37666</ele>
				<extensions>
					<ns3:TrackPointExtension>
					</ns3:TrackPointExtension>
				</extensions>
			</trkpt>
			<trkpt lat="15.543617" lon="-88.01423">
				<ele>72.62</ele>
				<extensions>
					<ns3:TrackPointExtension>
					</ns3:TrackPointExtension>
				</extensions>
			</trkpt>
			<trkpt lat="15.5436936" lon="-88.0141842">
				<ele>72.65</ele>
				<extensions>
					<ns3:TrackPointExtension>
					</ns3:TrackPointExtension>
				</extensions>
			</trkpt>
			<trkpt lat="15.543770199999999" lon="-88.0141384">
				<ele>72.68</ele>
				<extensions>
					<ns3:TrackPointExtension>
					</ns3:TrackPointExtension>
				</extensions>
			</trkpt>
			<trkpt lat="15.5438468" lon="-88.0140926">
				<ele>72.71</ele>
				<extensions>
					<ns3:TrackPointExtension>
					</ns3:TrackPointExtension>
				</extensions>
			</trkpt>
			<trkpt lat="15.5439234" lon="-88.01404679999999">
				<ele>72.74</ele>
				<extensions>
					<ns3:TrackPointExtension>
					</ns3:TrackPointExtension>
				</extensions>
			</trkpt>
			<trkpt lat="15.544" lon="-88.014001">
				<ele>72.77</ele>
				<extensions>
					<ns3:TrackPointExtension>
					</ns3:TrackPointExtension>
				</extensions>
			</trkpt>
			<trkpt lat="15.544072" lon="-88.0139574">
				<ele>72.676</ele>
				<extensions>
					<ns3:TrackPointExtension>
					</ns3:TrackPointExtension>
				</extensions>
			</trkpt>
			<trkpt lat="15.544144" lon="-88.0139138">
				<ele>72.582</ele>
				<extensions>
					<ns3:TrackPointExtension>
					</ns3:TrackPointExtension>
				</extensions>
			</trkpt>
			<trkpt lat="15.544216" lon="-88.0138702">
				<ele>72.488</ele>
				<extensions>
					<ns3:TrackPointExtension>
					</ns3:TrackPointExtension>
				</extensions>
			</trkpt>
			<trkpt lat="15.544288" lon="-88.0138266">
				<ele>72.394</ele>
				<extensions>
					<ns3:TrackPointExtension>
					</ns3:TrackPointExtension>
				</extensions>
			</trkpt>
			<trkpt lat="15.54436" lon="-88.013783">
				<ele>72.3</ele>
				<extensions>
					<ns3:TrackPointExtension>
					</ns3:TrackPointExtension>
				</extensions>
			</trkpt>
			<trkpt lat="15.544436333333334" lon="-88.01373666666667">
				<ele>72.2</ele>
				<extensions>
					<ns3:TrackPointExtension>
					</ns3:TrackPointExtension>
				</extensions>
			</trkpt>
			<trkpt lat="15.544512666666666" lon="-88.01369033333333">
				<ele>72.1</ele>
				<extensions>
					<ns3:TrackPointExtension>
					</ns3:TrackPointExtension>
				</extensions>
			</trkpt>
			<trkpt lat="15.544589" lon="-88.013644">
				<ele>72.0</ele>
				<extensions>
					<ns3:TrackPointExtension>
					</ns3:TrackPointExtension>
				</extensions>
			</trkpt>
			<trkpt lat="15.544655333333333" lon="-88.013587">
				<ele>72.15667</ele>
				<extensions>
					<ns3:TrackPointExtension>
					</ns3:TrackPointExtension>
				</extensions>
			</trkpt>
			<trkpt lat="15.544721666666668" lon="-88.01353">
				<ele>72.31333</ele>
				<extensions>
					<ns3:TrackPointExtension>
					</ns3:TrackPointExtension>
				</extensions>
			</trkpt>
			<trkpt lat="15.544788" lon="-88.013473">
				<ele>72.47</ele>
				<extensions>
					<ns3:TrackPointExtension>
					</ns3:TrackPointExtension>
				</extensions>
			</trkpt>
			<trkpt lat="15.5448475" lon="-88.013422">
				<ele>72.475</ele>
				<extensions>
					<ns3:TrackPointExtension>
					</ns3:TrackPointExtension>
				</extensions>
			</trkpt>
			<trkpt lat="15.544907" lon="-88.013371">
				<ele>72.48</ele>
				<extensions>
					<ns3:TrackPointExtension>
					</ns3:TrackPointExtension>
				</extensions>
			</trkpt>
			<trkpt lat="15.544966500000001" lon="-88.01332">
				<ele>72.485</ele>
				<extensions>
					<ns3:TrackPointExtension>
					</ns3:TrackPointExtension>
				</extensions>
			</trkpt>
			<trkpt lat="15.545026" lon="-88.013269">
				<ele>72.49</ele>
				<extensions>
					<ns3:TrackPointExtension>
					</ns3:TrackPointExtension>
				</extensions>
			</trkpt>
			<trkpt lat="15.545085499999999" lon="-88.013218">
				<ele>72.495</ele>
				<extensions>
					<ns3:TrackPointExtension>
					</ns3:TrackPointExtension>
				</extensions>
			</trkpt>
			<trkpt lat="15.545145" lon="-88.013167">
				<ele>72.5</ele>
				<extensions>
					<ns3:TrackPointExtension>
					</ns3:TrackPointExtension>
				</extensions>
			</trkpt>
			<trkpt lat="15.5452046" lon="-88.01311199999999">
				<ele>72.434</ele>
				<extensions>
					<ns3:TrackPointExtension>
					</ns3:TrackPointExtension>
				</extensions>
			</trkpt>
			<trkpt lat="15.5452642" lon="-88.01305699999999">
				<ele>72.368</ele>
				<extensions>
					<ns3:TrackPointExtension>
					</ns3:TrackPointExtension>
				</extensions>
			</trkpt>
			<trkpt lat="15.5453238" lon="-88.013002">
				<ele>72.302</ele>
				<extensions>
					<ns3:TrackPointExtension>
					</ns3:TrackPointExtension>
				</extensions>
			</trkpt>
			<trkpt lat="15.5453834" lon="-88.012947">
				<ele>72.236</ele>
				<extensions>
					<ns3:TrackPointExtension>
					</ns3:TrackPointExtension>
				</extensions>
			</trkpt>
			<trkpt lat="15.545443" lon="-88.012892">
				<ele>72.17</ele>
				<extensions>
					<ns3:TrackPointExtension>
					</ns3:TrackPointExtension>
				</extensions>
			</trkpt>
			<trkpt lat="15.545506750000001" lon="-88.01283149999999">
				<ele>72.135</ele>
				<extensions>
					<ns3:TrackPointExtension>
					</ns3:TrackPointExtension>
				</extensions>
			</trkpt>
			<trkpt lat="15.5455705" lon="-88.01277099999999">
				<ele>72.1</ele>
				<extensions>
					<ns3:TrackPointExtension>
					</ns3:TrackPointExtension>
				</extensions>
			</trkpt>
			<trkpt lat="15.545634249999999" lon="-88.0127105">
				<ele>72.065</ele>
				<extensions>
					<ns3:TrackPointExtension>
					</ns3:TrackPointExtension>
				</extensions>
			</trkpt>
			<trkpt lat="15.545698" lon="-88.01265">
				<ele>72.03</ele>
				<extensions>
					<ns3:TrackPointExtension>
					</ns3:TrackPointExtension>
				</extensions>
			</trkpt>
			<trkpt lat="15.545752" lon="-88.01259133333333">
				<ele>72.02</ele>
				<extensions>
					<ns3:TrackPointExtension>
					</ns3:TrackPointExtension>
				</extensions>
			</trkpt>
			<trkpt lat="15.545805999999999" lon="-88.01253266666666">
				<ele>72.01</ele>
				<extensions>
					<ns3:TrackPointExtension>
					</ns3:TrackPointExtension>
				</extensions>
			</trkpt>
			<trkpt lat="15.54586" lon="-88.012474">
				<ele>72.0</ele>
				<extensions>
					<ns3:TrackPointExtension>
					</ns3:TrackPointExtension>
				</extensions>
			</trkpt>
			<trkpt lat="15.54588" lon="-88.01241533333334">
				<ele>71.95333</ele>
				<extensions>
					<ns3:TrackPointExtension>
					</ns3:TrackPointExtension>
				</extensions>
			</trkpt>
			<trkpt lat="15.5459" lon="-88.01235666666666">
				<ele>71.90667</ele>
				<extensions>
					<ns3:TrackPointExtension>
					</ns3:TrackPointExtension>
				</extensions>
			</trkpt>
			<trkpt lat="15.54592" lon="-88.012298">
				<ele>71.86</ele>
				<extensions>
					<ns3:TrackPointExtension>
					</ns3:TrackPointExtension>
				</extensions>
			</trkpt>
			<trkpt lat="15.545956" lon="-88.0122145">
				<ele>71.91</ele>
				<extensions>
					<ns3:TrackPointExtension>
					</ns3:TrackPointExtension>
				</extensions>
			</trkpt>
			<trkpt lat="15.545992" lon="-88.012131">
				<ele>71.96</ele>
				<extensions>
					<ns3:TrackPointExtension>
					</ns3:TrackPointExtension>
				</extensions>
			</trkpt>
			<trkpt lat="15.546033" lon="-88.0120554">
				<ele>71.906</ele>
				<extensions>
					<ns3:TrackPointExtension>
					</ns3:TrackPointExtension>
				</extensions>
			</trkpt>
			<trkpt lat="15.546073999999999" lon="-88.01197979999999">
				<ele>71.852</ele>
				<extensions>
					<ns3:TrackPointExtension>
					</ns3:TrackPointExtension>
				</extensions>
			</trkpt>
			<trkpt lat="15.546115" lon="-88.0119042">
				<ele>71.798</ele>
				<extensions>
					<ns3:TrackPointExtension>
					</ns3:TrackPointExtension>
				</extensions>
			</trkpt>
			<trkpt lat="15.546156" lon="-88.0118286">
				<ele>71.744</ele>
				<extensions>
					<ns3:TrackPointExtension>
					</ns3:TrackPointExtension>
				</extensions>
			</trkpt>
			<trkpt lat="15.546197" lon="-88.011753">
				<ele>71.69</ele>
				<extensions>
					<ns3:TrackPointExtension>
					</ns3:TrackPointExtension>
				</extensions>
			</trkpt>
			<trkpt lat="15.546237999999999" lon="-88.01168966666667">
				<ele>71.69666</ele>
				<extensions>
					<ns3:TrackPointExtension>
					</ns3:TrackPointExtension>
				</extensions>
			</trkpt>
			<trkpt lat="15.546279" lon="-88.01162633333333">
				<ele>71.70333</ele>
				<extensions>
					<ns3:TrackPointExtension>
					</ns3:TrackPointExtension>
				</extensions>
			</trkpt>
			<trkpt lat="15.54632" lon="-88.011563">
				<ele>71.71</ele>
				<extensions>
					<ns3:TrackPointExtension>
					</ns3:TrackPointExtension>
				</extensions>
			</trkpt>
			<trkpt lat="15.546365999999999" lon="-88.0114972">
				<ele>71.7</ele>
				<extensions>
					<ns3:TrackPointExtension>
					</ns3:TrackPointExtension>
				</extensions>
			</trkpt>
			<trkpt lat="15.546412" lon="-88.01143139999999">
				<ele>71.69</ele>
				<extensions>
					<ns3:TrackPointExtension>
					</ns3:TrackPointExtension>
				</extensions>
			</trkpt>
			<trkpt lat="15.546458" lon="-88.0113656">
				<ele>71.68</ele>
				<extensions>
					<ns3:TrackPointExtension>
					</ns3:TrackPointExtension>
				</extensions>
			</trkpt>
			<trkpt lat="15.546504" lon="-88.0112998">
				<ele>71.67</ele>
				<extensions>
					<ns3:TrackPointExtension>
					</ns3:TrackPointExtension>
				</extensions>
			</trkpt>
			<trkpt lat="15.54655" lon="-88.011234">
				<ele>71.66</ele>
				<extensions>
					<ns3:TrackPointExtension>
					</ns3:TrackPointExtension>
				</extensions>
			</trkpt>
			<trkpt lat="15.5465885" lon="-88.011185">
				<ele>71.84</ele>
				<extensions>
					<ns3:TrackPointExtension>
					</ns3:TrackPointExtension>
				</extensions>
			</trkpt>
			<trkpt lat="15.546627" lon="-88.011136">
				<ele>72.02</ele>
				<extensions>
					<ns3:TrackPointExtension>
					</ns3:TrackPointExtension>
				</extensions>
			</trkpt>
			<trkpt lat="15.546666" lon="-88.01110249999999">
				<ele>72.105</ele>
				<extensions>
					<ns3:TrackPointExtension>
					</ns3:TrackPointExtension>
				</extensions>
			</trkpt>
			<trkpt lat="15.546705" lon="-88.011069">
				<ele>72.19</ele>
				<extensions>
					<ns3:TrackPointExtension>
					</ns3:TrackPointExtension>
				</extensions>
			</trkpt>
			<trkpt lat="15.546755000000001" lon="-88.0110415">
				<ele>72.515</ele>
				<extensions>
					<ns3:TrackPointExtension>
					</ns3:TrackPointExtension>
				</extensions>
			</trkpt>
			<trkpt lat="15.546805" lon="-88.011014">
				<ele>72.84</ele>
				<extensions>
					<ns3:TrackPointExtension>
					</ns3:TrackPointExtension>
				</extensions>
			</trkpt>
			<trkpt lat="15.546856" lon="-88.010991">
				<ele>73.14</ele>
				<extensions>
					<ns3:TrackPointExtension>
					</ns3:TrackPointExtension>
				</extensions>
			</trkpt>
			<trkpt lat="15.546895" lon="-88.0109555">
				<ele>73.395</ele>
				<extensions>
					<ns3:TrackPointExtension>
					</ns3:TrackPointExtension>
				</extensions>
			</trkpt>
			<trkpt lat="15.546934" lon="-88.01092">
				<ele>73.65</ele>
				<extensions>
					<ns3:TrackPointExtension>
					</ns3:TrackPointExtension>
				</extensions>
			</trkpt>
			<trkpt lat="15.5469775" lon="-88.01084183333333">
				<ele>73.64833</ele>
				<extensions>
					<ns3:TrackPointExtension>
					</ns3:TrackPointExtension>
				</extensions>
			</trkpt>
			<trkpt lat="15.547021" lon="-88.01076366666666">
				<ele>73.64667</ele>
				<extensions>
					<ns3:TrackPointExtension>
					</ns3:TrackPointExtension>
				</extensions>
			</trkpt>
			<trkpt lat="15.547064500000001" lon="-88.0106855">
				<ele>73.645</ele>
				<extensions>
					<ns3:TrackPointExtension>
					</ns3:TrackPointExtension>
				</extensions>
			</trkpt>
			<trkpt lat="15.547108" lon="-88.01060733333334">
				<ele>73.64333</ele>
				<extensions>
					<ns3:TrackPointExtension>
					</ns3:TrackPointExtension>
				</extensions>
			</trkpt>
			<trkpt lat="15.5471515" lon="-88.01052916666667">
				<ele>73.64167</ele>
				<extensions>
					<ns3:TrackPointExtension>
					</ns3:TrackPointExtension>
				</extensions>
			</trkpt>
			<trkpt lat="15.547195" lon="-88.010451">
				<ele>73.64</ele>
				<extensions>
					<ns3:TrackPointExtension>
					</ns3:TrackPointExtension>
				</extensions>
			</trkpt>
			<trkpt lat="15.547231666666667" lon="-88.01037233333334">
				<ele>73.62666</ele>
				<extensions>
					<ns3:TrackPointExtension>
					</ns3:TrackPointExtension>
				</extensions>
			</trkpt>
			<trkpt lat="15.547268333333333" lon="-88.01029366666667">
				<ele>73.613335</ele>
				<extensions>
					<ns3:TrackPointExtension>
					</ns3:TrackPointExtension>
				</extensions>
			</trkpt>
			<trkpt lat="15.547305" lon="-88.010215">
				<ele>73.6</ele>
				<extensions>
					<ns3:TrackPointExtension>
					</ns3:TrackPointExtension>
				</extensions>
			</trkpt>
			<trkpt lat="15.547342" lon="-88.010136">
				<ele>73.583336</ele>
				<extensions>
					<ns3:TrackPointExtension>
					</ns3:TrackPointExtension>
				</extensions>
			</trkpt>
			<trkpt lat="15.547379" lon="-88.010057">
				<ele>73.566666</ele>
				<extensions>
					<ns3:TrackPointExtension>
					</ns3:TrackPointExtension>
				</extensions>
			</trkpt>
			<trkpt lat="15.547416" lon="-88.009978">
				<ele>73.55</ele>
				<extensions>
					<ns3:TrackPointExtension>
					</ns3:TrackPointExtension>
				</extensions>
			</trkpt>
			<trkpt lat="15.547457" lon="-88.00989662500001">
				<ele>73.5575</ele>
				<extensions>
					<ns3:TrackPointExtension>
					</ns3:TrackPointExtension>
				</extensions>
			</trkpt>
			<trkpt lat="15.547498000000001" lon="-88.00981525">
				<ele>73.565</ele>
				<extensions>
					<ns3:TrackPointExtension>
					</ns3:TrackPointExtension>
				</extensions>
			</trkpt>
			<trkpt lat="15.547539" lon="-88.009733875">
				<ele>73.5725</ele>
				<extensions>
					<ns3:TrackPointExtension>
					</ns3:TrackPointExtension>
				</extensions>
			</trkpt>
			<trkpt lat="15.54758" lon="-88.0096525">
				<ele>73.58</ele>
				<extensions>
					<ns3:TrackPointExtension>
					</ns3:TrackPointExtension>
				</extensions>
			</trkpt>
			<trkpt lat="15.547621" lon="-88.00957112500001">
				<ele>73.5875</ele>
				<extensions>
					<ns3:TrackPointExtension>
					</ns3:TrackPointExtension>
				</extensions>
			</trkpt>
			<trkpt lat="15.547661999999999" lon="-88.00948975">
				<ele>73.595</ele>
				<extensions>
					<ns3:TrackPointExtension>
					</ns3:TrackPointExtension>
				</extensions>
			</trkpt>
			<trkpt lat="15.547703" lon="-88.00940837499999">
				<ele>73.6025</ele>
				<extensions>
					<ns3:TrackPointExtension>
					</ns3:TrackPointExtension>
				</extensions>
			</trkpt>
			<trkpt lat="15.547744" lon="-88.009327">
				<ele>73.61</ele>
				<extensions>
					<ns3:TrackPointExtension>
					</ns3:TrackPointExtension>
				</extensions>
			</trkpt>
			<trkpt lat="15.547782333333334" lon="-88.00924808333333">
				<ele>73.5625</ele>
				<extensions>
					<ns3:TrackPointExtension>
					</ns3:TrackPointExtension>
				</extensions>
			</trkpt>
			<trkpt lat="15.547820666666667" lon="-88.00916916666667">
				<ele>73.515</ele>
				<extensions>
					<ns3:TrackPointExtension>
					</ns3:TrackPointExtension>
				</extensions>
			</trkpt>
			<trkpt lat="15.547858999999999" lon="-88.00909025">
				<ele>73.4675</ele>
				<extensions>
					<ns3:TrackPointExtension>
					</ns3:TrackPointExtension>
				</extensions>
			</trkpt>
			<trkpt lat="15.547897333333333" lon="-88.00901133333333">
				<ele>73.42</ele>
				<extensions>
					<ns3:TrackPointExtension>
					</ns3:TrackPointExtension>
				</extensions>
			</trkpt>
			<trkpt lat="15.547935666666667" lon="-88.00893241666667">
				<ele>73.3725</ele>
				<extensions>
					<ns3:TrackPointExtension>
					</ns3:TrackPointExtension>
				</extensions>
			</trkpt>
			<trkpt lat="15.547974" lon="-88.0088535">
				<ele>73.325</ele>
				<extensions>
					<ns3:TrackPointExtension>
					</ns3:TrackPointExtension>
				</extensions>
			</trkpt>
			<trkpt lat="15.548012333333332" lon="-88.00877458333333">
				<ele>73.2775</ele>
				<extensions>
					<ns3:TrackPointExtension>
					</ns3:TrackPointExtension>
				</extensions>
			</trkpt>
			<trkpt lat="15.548050666666667" lon="-88.00869566666667">
				<ele>73.23</ele>
				<extensions>
					<ns3:TrackPointExtension>
					</ns3:TrackPointExtension>
				</extensions>
			</trkpt>
			<trkpt lat="15.548089000000001" lon="-88.00861675">
				<ele>73.1825</ele>
				<extensions>
					<ns3:TrackPointExtension>
					</ns3:TrackPointExtension>
				</extensions>
			</trkpt>
			<trkpt lat="15.548127333333333" lon="-88.00853783333334">
				<ele>73.135</ele>
				<extensions>
					<ns3:TrackPointExtension>
					</ns3:TrackPointExtension>
				</extensions>
			</trkpt>
			<trkpt lat="15.548165666666666" lon="-88.00845891666667">
				<ele>73.0875</ele>
				<extensions>
					<ns3:TrackPointExtension>
					</ns3:TrackPointExtension>
				</extensions>
			</trkpt>
			<trkpt lat="15.548204" lon="-88.00838">
				<ele>73.04</ele>
				<extensions>
					<ns3:TrackPointExtension>
					</ns3:TrackPointExtension>
				</extensions>
			</trkpt>
			<trkpt lat="15.5481555" lon="-88.00830450000001">
				<ele>73.415</ele>
				<extensions>
					<ns3:TrackPointExtension>
					</ns3:TrackPointExtension>
				</extensions>
			</trkpt>
			<trkpt lat="15.548107" lon="-88.008229">
				<ele>73.79</ele>
				<extensions>
					<ns3:TrackPointExtension>
					</ns3:TrackPointExtension>
				</extensions>
			</trkpt>
			<trkpt lat="15.548191" lon="-88.008228">
				<ele>74.265</ele>
				<extensions>
					<ns3:TrackPointExtension>
					</ns3:TrackPointExtension>
				</extensions>
			</trkpt>
			<trkpt lat="15.548275" lon="-88.008227">
				<ele>74.74</ele>
				<extensions>
					<ns3:TrackPointExtension>
					</ns3:TrackPointExtension>
				</extensions>
			</trkpt>
			<trkpt lat="15.548314111111111" lon="-88.00814600000001">
				<ele>74.64</ele>
				<extensions>
					<ns3:TrackPointExtension>
					</ns3:TrackPointExtension>
				</extensions>
			</trkpt>
			<trkpt lat="15.548353222222222" lon="-88.008065">
				<ele>74.54</ele>
				<extensions>
					<ns3:TrackPointExtension>
					</ns3:TrackPointExtension>
				</extensions>
			</trkpt>
			<trkpt lat="15.548392333333334" lon="-88.00798400000001">
				<ele>74.44</ele>
				<extensions>
					<ns3:TrackPointExtension>
					</ns3:TrackPointExtension>
				</extensions>
			</trkpt>
			<trkpt lat="15.548431444444445" lon="-88.007903">
				<ele>74.34</ele>
				<extensions>
					<ns3:TrackPointExtension>
					</ns3:TrackPointExtension>
				</extensions>
			</trkpt>
			<trkpt lat="15.548470555555555" lon="-88.007822">
				<ele>74.24</ele>
				<extensions>
					<ns3:TrackPointExtension>
					</ns3:TrackPointExtension>
				</extensions>
			</trkpt>
			<trkpt lat="15.548509666666666" lon="-88.007741">
				<ele>74.14</ele>
				<extensions>
					<ns3:TrackPointExtension>
					</ns3:TrackPointExtension>
				</extensions>
			</trkpt>
			<trkpt lat="15.548548777777778" lon="-88.00766">
				<ele>74.04</ele>
				<extensions>
					<ns3:TrackPointExtension>
					</ns3:TrackPointExtension>
				</extensions>
			</trkpt>
			<trkpt lat="15.548587888888889" lon="-88.00757899999999">
				<ele>73.94</ele>
				<extensions>
					<ns3:TrackPointExtension>
					</ns3:TrackPointExtension>
				</extensions>
			</trkpt>
			<trkpt lat="15.548627" lon="-88.007498">
				<ele>73.84</ele>
				<extensions>
					<ns3:TrackPointExtension>
					</ns3:TrackPointExtension>
				</extensions>
			</trkpt>
			<trkpt lat="15.548663" lon="-88.00742311111111">
				<ele>73.746666</ele>
				<extensions>
					<ns3:TrackPointExtension>
					</ns3:TrackPointExtension>
				</extensions>
			</trkpt>
			<trkpt lat="15.548699" lon="-88.00734822222222">
				<ele>73.653336</ele>
				<extensions>
					<ns3:TrackPointExtension>
					</ns3:TrackPointExtension>
				</extensions>
			</trkpt>
			<trkpt lat="15.548735" lon="-88.00727333333333">
				<ele>73.56</ele>
				<extensions>
					<ns3:TrackPointExtension>
					</ns3:TrackPointExtension>
				</extensions>
			</trkpt>
			<trkpt lat="15.548771" lon="-88.00719844444444">
				<ele>73.46667</ele>
				<extensions>
					<ns3:TrackPointExtension>
					</ns3:TrackPointExtension>
				</extensions>
			</trkpt>
			<trkpt lat="15.548807" lon="-88.00712355555555">
				<ele>73.37334</ele>
				<extensions>
					<ns3:TrackPointExtension>
					</ns3:TrackPointExtension>
				</extensions>
			</trkpt>
			<trkpt lat="15.548843" lon="-88.00704866666666">
				<ele>73.28</ele>
				<extensions>
					<ns3:TrackPointExtension>
					</ns3:TrackPointExtension>
				</extensions>
			</trkpt>
			<trkpt lat="15.548879000000001" lon="-88.00697377777777">
				<ele>73.18667</ele>
				<extensions>
					<ns3:TrackPointExtension>
					</ns3:TrackPointExtension>
				</extensions>
			</trkpt>
			<trkpt lat="15.548915000000001" lon="-88.00689888888888">
				<ele>73.09333</ele>
				<extensions>
					<ns3:TrackPointExtension>
					</ns3:TrackPointExtension>
				</extensions>
			</trkpt>
			<trkpt lat="15.548951" lon="-88.006824">
				<ele>73.0</ele>
				<extensions>
					<ns3:TrackPointExtension>
					</ns3:TrackPointExtension>
				</extensions>
			</trkpt>
			<trkpt lat="15.548991916666667" lon="-88.00674216666667">
				<ele>72.96</ele>
				<extensions>
					<ns3:TrackPointExtension>
					</ns3:TrackPointExtension>
				</extensions>
			</trkpt>
			<trkpt lat="15.549032833333333" lon="-88.00666033333333">
				<ele>72.92</ele>
				<extensions>
					<ns3:TrackPointExtension>
					</ns3:TrackPointExtension>
				</extensions>
			</trkpt>
			<trkpt lat="15.549073750000002" lon="-88.00657849999999">
				<ele>72.88</ele>
				<extensions>
					<ns3:TrackPointExtension>
					</ns3:TrackPointExtension>
				</extensions>
			</trkpt>
			<trkpt lat="15.549114666666668" lon="-88.00649666666666">
				<ele>72.84</ele>
				<extensions>
					<ns3:TrackPointExtension>
					</ns3:TrackPointExtension>
				</extensions>
			</trkpt>
			<trkpt lat="15.549155583333334" lon="-88.00641483333334">
				<ele>72.8</ele>
				<extensions>
					<ns3:TrackPointExtension>
					</ns3:TrackPointExtension>
				</extensions>
			</trkpt>
			<trkpt lat="15.5491965" lon="-88.006333">
				<ele>72.76</ele>
				<extensions>
					<ns3:TrackPointExtension>
					</ns3:TrackPointExtension>
				</extensions>
			</trkpt>
			<trkpt lat="15.549237416666667" lon="-88.00625116666666">
				<ele>72.72</ele>
				<extensions>
					<ns3:TrackPointExtension>
					</ns3:TrackPointExtension>
				</extensions>
			</trkpt>
			<trkpt lat="15.549278333333334" lon="-88.00616933333333">
				<ele>72.68</ele>
				<extensions>
					<ns3:TrackPointExtension>
					</ns3:TrackPointExtension>
				</extensions>
			</trkpt>
			<trkpt lat="15.54931925" lon="-88.0060875">
				<ele>72.64</ele>
				<extensions>
					<ns3:TrackPointExtension>
					</ns3:TrackPointExtension>
				</extensions>
			</trkpt>
			<trkpt lat="15.549360166666668" lon="-88.00600566666667">
				<ele>72.6</ele>
				<extensions>
					<ns3:TrackPointExtension>
					</ns3:TrackPointExtension>
				</extensions>
			</trkpt>
			<trkpt lat="15.549401083333334" lon="-88.00592383333333">
				<ele>72.56</ele>
				<extensions>
					<ns3:TrackPointExtension>
					</ns3:TrackPointExtension>
				</extensions>
			</trkpt>
			<trkpt lat="15.549442" lon="-88.005842">
				<ele>72.52</ele>
				<extensions>
					<ns3:TrackPointExtension>
					</ns3:TrackPointExtension>
				</extensions>
			</trkpt>
			<trkpt lat="15.549482916666667" lon="-88.00575970833333">
				<ele>72.473335</ele>
				<extensions>
					<ns3:TrackPointExtension>
					</ns3:TrackPointExtension>
				</extensions>
			</trkpt>
			<trkpt lat="15.549523833333334" lon="-88.00567741666667">
				<ele>72.42667</ele>
				<extensions>
					<ns3:TrackPointExtension>
					</ns3:TrackPointExtension>
				</extensions>
			</trkpt>
			<trkpt lat="15.54956475" lon="-88.005595125">
				<ele>72.38</ele>
				<extensions>
					<ns3:TrackPointExtension>
					</ns3:TrackPointExtension>
				</extensions>
			</trkpt>
			<trkpt lat="15.549605666666668" lon="-88.00551283333334">
				<ele>72.333336</ele>
				<extensions>
					<ns3:TrackPointExtension>
					</ns3:TrackPointExtension>
				</extensions>
			</trkpt>
			<trkpt lat="15.549646583333335" lon="-88.00543054166667">
				<ele>72.28667</ele>
				<extensions>
					<ns3:TrackPointExtension>
					</ns3:TrackPointExtension>
				</extensions>
			</trkpt>
			<trkpt lat="15.549687500000001" lon="-88.00534825">
				<ele>72.24</ele>
				<extensions>
					<ns3:TrackPointExtension>
					</ns3:TrackPointExtension>
				</extensions>
			</trkpt>
			<trkpt lat="15.549728416666667" lon="-88.00526595833334">
				<ele>72.19334</ele>
				<extensions>
					<ns3:TrackPointExtension>
					</ns3:TrackPointExtension>
				</extensions>
			</trkpt>
			<trkpt lat="15.549769333333334" lon="-88.00518366666667">
				<ele>72.14667</ele>
				<extensions>
					<ns3:TrackPointExtension>
					</ns3:TrackPointExtension>
				</extensions>
			</trkpt>
			<trkpt lat="15.54981025" lon="-88.005101375">
				<ele>72.1</ele>
				<extensions>
					<ns3:TrackPointExtension>
					</ns3:TrackPointExtension>
				</extensions>
			</trkpt>
			<trkpt lat="15.549851166666667" lon="-88.00501908333334">
				<ele>72.05334</ele>
				<extensions>
					<ns3:TrackPointExtension>
					</ns3:TrackPointExtension>
				</extensions>
			</trkpt>
			<trkpt lat="15.549892083333333" lon="-88.00493679166667">
				<ele>72.00667</ele>
				<extensions>
					<ns3:TrackPointExtension>
					</ns3:TrackPointExtension>
				</extensions>
			</trkpt>
			<trkpt lat="15.549933" lon="-88.0048545">
				<ele>71.96</ele>
				<extensions>
					<ns3:TrackPointExtension>
					</ns3:TrackPointExtension>
				</extensions>
			</trkpt>
			<trkpt lat="15.549973916666668" lon="-88.00477220833334">
				<ele>71.91333</ele>
				<extensions>
					<ns3:TrackPointExtension>
					</ns3:TrackPointExtension>
				</extensions>
			</trkpt>
			<trkpt lat="15.550014833333334" lon="-88.00468991666666">
				<ele>71.86667</ele>
				<extensions>
					<ns3:TrackPointExtension>
					</ns3:TrackPointExtension>
				</extensions>
			</trkpt>
			<trkpt lat="15.55005575" lon="-88.004607625">
				<ele>71.82</ele>
				<extensions>
					<ns3:TrackPointExtension>
					</ns3:TrackPointExtension>
				</extensions>
			</trkpt>
			<trkpt lat="15.550096666666667" lon="-88.00452533333333">
				<ele>71.77333</ele>
				<extensions>
					<ns3:TrackPointExtension>
					</ns3:TrackPointExtension>
				</extensions>
			</trkpt>
			<trkpt lat="15.550137583333333" lon="-88.00444304166666">
				<ele>71.72667</ele>
				<extensions>
					<ns3:TrackPointExtension>
					</ns3:TrackPointExtension>
				</extensions>
			</trkpt>
			<trkpt lat="15.5501785" lon="-88.00436075">
				<ele>71.68</ele>
				<extensions>
					<ns3:TrackPointExtension>
					</ns3:TrackPointExtension>
				</extensions>
			</trkpt>
			<trkpt lat="15.550219416666666" lon="-88.00427845833333">
				<ele>71.63333</ele>
				<extensions>
					<ns3:TrackPointExtension>
					</ns3:TrackPointExtension>
				</extensions>
			</trkpt>
			<trkpt lat="15.550260333333334" lon="-88.00419616666667">
				<ele>71.58667</ele>
				<extensions>
					<ns3:TrackPointExtension>
					</ns3:TrackPointExtension>
				</extensions>
			</trkpt>
			<trkpt lat="15.55030125" lon="-88.004113875">
				<ele>71.54</ele>
				<extensions>
					<ns3:TrackPointExtension>
					</ns3:TrackPointExtension>
				</extensions>
			</trkpt>
			<trkpt lat="15.550342166666667" lon="-88.00403158333333">
				<ele>71.49333</ele>
				<extensions>
					<ns3:TrackPointExtension>
					</ns3:TrackPointExtension>
				</extensions>
			</trkpt>
			<trkpt lat="15.550383083333333" lon="-88.00394929166667">
				<ele>71.44666</ele>
				<extensions>
					<ns3:TrackPointExtension>
					</ns3:TrackPointExtension>
				</extensions>
			</trkpt>
			<trkpt lat="15.550424" lon="-88.003867">
				<ele>71.4</ele>
				<extensions>
					<ns3:TrackPointExtension>
					</ns3:TrackPointExtension>
				</extensions>
			</trkpt>
			<trkpt lat="15.55046025" lon="-88.0037895">
				<ele>71.335</ele>
				<extensions>
					<ns3:TrackPointExtension>
					</ns3:TrackPointExtension>
				</extensions>
			</trkpt>
			<trkpt lat="15.5504965" lon="-88.00371200000001">
				<ele>71.27</ele>
				<extensions>
					<ns3:TrackPointExtension>
					</ns3:TrackPointExtension>
				</extensions>
			</trkpt>
			<trkpt lat="15.550532749999999" lon="-88.0036345">
				<ele>71.205</ele>
				<extensions>
					<ns3:TrackPointExtension>
					</ns3:TrackPointExtension>
				</extensions>
			</trkpt>
			<trkpt lat="15.550569" lon="-88.003557">
				<ele>71.14</ele>
				<extensions>
					<ns3:TrackPointExtension>
					</ns3:TrackPointExtension>
				</extensions>
			</trkpt>
			<trkpt lat="15.55060525" lon="-88.0034795">
				<ele>71.075</ele>
				<extensions>
					<ns3:TrackPointExtension>
					</ns3:TrackPointExtension>
				</extensions>
			</trkpt>
			<trkpt lat="15.5506415" lon="-88.003402">
				<ele>71.01</ele>
				<extensions>
					<ns3:TrackPointExtension>
					</ns3:TrackPointExtension>
				</extensions>
			</trkpt>
			<trkpt lat="15.550677749999998" lon="-88.0033245">
				<ele>70.945</ele>
				<extensions>
					<ns3:TrackPointExtension>
					</ns3:TrackPointExtension>
				</extensions>
			</trkpt>
			<trkpt lat="15.550714" lon="-88.003247">
				<ele>70.88</ele>
				<extensions>
					<ns3:TrackPointExtension>
					</ns3:TrackPointExtension>
				</extensions>
			</trkpt>
			<trkpt lat="15.550748285714285" lon="-88.00317385714285">
				<ele>70.75429</ele>
				<extensions>
					<ns3:TrackPointExtension>
					</ns3:TrackPointExtension>
				</extensions>
			</trkpt>
			<trkpt lat="15.550782571428572" lon="-88.00310071428572">
				<ele>70.62857</ele>
				<extensions>
					<ns3:TrackPointExtension>
					</ns3:TrackPointExtension>
				</extensions>
			</trkpt>
			<trkpt lat="15.550816857142857" lon="-88.00302757142858">
				<ele>70.50285</ele>
				<extensions>
					<ns3:TrackPointExtension>
					</ns3:TrackPointExtension>
				</extensions>
			</trkpt>
			<trkpt lat="15.550851142857143" lon="-88.00295442857143">
				<ele>70.377144</ele>
				<extensions>
					<ns3:TrackPointExtension>
					</ns3:TrackPointExtension>
				</extensions>
			</trkpt>
			<trkpt lat="15.550885428571428" lon="-88.00288128571428">
				<ele>70.25143</ele>
				<extensions>
					<ns3:TrackPointExtension>
					</ns3:TrackPointExtension>
				</extensions>
			</trkpt>
			<trkpt lat="15.550919714285715" lon="-88.00280814285715">
				<ele>70.12572</ele>
				<extensions>
					<ns3:TrackPointExtension>
					</ns3:TrackPointExtension>
				</extensions>
			</trkpt>
			<trkpt lat="15.550954" lon="-88.002735">
				<ele>70.0</ele>
				<extensions>
					<ns3:TrackPointExtension>
					</ns3:TrackPointExtension>
				</extensions>
			</trkpt>
			<trkpt lat="15.550993357142858" lon="-88.0026565">
				<ele>70.13357</ele>
				<extensions>
					<ns3:TrackPointExtension>
					</ns3:TrackPointExtension>
				</extensions>
			</trkpt>
			<trkpt lat="15.551032714285714" lon="-88.002578">
				<ele>70.26714</ele>
				<extensions>
					<ns3:TrackPointExtension>
					</ns3:TrackPointExtension>
				</extensions>
			</trkpt>
			<trkpt lat="15.551072071428573" lon="-88.0024995">
				<ele>70.40071</ele>
				<extensions>
					<ns3:TrackPointExtension>
					</ns3:TrackPointExtension>
				</extensions>
			</trkpt>
			<trkpt lat="15.55111142857143" lon="-88.002421">
				<ele>70.53429</ele>
				<extensions>
					<ns3:TrackPointExtension>
					</ns3:TrackPointExtension>
				</extensions>
			</trkpt>
			<trkpt lat="15.551150785714286" lon="-88.0023425">
				<ele>70.667854</ele>
				<extensions>
					<ns3:TrackPointExtension>
					</ns3:TrackPointExtension>
				</extensions>
			</trkpt>
			<trkpt lat="15.551190142857143" lon="-88.002264">
				<ele>70.80143</ele>
				<extensions>
					<ns3:TrackPointExtension>
					</ns3:TrackPointExtension>
				</extensions>
			</trkpt>
			<trkpt lat="15.551229500000002" lon="-88.0021855">
				<ele>70.935</ele>
				<extensions>
					<ns3:TrackPointExtension>
					</ns3:TrackPointExtension>
				</extensions>
			</trkpt>
			<trkpt lat="15.551268857142858" lon="-88.00210700000001">
				<ele>71.06857</ele>
				<extensions>
					<ns3:TrackPointExtension>
					</ns3:TrackPointExtension>
				</extensions>
			</trkpt>
			<trkpt lat="15.551308214285715" lon="-88.00202850000001">
				<ele>71.20214</ele>
				<extensions>
					<ns3:TrackPointExtension>
					</ns3:TrackPointExtension>
				</extensions>
			</trkpt>
			<trkpt lat="15.551347571428572" lon="-88.00195000000001">
				<ele>71.33572</ele>
				<extensions>
					<ns3:TrackPointExtension>
					</ns3:TrackPointExtension>
				</extensions>
			</trkpt>
			<trkpt lat="15.551386928571429" lon="-88.00187150000001">
				<ele>71.469284</ele>
				<extensions>
					<ns3:TrackPointExtension>
					</ns3:TrackPointExtension>
				</extensions>
			</trkpt>
			<trkpt lat="15.551426285714287" lon="-88.001793">
				<ele>71.60286</ele>
				<extensions>
					<ns3:TrackPointExtension>
					</ns3:TrackPointExtension>
				</extensions>
			</trkpt>
			<trkpt lat="15.551465642857144" lon="-88.0017145">
				<ele>71.73643</ele>
				<extensions>
					<ns3:TrackPointExtension>
					</ns3:TrackPointExtension>
				</extensions>
			</trkpt>
			<trkpt lat="15.551505" lon="-88.001636">
				<ele>71.87</ele>
				<extensions>
					<ns3:TrackPointExtension>
					</ns3:TrackPointExtension>
				</extensions>
			</trkpt>
			<trkpt lat="15.551543777777779" lon="-88.001559">
				<ele>72.01</ele>
				<extensions>
					<ns3:TrackPointExtension>
					</ns3:TrackPointExtension>
				</extensions>
			</trkpt>
			<trkpt lat="15.551582555555557" lon="-88.00148200000001">
				<ele>72.15</ele>
				<extensions>
					<ns3:TrackPointExtension>
					</ns3:TrackPointExtension>
				</extensions>
			</trkpt>
			<trkpt lat="15.551621333333333" lon="-88.001405">
				<ele>72.29</ele>
				<extensions>
					<ns3:TrackPointExtension>
					</ns3:TrackPointExtension>
				</extensions>
			</trkpt>
			<trkpt lat="15.551660111111111" lon="-88.001328">
				<ele>72.43</ele>
				<extensions>
					<ns3:TrackPointExtension>
					</ns3:TrackPointExtension>
				</extensions>
			</trkpt>
			<trkpt lat="15.55169888888889" lon="-88.00125100000001">
				<ele>72.57</ele>
				<extensions>
					<ns3:TrackPointExtension>
					</ns3:TrackPointExtension>
				</extensions>
			</trkpt>
			<trkpt lat="15.551737666666668" lon="-88.001174">
				<ele>72.71</ele>
				<extensions>
					<ns3:TrackPointExtension>
					</ns3:TrackPointExtension>
				</extensions>
			</trkpt>
			<trkpt lat="15.551776444444444" lon="-88.001097">
				<ele>72.85</ele>
				<extensions>
					<ns3:TrackPointExtension>
					</ns3:TrackPointExtension>
				</extensions>
			</trkpt>
			<trkpt lat="15.551815222222222" lon="-88.00102000000001">
				<ele>72.99</ele>
				<extensions>
					<ns3:TrackPointExtension>
					</ns3:TrackPointExtension>
				</extensions>
			</trkpt>
			<trkpt lat="15.551854" lon="-88.000943">
				<ele>73.13</ele>
				<extensions>
					<ns3:TrackPointExtension>
					</ns3:TrackPointExtension>
				</extensions>
			</trkpt>
			<trkpt lat="15.551874" lon="-88.00089">
				<ele>73.04</ele>
				<extensions>
					<ns3:TrackPointExtension>
					</ns3:TrackPointExtension>
				</extensions>
			</trkpt>
			<trkpt lat="15.551915857142857" lon="-88.00080971428571">
				<ele>72.96571</ele>
				<extensions>
					<ns3:TrackPointExtension>
					</ns3:TrackPointExtension>
				</extensions>
			</trkpt>
			<trkpt lat="15.551957714285715" lon="-88.00072942857143">
				<ele>72.891426</ele>
				<extensions>
					<ns3:TrackPointExtension>
					</ns3:TrackPointExtension>
				</extensions>
			</trkpt>
			<trkpt lat="15.55199957142857" lon="-88.00064914285714">
				<ele>72.81715</ele>
				<extensions>
					<ns3:TrackPointExtension>
					</ns3:TrackPointExtension>
				</extensions>
			</trkpt>
			<trkpt lat="15.552041428571428" lon="-88.00056885714285">
				<ele>72.74286</ele>
				<extensions>
					<ns3:TrackPointExtension>
					</ns3:TrackPointExtension>
				</extensions>
			</trkpt>
			<trkpt lat="15.552083285714286" lon="-88.00048857142856">
				<ele>72.66857</ele>
				<extensions>
					<ns3:TrackPointExtension>
					</ns3:TrackPointExtension>
				</extensions>
			</trkpt>
			<trkpt lat="15.552125142857143" lon="-88.00040828571429">
				<ele>72.594284</ele>
				<extensions>
					<ns3:TrackPointExtension>
					</ns3:TrackPointExtension>
				</extensions>
			</trkpt>
			<trkpt lat="15.552167" lon="-88.000328">
				<ele>72.52</ele>
				<extensions>
					<ns3:TrackPointExtension>
					</ns3:TrackPointExtension>
				</extensions>
			</trkpt>
			<trkpt lat="15.552208857142857" lon="-88.0002477142857">
				<ele>72.44572</ele>
				<extensions>
					<ns3:TrackPointExtension>
					</ns3:TrackPointExtension>
				</extensions>
			</trkpt>
			<trkpt lat="15.552250714285714" lon="-88.00016742857143">
				<ele>72.37143</ele>
				<extensions>
					<ns3:TrackPointExtension>
					</ns3:TrackPointExtension>
				</extensions>
			</trkpt>
			<trkpt lat="15.552292571428572" lon="-88.00008714285714">
				<ele>72.29714</ele>
				<extensions>
					<ns3:TrackPointExtension>
					</ns3:TrackPointExtension>
				</extensions>
			</trkpt>
			<trkpt lat="15.55233442857143" lon="-88.00000685714285">
				<ele>72.222855</ele>
				<extensions>
					<ns3:TrackPointExtension>
					</ns3:TrackPointExtension>
				</extensions>
			</trkpt>
			<trkpt lat="15.552376285714285" lon="-87.99992657142856">
				<ele>72.148575</ele>
				<extensions>
					<ns3:TrackPointExtension>
					</ns3:TrackPointExtension>
				</extensions>
			</trkpt>
			<trkpt lat="15.552418142857142" lon="-87.99984628571428">
				<ele>72.07429</ele>
				<extensions>
					<ns3:TrackPointExtension>
					</ns3:TrackPointExtension>
				</extensions>
			</trkpt>
			<trkpt lat="15.55246" lon="-87.999766">
				<ele>72.0</ele>
				<extensions>
					<ns3:TrackPointExtension>
					</ns3:TrackPointExtension>
				</extensions>
			</trkpt>
			<trkpt lat="15.552500125" lon="-87.99968404166665">
				<ele>71.95375</ele>
				<extensions>
					<ns3:TrackPointExtension>
					</ns3:TrackPointExtension>
				</extensions>
			</trkpt>
			<trkpt lat="15.55254025" lon="-87.99960208333333">
				<ele>71.9075</ele>
				<extensions>
					<ns3:TrackPointExtension>
					</ns3:TrackPointExtension>
				</extensions>
			</trkpt>
			<trkpt lat="15.552580375" lon="-87.99952012499999">
				<ele>71.86125</ele>
				<extensions>
					<ns3:TrackPointExtension>
					</ns3:TrackPointExtension>
				</extensions>
			</trkpt>
			<trkpt lat="15.5526205" lon="-87.99943816666666">
				<ele>71.815</ele>
				<extensions>
					<ns3:TrackPointExtension>
					</ns3:TrackPointExtension>
				</extensions>
			</trkpt>
			<trkpt lat="15.552660625" lon="-87.99935620833332">
				<ele>71.76875</ele>
				<extensions>
					<ns3:TrackPointExtension>
					</ns3:TrackPointExtension>
				</extensions>
			</trkpt>
			<trkpt lat="15.55270075" lon="-87.99927425">
				<ele>71.7225</ele>
				<extensions>
					<ns3:TrackPointExtension>
					</ns3:TrackPointExtension>
				</extensions>
			</trkpt>
			<trkpt lat="15.552740875" lon="-87.99919229166666">
				<ele>71.67625</ele>
				<extensions>
					<ns3:TrackPointExtension>
					</ns3:TrackPointExtension>
				</extensions>
			</trkpt>
			<trkpt lat="15.552781" lon="-87.99911033333333">
				<ele>71.63</ele>
				<extensions>
					<ns3:TrackPointExtension>
					</ns3:TrackPointExtension>
				</extensions>
			</trkpt>
			<trkpt lat="15.552821125" lon="-87.999028375">
				<ele>71.58375</ele>
				<extensions>
					<ns3:TrackPointExtension>
					</ns3:TrackPointExtension>
				</extensions>
			</trkpt>
			<trkpt lat="15.55286125" lon="-87.99894641666666">
				<ele>71.5375</ele>
				<extensions>
					<ns3:TrackPointExtension>
					</ns3:TrackPointExtension>
				</extensions>
			</trkpt>
			<trkpt lat="15.552901375" lon="-87.99886445833333">
				<ele>71.49125</ele>
				<extensions>
					<ns3:TrackPointExtension>
					</ns3:TrackPointExtension>
				</extensions>
			</trkpt>
			<trkpt lat="15.5529415" lon="-87.99878249999999">
				<ele>71.445</ele>
				<extensions>
					<ns3:TrackPointExtension>
					</ns3:TrackPointExtension>
				</extensions>
			</trkpt>
			<trkpt lat="15.552981625" lon="-87.99870054166666">
				<ele>71.39875</ele>
				<extensions>
					<ns3:TrackPointExtension>
					</ns3:TrackPointExtension>
				</extensions>
			</trkpt>
			<trkpt lat="15.55302175" lon="-87.99861858333333">
				<ele>71.3525</ele>
				<extensions>
					<ns3:TrackPointExtension>
					</ns3:TrackPointExtension>
				</extensions>
			</trkpt>
			<trkpt lat="15.553061875" lon="-87.998536625">
				<ele>71.30625</ele>
				<extensions>
					<ns3:TrackPointExtension>
					</ns3:TrackPointExtension>
				</extensions>
			</trkpt>
			<trkpt lat="15.553101999999999" lon="-87.99845466666666">
				<ele>71.26</ele>
				<extensions>
					<ns3:TrackPointExtension>
					</ns3:TrackPointExtension>
				</extensions>
			</trkpt>
			<trkpt lat="15.553142124999999" lon="-87.99837270833332">
				<ele>71.21375</ele>
				<extensions>
					<ns3:TrackPointExtension>
					</ns3:TrackPointExtension>
				</extensions>
			</trkpt>
			<trkpt lat="15.553182249999999" lon="-87.99829075">
				<ele>71.1675</ele>
				<extensions>
					<ns3:TrackPointExtension>
					</ns3:TrackPointExtension>
				</extensions>
			</trkpt>
			<trkpt lat="15.553222374999999" lon="-87.99820879166666">
				<ele>71.12125</ele>
				<extensions>
					<ns3:TrackPointExtension>
					</ns3:TrackPointExtension>
				</extensions>
			</trkpt>
			<trkpt lat="15.553262499999999" lon="-87.99812683333333">
				<ele>71.075</ele>
				<extensions>
					<ns3:TrackPointExtension>
					</ns3:TrackPointExtension>
				</extensions>
			</trkpt>
			<trkpt lat="15.553302624999999" lon="-87.99804487499999">
				<ele>71.02875</ele>
				<extensions>
					<ns3:TrackPointExtension>
					</ns3:TrackPointExtension>
				</extensions>
			</trkpt>
			<trkpt lat="15.553342749999999" lon="-87.99796291666667">
				<ele>70.9825</ele>
				<extensions>
					<ns3:TrackPointExtension>
					</ns3:TrackPointExtension>
				</extensions>
			</trkpt>
			<trkpt lat="15.553382874999999" lon="-87.99788095833333">
				<ele>70.93625</ele>
				<extensions>
					<ns3:TrackPointExtension>
					</ns3:TrackPointExtension>
				</extensions>
			</trkpt>
			<trkpt lat="15.553422999999999" lon="-87.99779899999999">
				<ele>70.89</ele>
				<extensions>
					<ns3:TrackPointExtension>
					</ns3:TrackPointExtension>
				</extensions>
			</trkpt>
			<trkpt lat="15.553463125" lon="-87.99771704166666">
				<ele>70.84375</ele>
				<extensions>
					<ns3:TrackPointExtension>
					</ns3:TrackPointExtension>
				</extensions>
			</trkpt>
			<trkpt lat="15.55350325" lon="-87.99763508333332">
				<ele>70.7975</ele>
				<extensions>
					<ns3:TrackPointExtension>
					</ns3:TrackPointExtension>
				</extensions>
			</trkpt>
			<trkpt lat="15.553543375" lon="-87.997553125">
				<ele>70.75125</ele>
				<extensions>
					<ns3:TrackPointExtension>
					</ns3:TrackPointExtension>
				</extensions>
			</trkpt>
			<trkpt lat="15.5535835" lon="-87.99747116666666">
				<ele>70.705</ele>
				<extensions>
					<ns3:TrackPointExtension>
					</ns3:TrackPointExtension>
				</extensions>
			</trkpt>
			<trkpt lat="15.553623625" lon="-87.99738920833333">
				<ele>70.65875</ele>
				<extensions>
					<ns3:TrackPointExtension>
					</ns3:TrackPointExtension>
				</extensions>
			</trkpt>
			<trkpt lat="15.55366375" lon="-87.99730724999999">
				<ele>70.6125</ele>
				<extensions>
					<ns3:TrackPointExtension>
					</ns3:TrackPointExtension>
				</extensions>
			</trkpt>
			<trkpt lat="15.553703875" lon="-87.99722529166667">
				<ele>70.56625</ele>
				<extensions>
					<ns3:TrackPointExtension>
					</ns3:TrackPointExtension>
				</extensions>
			</trkpt>
			<trkpt lat="15.553744" lon="-87.99714333333333">
				<ele>70.52</ele>
				<extensions>
					<ns3:TrackPointExtension>
					</ns3:TrackPointExtension>
				</extensions>
			</trkpt>
			<trkpt lat="15.553784125" lon="-87.99706137499999">
				<ele>70.47375</ele>
				<extensions>
					<ns3:TrackPointExtension>
					</ns3:TrackPointExtension>
				</extensions>
			</trkpt>
			<trkpt lat="15.55382425" lon="-87.99697941666666">
				<ele>70.4275</ele>
				<extensions>
					<ns3:TrackPointExtension>
					</ns3:TrackPointExtension>
				</extensions>
			</trkpt>
			<trkpt lat="15.553864375" lon="-87.99689745833332">
				<ele>70.38125</ele>
				<extensions>
					<ns3:TrackPointExtension>
					</ns3:TrackPointExtension>
				</extensions>
			</trkpt>
			<trkpt lat="15.5539045" lon="-87.9968155">
				<ele>70.335</ele>
				<extensions>
					<ns3:TrackPointExtension>
					</ns3:TrackPointExtension>
				</extensions>
			</trkpt>
			<trkpt lat="15.553944625" lon="-87.99673354166666">
				<ele>70.28875</ele>
				<extensions>
					<ns3:TrackPointExtension>
					</ns3:TrackPointExtension>
				</extensions>
			</trkpt>
			<trkpt lat="15.55398475" lon="-87.99665158333333">
				<ele>70.2425</ele>
				<extensions>
					<ns3:TrackPointExtension>
					</ns3:TrackPointExtension>
				</extensions>
			</trkpt>
			<trkpt lat="15.554024875" lon="-87.99656962499999">
				<ele>70.19625</ele>
				<extensions>
					<ns3:TrackPointExtension>
					</ns3:TrackPointExtension>
				</extensions>
			</trkpt>
			<trkpt lat="15.554065" lon="-87.99648766666667">
				<ele>70.15</ele>
				<extensions>
					<ns3:TrackPointExtension>
					</ns3:TrackPointExtension>
				</extensions>
			</trkpt>
			<trkpt lat="15.554105125" lon="-87.99640570833333">
				<ele>70.10375</ele>
				<extensions>
					<ns3:TrackPointExtension>
					</ns3:TrackPointExtension>
				</extensions>
			</trkpt>
			<trkpt lat="15.55414525" lon="-87.99632374999999">
				<ele>70.0575</ele>
				<extensions>
					<ns3:TrackPointExtension>
					</ns3:TrackPointExtension>
				</extensions>
			</trkpt>
			<trkpt lat="15.554185375" lon="-87.99624179166666">
				<ele>70.01125</ele>
				<extensions>
					<ns3:TrackPointExtension>
					</ns3:TrackPointExtension>
				</extensions>
			</trkpt>
			<trkpt lat="15.5542255" lon="-87.99615983333332">
				<ele>69.965</ele>
				<extensions>
					<ns3:TrackPointExtension>
					</ns3:TrackPointExtension>
				</extensions>
			</trkpt>
			<trkpt lat="15.554265625" lon="-87.996077875">
				<ele>69.91875</ele>
				<extensions>
					<ns3:TrackPointExtension>
					</ns3:TrackPointExtension>
				</extensions>
			</trkpt>
			<trkpt lat="15.55430575" lon="-87.99599591666666">
				<ele>69.8725</ele>
				<extensions>
					<ns3:TrackPointExtension>
					</ns3:TrackPointExtension>
				</extensions>
			</trkpt>
			<trkpt lat="15.554345875" lon="-87.99591395833333">
				<ele>69.82625</ele>
				<extensions>
					<ns3:TrackPointExtension>
					</ns3:TrackPointExtension>
				</extensions>
			</trkpt>
			<trkpt lat="15.554386" lon="-87.995832">
				<ele>69.78</ele>
				<extensions>
					<ns3:TrackPointExtension>
					</ns3:TrackPointExtension>
				</extensions>
			</trkpt>
			<trkpt lat="15.554426428571428" lon="-87.99574957142856">
				<ele>69.85476</ele>
				<extensions>
					<ns3:TrackPointExtension>
					</ns3:TrackPointExtension>
				</extensions>
			</trkpt>
			<trkpt lat="15.554466857142856" lon="-87.99566714285713">
				<ele>69.92953</ele>
				<extensions>
					<ns3:TrackPointExtension>
					</ns3:TrackPointExtension>
				</extensions>
			</trkpt>
			<trkpt lat="15.554507285714285" lon="-87.99558471428571">
				<ele>70.00429</ele>
				<extensions>
					<ns3:TrackPointExtension>
					</ns3:TrackPointExtension>
				</extensions>
			</trkpt>
			<trkpt lat="15.554547714285713" lon="-87.99550228571428">
				<ele>70.07905</ele>
				<extensions>
					<ns3:TrackPointExtension>
					</ns3:TrackPointExtension>
				</extensions>
			</trkpt>
			<trkpt lat="15.554588142857142" lon="-87.99541985714285">
				<ele>70.15381</ele>
				<extensions>
					<ns3:TrackPointExtension>
					</ns3:TrackPointExtension>
				</extensions>
			</trkpt>
			<trkpt lat="15.554628571428571" lon="-87.99533742857142">
				<ele>70.22857</ele>
				<extensions>
					<ns3:TrackPointExtension>
					</ns3:TrackPointExtension>
				</extensions>
			</trkpt>
			<trkpt lat="15.554668999999999" lon="-87.995255">
				<ele>70.30334</ele>
				<extensions>
					<ns3:TrackPointExtension>
					</ns3:TrackPointExtension>
				</extensions>
			</trkpt>
			<trkpt lat="15.554709428571428" lon="-87.99517257142857">
				<ele>70.3781</ele>
				<extensions>
					<ns3:TrackPointExtension>
					</ns3:TrackPointExtension>
				</extensions>
			</trkpt>
			<trkpt lat="15.554749857142857" lon="-87.99509014285714">
				<ele>70.45286</ele>
				<extensions>
					<ns3:TrackPointExtension>
					</ns3:TrackPointExtension>
				</extensions>
			</trkpt>
			<trkpt lat="15.554790285714285" lon="-87.9950077142857">
				<ele>70.52762</ele>
				<extensions>
					<ns3:TrackPointExtension>
					</ns3:TrackPointExtension>
				</extensions>
			</trkpt>
			<trkpt lat="15.554830714285714" lon="-87.99492528571429">
				<ele>70.60238</ele>
				<extensions>
					<ns3:TrackPointExtension>
					</ns3:TrackPointExtension>
				</extensions>
			</trkpt>
			<trkpt lat="15.554871142857142" lon="-87.99484285714286">
				<ele>70.67714</ele>
				<extensions>
					<ns3:TrackPointExtension>
					</ns3:TrackPointExtension>
				</extensions>
			</trkpt>
			<trkpt lat="15.55491157142857" lon="-87.99476042857142">
				<ele>70.75191</ele>
				<extensions>
					<ns3:TrackPointExtension>
					</ns3:TrackPointExtension>
				</extensions>
			</trkpt>
			<trkpt lat="15.554952" lon="-87.994678">
				<ele>70.82667</ele>
				<extensions>
					<ns3:TrackPointExtension>
					</ns3:TrackPointExtension>
				</extensions>
			</trkpt>
			<trkpt lat="15.554992428571428" lon="-87.99459557142858">
				<ele>70.90143</ele>
				<extensions>
					<ns3:TrackPointExtension>
					</ns3:TrackPointExtension>
				</extensions>
			</trkpt>
			<trkpt lat="15.555032857142857" lon="-87.99451314285714">
				<ele>70.97619</ele>
				<extensions>
					<ns3:TrackPointExtension>
					</ns3:TrackPointExtension>
				</extensions>
			</trkpt>
			<trkpt lat="15.555073285714286" lon="-87.99443071428571">
				<ele>71.05095</ele>
				<extensions>
					<ns3:TrackPointExtension>
					</ns3:TrackPointExtension>
				</extensions>
			</trkpt>
			<trkpt lat="15.555113714285714" lon="-87.99434828571428">
				<ele>71.12572</ele>
				<extensions>
					<ns3:TrackPointExtension>
					</ns3:TrackPointExtension>
				</extensions>
			</trkpt>
			<trkpt lat="15.555154142857143" lon="-87.99426585714286">
				<ele>71.20048</ele>
				<extensions>
					<ns3:TrackPointExtension>
					</ns3:TrackPointExtension>
				</extensions>
			</trkpt>
			<trkpt lat="15.55519457142857" lon="-87.99418342857143">
				<ele>71.27524</ele>
				<extensions>
					<ns3:TrackPointExtension>
					</ns3:TrackPointExtension>
				</extensions>
			</trkpt>
			<trkpt lat="15.555235" lon="-87.994101">
				<ele>71.35</ele>
				<extensions>
					<ns3:TrackPointExtension>
					</ns3:TrackPointExtension>
				</extensions>
			</trkpt>
			<trkpt lat="15.555275041666667" lon="-87.99401866666666">
				<ele>71.2575</ele>
				<extensions>
					<ns3:TrackPointExtension>
					</ns3:TrackPointExtension>
				</extensions>
			</trkpt>
			<trkpt lat="15.555315083333333" lon="-87.99393633333334">
				<ele>71.165</ele>
				<extensions>
					<ns3:TrackPointExtension>
					</ns3:TrackPointExtension>
				</extensions>
			</trkpt>
			<trkpt lat="15.555355125" lon="-87.993854">
				<ele>71.0725</ele>
				<extensions>
					<ns3:TrackPointExtension>
					</ns3:TrackPointExtension>
				</extensions>
			</trkpt>
			<trkpt lat="15.555395166666667" lon="-87.99377166666667">
				<ele>70.98</ele>
				<extensions>
					<ns3:TrackPointExtension>
					</ns3:TrackPointExtension>
				</extensions>
			</trkpt>
			<trkpt lat="15.555435208333334" lon="-87.99368933333334">
				<ele>70.8875</ele>
				<extensions>
					<ns3:TrackPointExtension>
					</ns3:TrackPointExtension>
				</extensions>
			</trkpt>
			<trkpt lat="15.55547525" lon="-87.993607">
				<ele>70.795</ele>
				<extensions>
					<ns3:TrackPointExtension>
					</ns3:TrackPointExtension>
				</extensions>
			</trkpt>
			<trkpt lat="15.555515291666666" lon="-87.99352466666667">
				<ele>70.7025</ele>
				<extensions>
					<ns3:TrackPointExtension>
					</ns3:TrackPointExtension>
				</extensions>
			</trkpt>
			<trkpt lat="15.555555333333333" lon="-87.99344233333333">
				<ele>70.61</ele>
				<extensions>
					<ns3:TrackPointExtension>
					</ns3:TrackPointExtension>
				</extensions>
			</trkpt>
			<trkpt lat="15.555595375" lon="-87.99336">
				<ele>70.5175</ele>
				<extensions>
					<ns3:TrackPointExtension>
					</ns3:TrackPointExtension>
				</extensions>
			</trkpt>
			<trkpt lat="15.555635416666666" lon="-87.99327766666667">
				<ele>70.425</ele>
				<extensions>
					<ns3:TrackPointExtension>
					</ns3:TrackPointExtension>
				</extensions>
			</trkpt>
			<trkpt lat="15.555675458333333" lon="-87.99319533333333">
				<ele>70.3325</ele>
				<extensions>
					<ns3:TrackPointExtension>
					</ns3:TrackPointExtension>
				</extensions>
			</trkpt>
			<trkpt lat="15.5557155" lon="-87.993113">
				<ele>70.24</ele>
				<extensions>
					<ns3:TrackPointExtension>
					</ns3:TrackPointExtension>
				</extensions>
			</trkpt>
			<trkpt lat="15.555755541666667" lon="-87.99303066666667">
				<ele>70.1475</ele>
				<extensions>
					<ns3:TrackPointExtension>
					</ns3:TrackPointExtension>
				</extensions>
			</trkpt>
			<trkpt lat="15.555795583333333" lon="-87.99294833333333">
				<ele>70.055</ele>
				<extensions>
					<ns3:TrackPointExtension>
					</ns3:TrackPointExtension>
				</extensions>
			</trkpt>
			<trkpt lat="15.555835625" lon="-87.992866">
				<ele>69.9625</ele>
				<extensions>
					<ns3:TrackPointExtension>
					</ns3:TrackPointExtension>
				</extensions>
			</trkpt>
			<trkpt lat="15.555875666666667" lon="-87.99278366666667">
				<ele>69.87</ele>
				<extensions>
					<ns3:TrackPointExtension>
					</ns3:TrackPointExtension>
				</extensions>
			</trkpt>
			<trkpt lat="15.555915708333334" lon="-87.99270133333333">
				<ele>69.7775</ele>
				<extensions>
					<ns3:TrackPointExtension>
					</ns3:TrackPointExtension>
				</extensions>
			</trkpt>
			<trkpt lat="15.555955749999999" lon="-87.992619">
				<ele>69.685</ele>
				<extensions>
					<ns3:TrackPointExtension>
					</ns3:TrackPointExtension>
				</extensions>
			</trkpt>
			<trkpt lat="15.555995791666666" lon="-87.99253666666667">
				<ele>69.5925</ele>
				<extensions>
					<ns3:TrackPointExtension>
					</ns3:TrackPointExtension>
				</extensions>
			</trkpt>
			<trkpt lat="15.556035833333333" lon="-87.99245433333334">
				<ele>69.5</ele>
				<extensions>
					<ns3:TrackPointExtension>
					</ns3:TrackPointExtension>
				</extensions>
			</trkpt>
			<trkpt lat="15.556075875" lon="-87.992372">
				<ele>69.4075</ele>
				<extensions>
					<ns3:TrackPointExtension>
					</ns3:TrackPointExtension>
				</extensions>
			</trkpt>
			<trkpt lat="15.556115916666666" lon="-87.99228966666666">
				<ele>69.315</ele>
				<extensions>
					<ns3:TrackPointExtension>
					</ns3:TrackPointExtension>
				</extensions>
			</trkpt>
			<trkpt lat="15.556155958333333" lon="-87.99220733333334">
				<ele>69.2225</ele>
				<extensions>
					<ns3:TrackPointExtension>
					</ns3:TrackPointExtension>
				</extensions>
			</trkpt>
			<trkpt lat="15.556196" lon="-87.992125">
				<ele>69.13</ele>
				<extensions>
					<ns3:TrackPointExtension>
					</ns3:TrackPointExtension>
				</extensions>
			</trkpt>
			<trkpt lat="15.556235133333333" lon="-87.99204573333334">
				<ele>69.22933</ele>
				<extensions>
					<ns3:TrackPointExtension>
					</ns3:TrackPointExtension>
				</extensions>
			</trkpt>
			<trkpt lat="15.556274266666666" lon="-87.99196646666667">
				<ele>69.32867</ele>
				<extensions>
					<ns3:TrackPointExtension>
					</ns3:TrackPointExtension>
				</extensions>
			</trkpt>
			<trkpt lat="15.5563134" lon="-87.99188720000001">
				<ele>69.428</ele>
				<extensions>
					<ns3:TrackPointExtension>
					</ns3:TrackPointExtension>
				</extensions>
			</trkpt>
			<trkpt lat="15.556352533333333" lon="-87.99180793333333">
				<ele>69.527336</ele>
				<extensions>
					<ns3:TrackPointExtension>
					</ns3:TrackPointExtension>
				</extensions>
			</trkpt>
			<trkpt lat="15.556391666666666" lon="-87.99172866666667">
				<ele>69.62666</ele>
				<extensions>
					<ns3:TrackPointExtension>
					</ns3:TrackPointExtension>
				</extensions>
			</trkpt>
			<trkpt lat="15.5564308" lon="-87.9916494">
				<ele>69.726</ele>
				<extensions>
					<ns3:TrackPointExtension>
					</ns3:TrackPointExtension>
				</extensions>
			</trkpt>
			<trkpt lat="15.556469933333332" lon="-87.99157013333334">
				<ele>69.82533</ele>
				<extensions>
					<ns3:TrackPointExtension>
					</ns3:TrackPointExtension>
				</extensions>
			</trkpt>
			<trkpt lat="15.556509066666667" lon="-87.99149086666667">
				<ele>69.92467</ele>
				<extensions>
					<ns3:TrackPointExtension>
					</ns3:TrackPointExtension>
				</extensions>
			</trkpt>
			<trkpt lat="15.5565482" lon="-87.9914116">
				<ele>70.024</ele>
				<extensions>
					<ns3:TrackPointExtension>
					</ns3:TrackPointExtension>
				</extensions>
			</trkpt>
			<trkpt lat="15.556587333333333" lon="-87.99133233333333">
				<ele>70.12334</ele>
				<extensions>
					<ns3:TrackPointExtension>
					</ns3:TrackPointExtension>
				</extensions>
			</trkpt>
			<trkpt lat="15.556626466666666" lon="-87.99125306666667">
				<ele>70.222664</ele>
				<extensions>
					<ns3:TrackPointExtension>
					</ns3:TrackPointExtension>
				</extensions>
			</trkpt>
			<trkpt lat="15.556665599999999" lon="-87.9911738">
				<ele>70.322</ele>
				<extensions>
					<ns3:TrackPointExtension>
					</ns3:TrackPointExtension>
				</extensions>
			</trkpt>
			<trkpt lat="15.556704733333333" lon="-87.99109453333334">
				<ele>70.42133</ele>
				<extensions>
					<ns3:TrackPointExtension>
					</ns3:TrackPointExtension>
				</extensions>
			</trkpt>
			<trkpt lat="15.556743866666666" lon="-87.99101526666666">
				<ele>70.52067</ele>
				<extensions>
					<ns3:TrackPointExtension>
					</ns3:TrackPointExtension>
				</extensions>
			</trkpt>
			<trkpt lat="15.556783" lon="-87.990936">
				<ele>70.62</ele>
				<extensions>
					<ns3:TrackPointExtension>
					</ns3:TrackPointExtension>
				</extensions>
			</trkpt>
			<trkpt lat="15.556820666666667" lon="-87.99086700000001">
				<ele>70.49</ele>
				<extensions>
					<ns3:TrackPointExtension>
					</ns3:TrackPointExtension>
				</extensions>
			</trkpt>
			<trkpt lat="15.556858333333333" lon="-87.990798">
				<ele>70.36</ele>
				<extensions>
					<ns3:TrackPointExtension>
					</ns3:TrackPointExtension>
				</extensions>
			</trkpt>
			<trkpt lat="15.556896" lon="-87.990729">
				<ele>70.23</ele>
				<extensions>
					<ns3:TrackPointExtension>
					</ns3:TrackPointExtension>
				</extensions>
			</trkpt>
			<trkpt lat="15.556922" lon="-87.990724">
				<ele>70.1</ele>
				<extensions>
					<ns3:TrackPointExtension>
					</ns3:TrackPointExtension>
				</extensions>
			</trkpt>
			<trkpt lat="15.556963" lon="-87.990652">
				<ele>70.275</ele>
				<extensions>
					<ns3:TrackPointExtension>
					</ns3:TrackPointExtension>
				</extensions>
			</trkpt>
			<trkpt lat="15.557004" lon="-87.99058">
				<ele>70.45</ele>
				<extensions>
					<ns3:TrackPointExtension>
					</ns3:TrackPointExtension>
				</extensions>
			</trkpt>
			<trkpt lat="15.557034" lon="-87.990546">
				<ele>70.63</ele>
				<extensions>
					<ns3:TrackPointExtension>
					</ns3:TrackPointExtension>
				</extensions>
			</trkpt>
			<trkpt lat="15.557074" lon="-87.990518">
				<ele>70.88</ele>
				<extensions>
					<ns3:TrackPointExtension>
					</ns3:TrackPointExtension>
				</extensions>
			</trkpt>
			<trkpt lat="15.557089" lon="-87.990559">
				<ele>70.96</ele>
				<extensions>
					<ns3:TrackPointExtension>
					</ns3:TrackPointExtension>
				</extensions>
			</trkpt>
			<trkpt lat="15.55711" lon="-87.990591">
				<ele>71.11</ele>
				<extensions>
					<ns3:TrackPointExtension>
					</ns3:TrackPointExtension>
				</extensions>
			</trkpt>
			<trkpt lat="15.55707575" lon="-87.99066225">
				<ele>70.855</ele>
				<extensions>
					<ns3:TrackPointExtension>
					</ns3:TrackPointExtension>
				</extensions>
			</trkpt>
			<trkpt lat="15.5570415" lon="-87.9907335">
				<ele>70.6</ele>
				<extensions>
					<ns3:TrackPointExtension>
					</ns3:TrackPointExtension>
				</extensions>
			</trkpt>
			<trkpt lat="15.55700725" lon="-87.99080475">
				<ele>70.345</ele>
				<extensions>
					<ns3:TrackPointExtension>
					</ns3:TrackPointExtension>
				</extensions>
			</trkpt>
			<trkpt lat="15.556973" lon="-87.990876">
				<ele>70.09</ele>
				<extensions>
					<ns3:TrackPointExtension>
					</ns3:TrackPointExtension>
				</extensions>
			</trkpt>
			<trkpt lat="15.556934545454546" lon="-87.9909539090909">
				<ele>70.08818</ele>
				<extensions>
					<ns3:TrackPointExtension>
					</ns3:TrackPointExtension>
				</extensions>
			</trkpt>
			<trkpt lat="15.55689609090909" lon="-87.99103181818182">
				<ele>70.086365</ele>
				<extensions>
					<ns3:TrackPointExtension>
					</ns3:TrackPointExtension>
				</extensions>
			</trkpt>
			<trkpt lat="15.556857636363636" lon="-87.99110972727273">
				<ele>70.08455</ele>
				<extensions>
					<ns3:TrackPointExtension>
					</ns3:TrackPointExtension>
				</extensions>
			</trkpt>
			<trkpt lat="15.556819181818181" lon="-87.99118763636363">
				<ele>70.082726</ele>
				<extensions>
					<ns3:TrackPointExtension>
					</ns3:TrackPointExtension>
				</extensions>
			</trkpt>
			<trkpt lat="15.556780727272727" lon="-87.99126554545454">
				<ele>70.08091</ele>
				<extensions>
					<ns3:TrackPointExtension>
					</ns3:TrackPointExtension>
				</extensions>
			</trkpt>
			<trkpt lat="15.556742272727272" lon="-87.99134345454546">
				<ele>70.079094</ele>
				<extensions>
					<ns3:TrackPointExtension>
					</ns3:TrackPointExtension>
				</extensions>
			</trkpt>
			<trkpt lat="15.556703818181818" lon="-87.99142136363636">
				<ele>70.07727</ele>
				<extensions>
					<ns3:TrackPointExtension>
					</ns3:TrackPointExtension>
				</extensions>
			</trkpt>
			<trkpt lat="15.556665363636363" lon="-87.99149927272727">
				<ele>70.075455</ele>
				<extensions>
					<ns3:TrackPointExtension>
					</ns3:TrackPointExtension>
				</extensions>
			</trkpt>
			<trkpt lat="15.556626909090909" lon="-87.99157718181817">
				<ele>70.07364</ele>
				<extensions>
					<ns3:TrackPointExtension>
					</ns3:TrackPointExtension>
				</extensions>
			</trkpt>
			<trkpt lat="15.556588454545453" lon="-87.99165509090909">
				<ele>70.071815</ele>
				<extensions>
					<ns3:TrackPointExtension>
					</ns3:TrackPointExtension>
				</extensions>
			</trkpt>
			<trkpt lat="15.55655" lon="-87.991733">
				<ele>70.07</ele>
				<extensions>
					<ns3:TrackPointExtension>
					</ns3:TrackPointExtension>
				</extensions>
			</trkpt>
			<trkpt lat="15.5565115" lon="-87.991811">
				<ele>70.06834</ele>
				<extensions>
					<ns3:TrackPointExtension>
					</ns3:TrackPointExtension>
				</extensions>
			</trkpt>
			<trkpt lat="15.556473" lon="-87.991889">
				<ele>70.066666</ele>
				<extensions>
					<ns3:TrackPointExtension>
					</ns3:TrackPointExtension>
				</extensions>
			</trkpt>
			<trkpt lat="15.5564345" lon="-87.991967">
				<ele>70.065</ele>
				<extensions>
					<ns3:TrackPointExtension>
					</ns3:TrackPointExtension>
				</extensions>
			</trkpt>
			<trkpt lat="15.556396" lon="-87.992045">
				<ele>70.06333</ele>
				<extensions>
					<ns3:TrackPointExtension>
					</ns3:TrackPointExtension>
				</extensions>
			</trkpt>
			<trkpt lat="15.5563575" lon="-87.992123">
				<ele>70.06167</ele>
				<extensions>
					<ns3:TrackPointExtension>
					</ns3:TrackPointExtension>
				</extensions>
			</trkpt>
			<trkpt lat="15.556319" lon="-87.992201">
				<ele>70.06</ele>
				<extensions>
					<ns3:TrackPointExtension>
					</ns3:TrackPointExtension>
				</extensions>
			</trkpt>
			<trkpt lat="15.5562805" lon="-87.992279">
				<ele>70.058334</ele>
				<extensions>
					<ns3:TrackPointExtension>
					</ns3:TrackPointExtension>
				</extensions>
			</trkpt>
			<trkpt lat="15.556242000000001" lon="-87.992357">
				<ele>70.05666</ele>
				<extensions>
					<ns3:TrackPointExtension>
					</ns3:TrackPointExtension>
				</extensions>
			</trkpt>
			<trkpt lat="15.5562035" lon="-87.992435">
				<ele>70.055</ele>
				<extensions>
					<ns3:TrackPointExtension>
					</ns3:TrackPointExtension>
				</extensions>
			</trkpt>
			<trkpt lat="15.556165" lon="-87.992513">
				<ele>70.05334</ele>
				<extensions>
					<ns3:TrackPointExtension>
					</ns3:TrackPointExtension>
				</extensions>
			</trkpt>
			<trkpt lat="15.556126500000001" lon="-87.992591">
				<ele>70.05167</ele>
				<extensions>
					<ns3:TrackPointExtension>
					</ns3:TrackPointExtension>
				</extensions>
			</trkpt>
			<trkpt lat="15.556088" lon="-87.992669">
				<ele>70.05</ele>
				<extensions>
					<ns3:TrackPointExtension>
					</ns3:TrackPointExtension>
				</extensions>
			</trkpt>
			<trkpt lat="15.556048" lon="-87.99274993333334">
				<ele>70.048</ele>
				<extensions>
					<ns3:TrackPointExtension>
					</ns3:TrackPointExtension>
				</extensions>
			</trkpt>
			<trkpt lat="15.556008" lon="-87.99283086666667">
				<ele>70.046</ele>
				<extensions>
					<ns3:TrackPointExtension>
					</ns3:TrackPointExtension>
				</extensions>
			</trkpt>
			<trkpt lat="15.555968" lon="-87.9929118">
				<ele>70.044</ele>
				<extensions>
					<ns3:TrackPointExtension>
					</ns3:TrackPointExtension>
				</extensions>
			</trkpt>
			<trkpt lat="15.555928000000002" lon="-87.99299273333334">
				<ele>70.042</ele>
				<extensions>
					<ns3:TrackPointExtension>
					</ns3:TrackPointExtension>
				</extensions>
			</trkpt>
			<trkpt lat="15.555888000000001" lon="-87.99307366666667">
				<ele>70.04</ele>
				<extensions>
					<ns3:TrackPointExtension>
					</ns3:TrackPointExtension>
				</extensions>
			</trkpt>
			<trkpt lat="15.555848000000001" lon="-87.9931546">
				<ele>70.038</ele>
				<extensions>
					<ns3:TrackPointExtension>
					</ns3:TrackPointExtension>
				</extensions>
			</trkpt>
			<trkpt lat="15.555808" lon="-87.99323553333333">
				<ele>70.036</ele>
				<extensions>
					<ns3:TrackPointExtension>
					</ns3:TrackPointExtension>
				</extensions>
			</trkpt>
			<trkpt lat="15.555768" lon="-87.99331646666667">
				<ele>70.034</ele>
				<extensions>
					<ns3:TrackPointExtension>
					</ns3:TrackPointExtension>
				</extensions>
			</trkpt>
			<trkpt lat="15.555728" lon="-87.9933974">
				<ele>70.032</ele>
				<extensions>
					<ns3:TrackPointExtension>
					</ns3:TrackPointExtension>
				</extensions>
			</trkpt>
			<trkpt lat="15.555688" lon="-87.99347833333333">
				<ele>70.03</ele>
				<extensions>
					<ns3:TrackPointExtension>
					</ns3:TrackPointExtension>
				</extensions>
			</trkpt>
			<trkpt lat="15.555648" lon="-87.99355926666667">
				<ele>70.028</ele>
				<extensions>
					<ns3:TrackPointExtension>
					</ns3:TrackPointExtension>
				</extensions>
			</trkpt>
			<trkpt lat="15.555608000000001" lon="-87.9936402">
				<ele>70.026</ele>
				<extensions>
					<ns3:TrackPointExtension>
					</ns3:TrackPointExtension>
				</extensions>
			</trkpt>
			<trkpt lat="15.555568000000001" lon="-87.99372113333334">
				<ele>70.024</ele>
				<extensions>
					<ns3:TrackPointExtension>
					</ns3:TrackPointExtension>
				</extensions>
			</trkpt>
			<trkpt lat="15.555528" lon="-87.99380206666666">
				<ele>70.022</ele>
				<extensions>
					<ns3:TrackPointExtension>
					</ns3:TrackPointExtension>
				</extensions>
			</trkpt>
			<trkpt lat="15.555488" lon="-87.993883">
				<ele>70.02</ele>
				<extensions>
					<ns3:TrackPointExtension>
					</ns3:TrackPointExtension>
				</extensions>
			</trkpt>
			<trkpt lat="15.55544894117647" lon="-87.99396217647059">
				<ele>70.028824</ele>
				<extensions>
					<ns3:TrackPointExtension>
					</ns3:TrackPointExtension>
				</extensions>
			</trkpt>
			<trkpt lat="15.555409882352942" lon="-87.99404135294117">
				<ele>70.03764</ele>
				<extensions>
					<ns3:TrackPointExtension>
					</ns3:TrackPointExtension>
				</extensions>
			</trkpt>
			<trkpt lat="15.555370823529412" lon="-87.99412052941176">
				<ele>70.04647</ele>
				<extensions>
					<ns3:TrackPointExtension>
					</ns3:TrackPointExtension>
				</extensions>
			</trkpt>
			<trkpt lat="15.555331764705883" lon="-87.99419970588235">
				<ele>70.0553</ele>
				<extensions>
					<ns3:TrackPointExtension>
					</ns3:TrackPointExtension>
				</extensions>
			</trkpt>
			<trkpt lat="15.555292705882353" lon="-87.99427888235294">
				<ele>70.06412</ele>
				<extensions>
					<ns3:TrackPointExtension>
					</ns3:TrackPointExtension>
				</extensions>
			</trkpt>
			<trkpt lat="15.555253647058823" lon="-87.99435805882352">
				<ele>70.072945</ele>
				<extensions>
					<ns3:TrackPointExtension>
					</ns3:TrackPointExtension>
				</extensions>
			</trkpt>
			<trkpt lat="15.555214588235295" lon="-87.99443723529411">
				<ele>70.081764</ele>
				<extensions>
					<ns3:TrackPointExtension>
					</ns3:TrackPointExtension>
				</extensions>
			</trkpt>
			<trkpt lat="15.555175529411764" lon="-87.9945164117647">
				<ele>70.09059</ele>
				<extensions>
					<ns3:TrackPointExtension>
					</ns3:TrackPointExtension>
				</extensions>
			</trkpt>
			<trkpt lat="15.555136470588236" lon="-87.99459558823528">
				<ele>70.09941</ele>
				<extensions>
					<ns3:TrackPointExtension>
					</ns3:TrackPointExtension>
				</extensions>
			</trkpt>
			<trkpt lat="15.555097411764706" lon="-87.99467476470588">
				<ele>70.10824</ele>
				<extensions>
					<ns3:TrackPointExtension>
					</ns3:TrackPointExtension>
				</extensions>
			</trkpt>
			<trkpt lat="15.555058352941177" lon="-87.99475394117647">
				<ele>70.11706</ele>
				<extensions>
					<ns3:TrackPointExtension>
					</ns3:TrackPointExtension>
				</extensions>
			</trkpt>
			<trkpt lat="15.555019294117647" lon="-87.99483311764705">
				<ele>70.125885</ele>
				<extensions>
					<ns3:TrackPointExtension>
					</ns3:TrackPointExtension>
				</extensions>
			</trkpt>
			<trkpt lat="15.554980235294117" lon="-87.99491229411764">
				<ele>70.134705</ele>
				<extensions>
					<ns3:TrackPointExtension>
					</ns3:TrackPointExtension>
				</extensions>
			</trkpt>
			<trkpt lat="15.554941176470589" lon="-87.99499147058823">
				<ele>70.14353</ele>
				<extensions>
					<ns3:TrackPointExtension>
					</ns3:TrackPointExtension>
				</extensions>
			</trkpt>
			<trkpt lat="15.554902117647059" lon="-87.99507064705882">
				<ele>70.15235</ele>
				<extensions>
					<ns3:TrackPointExtension>
					</ns3:TrackPointExtension>
				</extensions>
			</trkpt>
			<trkpt lat="15.55486305882353" lon="-87.9951498235294">
				<ele>70.16118</ele>
				<extensions>
					<ns3:TrackPointExtension>
					</ns3:TrackPointExtension>
				</extensions>
			</trkpt>
			<trkpt lat="15.554824" lon="-87.995229">
				<ele>70.17</ele>
				<extensions>
					<ns3:TrackPointExtension>
					</ns3:TrackPointExtension>
				</extensions>
			</trkpt>
			<trkpt lat="15.5547834375" lon="-87.99531140625">
				<ele>70.22312</ele>
				<extensions>
					<ns3:TrackPointExtension>
					</ns3:TrackPointExtension>
				</extensions>
			</trkpt>
			<trkpt lat="15.554742875" lon="-87.9953938125">
				<ele>70.27625</ele>
				<extensions>
					<ns3:TrackPointExtension>
					</ns3:TrackPointExtension>
				</extensions>
			</trkpt>
			<trkpt lat="15.5547023125" lon="-87.99547621875">
				<ele>70.32938</ele>
				<extensions>
					<ns3:TrackPointExtension>
					</ns3:TrackPointExtension>
				</extensions>
			</trkpt>
			<trkpt lat="15.55466175" lon="-87.995558625">
				<ele>70.3825</ele>
				<extensions>
					<ns3:TrackPointExtension>
					</ns3:TrackPointExtension>
				</extensions>
			</trkpt>
			<trkpt lat="15.5546211875" lon="-87.99564103125">
				<ele>70.43562</ele>
				<extensions>
					<ns3:TrackPointExtension>
					</ns3:TrackPointExtension>
				</extensions>
			</trkpt>
			<trkpt lat="15.554580625" lon="-87.99572343749999">
				<ele>70.48875</ele>
				<extensions>
					<ns3:TrackPointExtension>
					</ns3:TrackPointExtension>
				</extensions>
			</trkpt>
			<trkpt lat="15.5545400625" lon="-87.99580584374999">
				<ele>70.54188</ele>
				<extensions>
					<ns3:TrackPointExtension>
					</ns3:TrackPointExtension>
				</extensions>
			</trkpt>
			<trkpt lat="15.5544995" lon="-87.99588825">
				<ele>70.595</ele>
				<extensions>
					<ns3:TrackPointExtension>
					</ns3:TrackPointExtension>
				</extensions>
			</trkpt>
			<trkpt lat="15.5544589375" lon="-87.99597065625">
				<ele>70.648125</ele>
				<extensions>
					<ns3:TrackPointExtension>
					</ns3:TrackPointExtension>
				</extensions>
			</trkpt>
			<trkpt lat="15.554418375" lon="-87.9960530625">
				<ele>70.70125</ele>
				<extensions>
					<ns3:TrackPointExtension>
					</ns3:TrackPointExtension>
				</extensions>
			</trkpt>
			<trkpt lat="15.5543778125" lon="-87.99613546875">
				<ele>70.75437</ele>
				<extensions>
					<ns3:TrackPointExtension>
					</ns3:TrackPointExtension>
				</extensions>
			</trkpt>
			<trkpt lat="15.55433725" lon="-87.996217875">
				<ele>70.8075</ele>
				<extensions>
					<ns3:TrackPointExtension>
					</ns3:TrackPointExtension>
				</extensions>
			</trkpt>
			<trkpt lat="15.554296687499999" lon="-87.99630028125">
				<ele>70.86063</ele>
				<extensions>
					<ns3:TrackPointExtension>
					</ns3:TrackPointExtension>
				</extensions>
			</trkpt>
			<trkpt lat="15.554256125" lon="-87.9963826875">
				<ele>70.91375</ele>
				<extensions>
					<ns3:TrackPointExtension>
					</ns3:TrackPointExtension>
				</extensions>
			</trkpt>
			<trkpt lat="15.5542155625" lon="-87.99646509375">
				<ele>70.96687</ele>
				<extensions>
					<ns3:TrackPointExtension>
					</ns3:TrackPointExtension>
				</extensions>
			</trkpt>
			<trkpt lat="15.554175" lon="-87.99654749999999">
				<ele>71.02</ele>
				<extensions>
					<ns3:TrackPointExtension>
					</ns3:TrackPointExtension>
				</extensions>
			</trkpt>
			<trkpt lat="15.5541344375" lon="-87.99662990624999">
				<ele>71.07313</ele>
				<extensions>
					<ns3:TrackPointExtension>
					</ns3:TrackPointExtension>
				</extensions>
			</trkpt>
			<trkpt lat="15.554093875" lon="-87.9967123125">
				<ele>71.12625</ele>
				<extensions>
					<ns3:TrackPointExtension>
					</ns3:TrackPointExtension>
				</extensions>
			</trkpt>
			<trkpt lat="15.5540533125" lon="-87.99679471875">
				<ele>71.179375</ele>
				<extensions>
					<ns3:TrackPointExtension>
					</ns3:TrackPointExtension>
				</extensions>
			</trkpt>
			<trkpt lat="15.55401275" lon="-87.996877125">
				<ele>71.2325</ele>
				<extensions>
					<ns3:TrackPointExtension>
					</ns3:TrackPointExtension>
				</extensions>
			</trkpt>
			<trkpt lat="15.5539721875" lon="-87.99695953125">
				<ele>71.28562</ele>
				<extensions>
					<ns3:TrackPointExtension>
					</ns3:TrackPointExtension>
				</extensions>
			</trkpt>
			<trkpt lat="15.553931625" lon="-87.9970419375">
				<ele>71.33875</ele>
				<extensions>
					<ns3:TrackPointExtension>
					</ns3:TrackPointExtension>
				</extensions>
			</trkpt>
			<trkpt lat="15.5538910625" lon="-87.99712434375">
				<ele>71.39188</ele>
				<extensions>
					<ns3:TrackPointExtension>
					</ns3:TrackPointExtension>
				</extensions>
			</trkpt>
			<trkpt lat="15.5538505" lon="-87.99720675">
				<ele>71.445</ele>
				<extensions>
					<ns3:TrackPointExtension>
					</ns3:TrackPointExtension>
				</extensions>
			</trkpt>
			<trkpt lat="15.5538099375" lon="-87.99728915625">
				<ele>71.49812</ele>
				<extensions>
					<ns3:TrackPointExtension>
					</ns3:TrackPointExtension>
				</extensions>
			</trkpt>
			<trkpt lat="15.553769375" lon="-87.9973715625">
				<ele>71.55125</ele>
				<extensions>
					<ns3:TrackPointExtension>
					</ns3:TrackPointExtension>
				</extensions>
			</trkpt>
			<trkpt lat="15.5537288125" lon="-87.99745396875">
				<ele>71.60438</ele>
				<extensions>
					<ns3:TrackPointExtension>
					</ns3:TrackPointExtension>
				</extensions>
			</trkpt>
			<trkpt lat="15.55368825" lon="-87.997536375">
				<ele>71.6575</ele>
				<extensions>
					<ns3:TrackPointExtension>
					</ns3:TrackPointExtension>
				</extensions>
			</trkpt>
			<trkpt lat="15.5536476875" lon="-87.99761878125">
				<ele>71.710625</ele>
				<extensions>
					<ns3:TrackPointExtension>
					</ns3:TrackPointExtension>
				</extensions>
			</trkpt>
			<trkpt lat="15.553607125" lon="-87.9977011875">
				<ele>71.76375</ele>
				<extensions>
					<ns3:TrackPointExtension>
					</ns3:TrackPointExtension>
				</extensions>
			</trkpt>
			<trkpt lat="15.5535665625" lon="-87.99778359375">
				<ele>71.81687</ele>
				<extensions>
					<ns3:TrackPointExtension>
					</ns3:TrackPointExtension>
				</extensions>
			</trkpt>
			<trkpt lat="15.553526" lon="-87.997866">
				<ele>71.87</ele>
				<extensions>
					<ns3:TrackPointExtension>
					</ns3:TrackPointExtension>
				</extensions>
			</trkpt>
			<trkpt lat="15.5534851" lon="-87.9979491">
				<ele>71.8265</ele>
				<extensions>
					<ns3:TrackPointExtension>
					</ns3:TrackPointExtension>
				</extensions>
			</trkpt>
			<trkpt lat="15.5534442" lon="-87.9980322">
				<ele>71.783</ele>
				<extensions>
					<ns3:TrackPointExtension>
					</ns3:TrackPointExtension>
				</extensions>
			</trkpt>
			<trkpt lat="15.5534033" lon="-87.9981153">
				<ele>71.7395</ele>
				<extensions>
					<ns3:TrackPointExtension>
					</ns3:TrackPointExtension>
				</extensions>
			</trkpt>
			<trkpt lat="15.5533624" lon="-87.9981984">
				<ele>71.696</ele>
				<extensions>
					<ns3:TrackPointExtension>
					</ns3:TrackPointExtension>
				</extensions>
			</trkpt>
			<trkpt lat="15.5533215" lon="-87.9982815">
				<ele>71.6525</ele>
				<extensions>
					<ns3:TrackPointExtension>
					</ns3:TrackPointExtension>
				</extensions>
			</trkpt>
			<trkpt lat="15.5532806" lon="-87.9983646">
				<ele>71.609</ele>
				<extensions>
					<ns3:TrackPointExtension>
					</ns3:TrackPointExtension>
				</extensions>
			</trkpt>
			<trkpt lat="15.5532397" lon="-87.9984477">
				<ele>71.5655</ele>
				<extensions>
					<ns3:TrackPointExtension>
					</ns3:TrackPointExtension>
				</extensions>
			</trkpt>
			<trkpt lat="15.5531988" lon="-87.9985308">
				<ele>71.522</ele>
				<extensions>
					<ns3:TrackPointExtension>
					</ns3:TrackPointExtension>
				</extensions>
			</trkpt>
			<trkpt lat="15.5531579" lon="-87.9986139">
				<ele>71.4785</ele>
				<extensions>
					<ns3:TrackPointExtension>
					</ns3:TrackPointExtension>
				</extensions>
			</trkpt>
			<trkpt lat="15.553117" lon="-87.99869699999999">
				<ele>71.435</ele>
				<extensions>
					<ns3:TrackPointExtension>
					</ns3:TrackPointExtension>
				</extensions>
			</trkpt>
			<trkpt lat="15.5530761" lon="-87.9987801">
				<ele>71.3915</ele>
				<extensions>
					<ns3:TrackPointExtension>
					</ns3:TrackPointExtension>
				</extensions>
			</trkpt>
			<trkpt lat="15.5530352" lon="-87.9988632">
				<ele>71.348</ele>
				<extensions>
					<ns3:TrackPointExtension>
					</ns3:TrackPointExtension>
				</extensions>
			</trkpt>
			<trkpt lat="15.5529943" lon="-87.9989463">
				<ele>71.3045</ele>
				<extensions>
					<ns3:TrackPointExtension>
					</ns3:TrackPointExtension>
				</extensions>
			</trkpt>
			<trkpt lat="15.5529534" lon="-87.9990294">
				<ele>71.261</ele>
				<extensions>
					<ns3:TrackPointExtension>
					</ns3:TrackPointExtension>
				</extensions>
			</trkpt>
			<trkpt lat="15.552912500000001" lon="-87.9991125">
				<ele>71.2175</ele>
				<extensions>
					<ns3:TrackPointExtension>
					</ns3:TrackPointExtension>
				</extensions>
			</trkpt>
			<trkpt lat="15.552871600000001" lon="-87.9991956">
				<ele>71.174</ele>
				<extensions>
					<ns3:TrackPointExtension>
					</ns3:TrackPointExtension>
				</extensions>
			</trkpt>
			<trkpt lat="15.552830700000001" lon="-87.9992787">
				<ele>71.1305</ele>
				<extensions>
					<ns3:TrackPointExtension>
					</ns3:TrackPointExtension>
				</extensions>
			</trkpt>
			<trkpt lat="15.552789800000001" lon="-87.9993618">
				<ele>71.087</ele>
				<extensions>
					<ns3:TrackPointExtension>
					</ns3:TrackPointExtension>
				</extensions>
			</trkpt>
			<trkpt lat="15.552748900000001" lon="-87.9994449">
				<ele>71.0435</ele>
				<extensions>
					<ns3:TrackPointExtension>
					</ns3:TrackPointExtension>
				</extensions>
			</trkpt>
			<trkpt lat="15.552708" lon="-87.999528">
				<ele>71.0</ele>
				<extensions>
					<ns3:TrackPointExtension>
					</ns3:TrackPointExtension>
				</extensions>
			</trkpt>
			<trkpt lat="15.552667750000001" lon="-87.999606625">
				<ele>71.0975</ele>
				<extensions>
					<ns3:TrackPointExtension>
					</ns3:TrackPointExtension>
				</extensions>
			</trkpt>
			<trkpt lat="15.5526275" lon="-87.99968525">
				<ele>71.195</ele>
				<extensions>
					<ns3:TrackPointExtension>
					</ns3:TrackPointExtension>
				</extensions>
			</trkpt>
			<trkpt lat="15.55258725" lon="-87.999763875">
				<ele>71.2925</ele>
				<extensions>
					<ns3:TrackPointExtension>
					</ns3:TrackPointExtension>
				</extensions>
			</trkpt>
			<trkpt lat="15.552547" lon="-87.9998425">
				<ele>71.39</ele>
				<extensions>
					<ns3:TrackPointExtension>
					</ns3:TrackPointExtension>
				</extensions>
			</trkpt>
			<trkpt lat="15.552506750000001" lon="-87.999921125">
				<ele>71.4875</ele>
				<extensions>
					<ns3:TrackPointExtension>
					</ns3:TrackPointExtension>
				</extensions>
			</trkpt>
			<trkpt lat="15.552466500000001" lon="-87.99999975">
				<ele>71.585</ele>
				<extensions>
					<ns3:TrackPointExtension>
					</ns3:TrackPointExtension>
				</extensions>
			</trkpt>
			<trkpt lat="15.55242625" lon="-88.000078375">
				<ele>71.6825</ele>
				<extensions>
					<ns3:TrackPointExtension>
					</ns3:TrackPointExtension>
				</extensions>
			</trkpt>
			<trkpt lat="15.552386" lon="-88.000157">
				<ele>71.78</ele>
				<extensions>
					<ns3:TrackPointExtension>
					</ns3:TrackPointExtension>
				</extensions>
			</trkpt>
			<trkpt lat="15.552349125000001" lon="-88.000229875">
				<ele>71.845</ele>
				<extensions>
					<ns3:TrackPointExtension>
					</ns3:TrackPointExtension>
				</extensions>
			</trkpt>
			<trkpt lat="15.55231225" lon="-88.00030275">
				<ele>71.91</ele>
				<extensions>
					<ns3:TrackPointExtension>
					</ns3:TrackPointExtension>
				</extensions>
			</trkpt>
			<trkpt lat="15.552275375" lon="-88.000375625">
				<ele>71.975</ele>
				<extensions>
					<ns3:TrackPointExtension>
					</ns3:TrackPointExtension>
				</extensions>
			</trkpt>
			<trkpt lat="15.552238500000001" lon="-88.0004485">
				<ele>72.04</ele>
				<extensions>
					<ns3:TrackPointExtension>
					</ns3:TrackPointExtension>
				</extensions>
			</trkpt>
			<trkpt lat="15.552201625" lon="-88.00052137499999">
				<ele>72.105</ele>
				<extensions>
					<ns3:TrackPointExtension>
					</ns3:TrackPointExtension>
				</extensions>
			</trkpt>
			<trkpt lat="15.552164750000001" lon="-88.00059424999999">
				<ele>72.17</ele>
				<extensions>
					<ns3:TrackPointExtension>
					</ns3:TrackPointExtension>
				</extensions>
			</trkpt>
			<trkpt lat="15.552127875" lon="-88.00066712499999">
				<ele>72.235</ele>
				<extensions>
					<ns3:TrackPointExtension>
					</ns3:TrackPointExtension>
				</extensions>
			</trkpt>
			<trkpt lat="15.552091" lon="-88.00074">
				<ele>72.3</ele>
				<extensions>
					<ns3:TrackPointExtension>
					</ns3:TrackPointExtension>
				</extensions>
			</trkpt>
			<trkpt lat="15.552083" lon="-88.000757">
				<ele>72.31</ele>
				<extensions>
					<ns3:TrackPointExtension>
					</ns3:TrackPointExtension>
				</extensions>
			</trkpt>
			<trkpt lat="15.552073" lon="-88.000847">
				<ele>72.72</ele>
				<extensions>
					<ns3:TrackPointExtension>
					</ns3:TrackPointExtension>
				</extensions>
			</trkpt>
			<trkpt lat="15.552063" lon="-88.000937">
				<ele>73.13</ele>
				<extensions>
					<ns3:TrackPointExtension>
					</ns3:TrackPointExtension>
				</extensions>
			</trkpt>
			<trkpt lat="15.552025583333334" lon="-88.00101425">
				<ele>73.026665</ele>
				<extensions>
					<ns3:TrackPointExtension>
					</ns3:TrackPointExtension>
				</extensions>
			</trkpt>
			<trkpt lat="15.551988166666668" lon="-88.0010915">
				<ele>72.92333</ele>
				<extensions>
					<ns3:TrackPointExtension>
					</ns3:TrackPointExtension>
				</extensions>
			</trkpt>
			<trkpt lat="15.55195075" lon="-88.00116874999999">
				<ele>72.82</ele>
				<extensions>
					<ns3:TrackPointExtension>
					</ns3:TrackPointExtension>
				</extensions>
			</trkpt>
			<trkpt lat="15.551913333333333" lon="-88.001246">
				<ele>72.71667</ele>
				<extensions>
					<ns3:TrackPointExtension>
					</ns3:TrackPointExtension>
				</extensions>
			</trkpt>
			<trkpt lat="15.551875916666667" lon="-88.00132325">
				<ele>72.613335</ele>
				<extensions>
					<ns3:TrackPointExtension>
					</ns3:TrackPointExtension>
				</extensions>
			</trkpt>
			<trkpt lat="15.5518385" lon="-88.00140049999999">
				<ele>72.51</ele>
				<extensions>
					<ns3:TrackPointExtension>
					</ns3:TrackPointExtension>
				</extensions>
			</trkpt>
			<trkpt lat="15.551801083333334" lon="-88.00147774999999">
				<ele>72.40667</ele>
				<extensions>
					<ns3:TrackPointExtension>
					</ns3:TrackPointExtension>
				</extensions>
			</trkpt>
			<trkpt lat="15.551763666666668" lon="-88.001555">
				<ele>72.30334</ele>
				<extensions>
					<ns3:TrackPointExtension>
					</ns3:TrackPointExtension>
				</extensions>
			</trkpt>
			<trkpt lat="15.551726250000002" lon="-88.00163225">
				<ele>72.2</ele>
				<extensions>
					<ns3:TrackPointExtension>
					</ns3:TrackPointExtension>
				</extensions>
			</trkpt>
			<trkpt lat="15.551688833333333" lon="-88.0017095">
				<ele>72.096664</ele>
				<extensions>
					<ns3:TrackPointExtension>
					</ns3:TrackPointExtension>
				</extensions>
			</trkpt>
			<trkpt lat="15.551651416666667" lon="-88.00178675">
				<ele>71.99333</ele>
				<extensions>
					<ns3:TrackPointExtension>
					</ns3:TrackPointExtension>
				</extensions>
			</trkpt>
			<trkpt lat="15.551614" lon="-88.001864">
				<ele>71.89</ele>
				<extensions>
					<ns3:TrackPointExtension>
					</ns3:TrackPointExtension>
				</extensions>
			</trkpt>
			<trkpt lat="15.551605" lon="-88.00191799999999">
				<ele>71.835</ele>
				<extensions>
					<ns3:TrackPointExtension>
					</ns3:TrackPointExtension>
				</extensions>
			</trkpt>
			<trkpt lat="15.551596" lon="-88.001972">
				<ele>71.78</ele>
				<extensions>
					<ns3:TrackPointExtension>
					</ns3:TrackPointExtension>
				</extensions>
			</trkpt>
			<trkpt lat="15.551598" lon="-88.002055">
				<ele>71.82</ele>
				<extensions>
					<ns3:TrackPointExtension>
					</ns3:TrackPointExtension>
				</extensions>
			</trkpt>
			<trkpt lat="15.551608" lon="-88.002112">
				<ele>71.88</ele>
				<extensions>
					<ns3:TrackPointExtension>
					</ns3:TrackPointExtension>
				</extensions>
			</trkpt>
			<trkpt lat="15.55163" lon="-88.002176">
				<ele>71.99</ele>
				<extensions>
					<ns3:TrackPointExtension>
					</ns3:TrackPointExtension>
				</extensions>
			</trkpt>
			<trkpt lat="15.551688" lon="-88.00220800000001">
				<ele>72.003334</ele>
				<extensions>
					<ns3:TrackPointExtension>
					</ns3:TrackPointExtension>
				</extensions>
			</trkpt>
			<trkpt lat="15.551746" lon="-88.00224">
				<ele>72.01667</ele>
				<extensions>
					<ns3:TrackPointExtension>
					</ns3:TrackPointExtension>
				</extensions>
			</trkpt>
			<trkpt lat="15.551804" lon="-88.002272">
				<ele>72.03</ele>
				<extensions>
					<ns3:TrackPointExtension>
					</ns3:TrackPointExtension>
				</extensions>
			</trkpt>
			<trkpt lat="15.551768" lon="-88.00234800000001">
				<ele>72.015</ele>
				<extensions>
					<ns3:TrackPointExtension>
					</ns3:TrackPointExtension>
				</extensions>
			</trkpt>
			<trkpt lat="15.551732" lon="-88.002424">
				<ele>72.0</ele>
				<extensions>
					<ns3:TrackPointExtension>
					</ns3:TrackPointExtension>
				</extensions>
			</trkpt>
			<trkpt lat="15.551671333333333" lon="-88.00239">
				<ele>71.933334</ele>
				<extensions>
					<ns3:TrackPointExtension>
					</ns3:TrackPointExtension>
				</extensions>
			</trkpt>
			<trkpt lat="15.551610666666667" lon="-88.002356">
				<ele>71.86667</ele>
				<extensions>
					<ns3:TrackPointExtension>
					</ns3:TrackPointExtension>
				</extensions>
			</trkpt>
			<trkpt lat="15.55155" lon="-88.002322">
				<ele>71.8</ele>
				<extensions>
					<ns3:TrackPointExtension>
					</ns3:TrackPointExtension>
				</extensions>
			</trkpt>
			<trkpt lat="15.551504000000001" lon="-88.0023315">
				<ele>71.625</ele>
				<extensions>
					<ns3:TrackPointExtension>
					</ns3:TrackPointExtension>
				</extensions>
			</trkpt>
			<trkpt lat="15.551458" lon="-88.002341">
				<ele>71.45</ele>
				<extensions>
					<ns3:TrackPointExtension>
					</ns3:TrackPointExtension>
				</extensions>
			</trkpt>
			<trkpt lat="15.5514115" lon="-88.0023635">
				<ele>71.265</ele>
				<extensions>
					<ns3:TrackPointExtension>
					</ns3:TrackPointExtension>
				</extensions>
			</trkpt>
			<trkpt lat="15.551365" lon="-88.002386">
				<ele>71.08</ele>
				<extensions>
					<ns3:TrackPointExtension>
					</ns3:TrackPointExtension>
				</extensions>
			</trkpt>
			<trkpt lat="15.551324823529413" lon="-88.00246782352941">
				<ele>71.12353</ele>
				<extensions>
					<ns3:TrackPointExtension>
					</ns3:TrackPointExtension>
				</extensions>
			</trkpt>
			<trkpt lat="15.551284647058823" lon="-88.00254964705883">
				<ele>71.16706</ele>
				<extensions>
					<ns3:TrackPointExtension>
					</ns3:TrackPointExtension>
				</extensions>
			</trkpt>
			<trkpt lat="15.551244470588236" lon="-88.00263147058824">
				<ele>71.21059</ele>
				<extensions>
					<ns3:TrackPointExtension>
					</ns3:TrackPointExtension>
				</extensions>
			</trkpt>
			<trkpt lat="15.551204294117648" lon="-88.00271329411765">
				<ele>71.25412</ele>
				<extensions>
					<ns3:TrackPointExtension>
					</ns3:TrackPointExtension>
				</extensions>
			</trkpt>
			<trkpt lat="15.55116411764706" lon="-88.00279511764705">
				<ele>71.297646</ele>
				<extensions>
					<ns3:TrackPointExtension>
					</ns3:TrackPointExtension>
				</extensions>
			</trkpt>
			<trkpt lat="15.55112394117647" lon="-88.00287694117647">
				<ele>71.34118</ele>
				<extensions>
					<ns3:TrackPointExtension>
					</ns3:TrackPointExtension>
				</extensions>
			</trkpt>
			<trkpt lat="15.551083764705883" lon="-88.00295876470588">
				<ele>71.384705</ele>
				<extensions>
					<ns3:TrackPointExtension>
					</ns3:TrackPointExtension>
				</extensions>
			</trkpt>
			<trkpt lat="15.551043588235295" lon="-88.0030405882353">
				<ele>71.42824</ele>
				<extensions>
					<ns3:TrackPointExtension>
					</ns3:TrackPointExtension>
				</extensions>
			</trkpt>
			<trkpt lat="15.551003411764706" lon="-88.0031224117647">
				<ele>71.47176</ele>
				<extensions>
					<ns3:TrackPointExtension>
					</ns3:TrackPointExtension>
				</extensions>
			</trkpt>
			<trkpt lat="15.550963235294118" lon="-88.00320423529412">
				<ele>71.5153</ele>
				<extensions>
					<ns3:TrackPointExtension>
					</ns3:TrackPointExtension>
				</extensions>
			</trkpt>
			<trkpt lat="15.55092305882353" lon="-88.00328605882353">
				<ele>71.55882</ele>
				<extensions>
					<ns3:TrackPointExtension>
					</ns3:TrackPointExtension>
				</extensions>
			</trkpt>
			<trkpt lat="15.55088288235294" lon="-88.00336788235295">
				<ele>71.602356</ele>
				<extensions>
					<ns3:TrackPointExtension>
					</ns3:TrackPointExtension>
				</extensions>
			</trkpt>
			<trkpt lat="15.550842705882353" lon="-88.00344970588235">
				<ele>71.64588</ele>
				<extensions>
					<ns3:TrackPointExtension>
					</ns3:TrackPointExtension>
				</extensions>
			</trkpt>
			<trkpt lat="15.550802529411765" lon="-88.00353152941176">
				<ele>71.689415</ele>
				<extensions>
					<ns3:TrackPointExtension>
					</ns3:TrackPointExtension>
				</extensions>
			</trkpt>
			<trkpt lat="15.550762352941177" lon="-88.00361335294117">
				<ele>71.73294</ele>
				<extensions>
					<ns3:TrackPointExtension>
					</ns3:TrackPointExtension>
				</extensions>
			</trkpt>
			<trkpt lat="15.550722176470588" lon="-88.00369517647059">
				<ele>71.776474</ele>
				<extensions>
					<ns3:TrackPointExtension>
					</ns3:TrackPointExtension>
				</extensions>
			</trkpt>
			<trkpt lat="15.550682" lon="-88.003777">
				<ele>71.82</ele>
				<extensions>
					<ns3:TrackPointExtension>
					</ns3:TrackPointExtension>
				</extensions>
			</trkpt>
			<trkpt lat="15.550627" lon="-88.00382766666667">
				<ele>71.82</ele>
				<extensions>
					<ns3:TrackPointExtension>
					</ns3:TrackPointExtension>
				</extensions>
			</trkpt>
			<trkpt lat="15.550571999999999" lon="-88.00387833333333">
				<ele>71.82</ele>
				<extensions>
					<ns3:TrackPointExtension>
					</ns3:TrackPointExtension>
				</extensions>
			</trkpt>
			<trkpt lat="15.550517" lon="-88.003929">
				<ele>71.82</ele>
				<extensions>
					<ns3:TrackPointExtension>
					</ns3:TrackPointExtension>
				</extensions>
			</trkpt>
			<trkpt lat="15.55047875" lon="-88.00400525">
				<ele>71.865</ele>
				<extensions>
					<ns3:TrackPointExtension>
					</ns3:TrackPointExtension>
				</extensions>
			</trkpt>
			<trkpt lat="15.5504405" lon="-88.0040815">
				<ele>71.91</ele>
				<extensions>
					<ns3:TrackPointExtension>
					</ns3:TrackPointExtension>
				</extensions>
			</trkpt>
			<trkpt lat="15.55040225" lon="-88.00415774999999">
				<ele>71.955</ele>
				<extensions>
					<ns3:TrackPointExtension>
					</ns3:TrackPointExtension>
				</extensions>
			</trkpt>
			<trkpt lat="15.550364" lon="-88.004234">
				<ele>72.0</ele>
				<extensions>
					<ns3:TrackPointExtension>
					</ns3:TrackPointExtension>
				</extensions>
			</trkpt>
			<trkpt lat="15.55032495" lon="-88.00431315">
				<ele>72.079</ele>
				<extensions>
					<ns3:TrackPointExtension>
					</ns3:TrackPointExtension>
				</extensions>
			</trkpt>
			<trkpt lat="15.5502859" lon="-88.00439229999999">
				<ele>72.158</ele>
				<extensions>
					<ns3:TrackPointExtension>
					</ns3:TrackPointExtension>
				</extensions>
			</trkpt>
			<trkpt lat="15.55024685" lon="-88.00447145">
				<ele>72.237</ele>
				<extensions>
					<ns3:TrackPointExtension>
					</ns3:TrackPointExtension>
				</extensions>
			</trkpt>
			<trkpt lat="15.5502078" lon="-88.0045506">
				<ele>72.316</ele>
				<extensions>
					<ns3:TrackPointExtension>
					</ns3:TrackPointExtension>
				</extensions>
			</trkpt>
			<trkpt lat="15.550168750000001" lon="-88.00462974999999">
				<ele>72.395</ele>
				<extensions>
					<ns3:TrackPointExtension>
					</ns3:TrackPointExtension>
				</extensions>
			</trkpt>
			<trkpt lat="15.5501297" lon="-88.0047089">
				<ele>72.474</ele>
				<extensions>
					<ns3:TrackPointExtension>
					</ns3:TrackPointExtension>
				</extensions>
			</trkpt>
			<trkpt lat="15.55009065" lon="-88.00478805">
				<ele>72.553</ele>
				<extensions>
					<ns3:TrackPointExtension>
					</ns3:TrackPointExtension>
				</extensions>
			</trkpt>
			<trkpt lat="15.5500516" lon="-88.00486719999999">
				<ele>72.632</ele>
				<extensions>
					<ns3:TrackPointExtension>
					</ns3:TrackPointExtension>
				</extensions>
			</trkpt>
			<trkpt lat="15.55001255" lon="-88.00494635">
				<ele>72.711</ele>
				<extensions>
					<ns3:TrackPointExtension>
					</ns3:TrackPointExtension>
				</extensions>
			</trkpt>
			<trkpt lat="15.5499735" lon="-88.00502549999999">
				<ele>72.79</ele>
				<extensions>
					<ns3:TrackPointExtension>
					</ns3:TrackPointExtension>
				</extensions>
			</trkpt>
			<trkpt lat="15.54993445" lon="-88.00510464999999">
				<ele>72.869</ele>
				<extensions>
					<ns3:TrackPointExtension>
					</ns3:TrackPointExtension>
				</extensions>
			</trkpt>
			<trkpt lat="15.5498954" lon="-88.0051838">
				<ele>72.948</ele>
				<extensions>
					<ns3:TrackPointExtension>
					</ns3:TrackPointExtension>
				</extensions>
			</trkpt>
			<trkpt lat="15.54985635" lon="-88.00526294999999">
				<ele>73.027</ele>
				<extensions>
					<ns3:TrackPointExtension>
					</ns3:TrackPointExtension>
				</extensions>
			</trkpt>
			<trkpt lat="15.5498173" lon="-88.0053421">
				<ele>73.106</ele>
				<extensions>
					<ns3:TrackPointExtension>
					</ns3:TrackPointExtension>
				</extensions>
			</trkpt>
			<trkpt lat="15.54977825" lon="-88.00542125">
				<ele>73.185</ele>
				<extensions>
					<ns3:TrackPointExtension>
					</ns3:TrackPointExtension>
				</extensions>
			</trkpt>
			<trkpt lat="15.5497392" lon="-88.00550039999999">
				<ele>73.264</ele>
				<extensions>
					<ns3:TrackPointExtension>
					</ns3:TrackPointExtension>
				</extensions>
			</trkpt>
			<trkpt lat="15.54970015" lon="-88.00557955">
				<ele>73.343</ele>
				<extensions>
					<ns3:TrackPointExtension>
					</ns3:TrackPointExtension>
				</extensions>
			</trkpt>
			<trkpt lat="15.5496611" lon="-88.0056587">
				<ele>73.422</ele>
				<extensions>
					<ns3:TrackPointExtension>
					</ns3:TrackPointExtension>
				</extensions>
			</trkpt>
			<trkpt lat="15.54962205" lon="-88.00573784999999">
				<ele>73.501</ele>
				<extensions>
					<ns3:TrackPointExtension>
					</ns3:TrackPointExtension>
				</extensions>
			</trkpt>
			<trkpt lat="15.549583" lon="-88.005817">
				<ele>73.58</ele>
				<extensions>
					<ns3:TrackPointExtension>
					</ns3:TrackPointExtension>
				</extensions>
			</trkpt>
			<trkpt lat="15.549544000000001" lon="-88.00589814285713">
				<ele>73.65143</ele>
				<extensions>
					<ns3:TrackPointExtension>
					</ns3:TrackPointExtension>
				</extensions>
			</trkpt>
			<trkpt lat="15.549505" lon="-88.00597928571428">
				<ele>73.722855</ele>
				<extensions>
					<ns3:TrackPointExtension>
					</ns3:TrackPointExtension>
				</extensions>
			</trkpt>
			<trkpt lat="15.549466" lon="-88.00606042857142">
				<ele>73.79429</ele>
				<extensions>
					<ns3:TrackPointExtension>
					</ns3:TrackPointExtension>
				</extensions>
			</trkpt>
			<trkpt lat="15.549427" lon="-88.00614157142857">
				<ele>73.865715</ele>
				<extensions>
					<ns3:TrackPointExtension>
					</ns3:TrackPointExtension>
				</extensions>
			</trkpt>
			<trkpt lat="15.549388" lon="-88.00622271428571">
				<ele>73.93714</ele>
				<extensions>
					<ns3:TrackPointExtension>
					</ns3:TrackPointExtension>
				</extensions>
			</trkpt>
			<trkpt lat="15.549349" lon="-88.00630385714285">
				<ele>74.00857</ele>
				<extensions>
					<ns3:TrackPointExtension>
					</ns3:TrackPointExtension>
				</extensions>
			</trkpt>
			<trkpt lat="15.54931" lon="-88.006385">
				<ele>74.08</ele>
				<extensions>
					<ns3:TrackPointExtension>
					</ns3:TrackPointExtension>
				</extensions>
			</trkpt>
			<trkpt lat="15.549274166666667" lon="-88.00646016666667">
				<ele>73.956665</ele>
				<extensions>
					<ns3:TrackPointExtension>
					</ns3:TrackPointExtension>
				</extensions>
			</trkpt>
			<trkpt lat="15.549238333333333" lon="-88.00653533333333">
				<ele>73.833336</ele>
				<extensions>
					<ns3:TrackPointExtension>
					</ns3:TrackPointExtension>
				</extensions>
			</trkpt>
			<trkpt lat="15.5492025" lon="-88.0066105">
				<ele>73.71</ele>
				<extensions>
					<ns3:TrackPointExtension>
					</ns3:TrackPointExtension>
				</extensions>
			</trkpt>
			<trkpt lat="15.549166666666666" lon="-88.00668566666667">
				<ele>73.58667</ele>
				<extensions>
					<ns3:TrackPointExtension>
					</ns3:TrackPointExtension>
				</extensions>
			</trkpt>
			<trkpt lat="15.549130833333333" lon="-88.00676083333335">
				<ele>73.46333</ele>
				<extensions>
					<ns3:TrackPointExtension>
					</ns3:TrackPointExtension>
				</extensions>
			</trkpt>
			<trkpt lat="15.549095" lon="-88.006836">
				<ele>73.34</ele>
				<extensions>
					<ns3:TrackPointExtension>
					</ns3:TrackPointExtension>
				</extensions>
			</trkpt>
			<trkpt lat="15.549056" lon="-88.00691618181818">
				<ele>73.41182</ele>
				<extensions>
					<ns3:TrackPointExtension>
					</ns3:TrackPointExtension>
				</extensions>
			</trkpt>
			<trkpt lat="15.549017" lon="-88.00699636363638">
				<ele>73.483635</ele>
				<extensions>
					<ns3:TrackPointExtension>
					</ns3:TrackPointExtension>
				</extensions>
			</trkpt>
			<trkpt lat="15.548978" lon="-88.00707654545455">
				<ele>73.55546</ele>
				<extensions>
					<ns3:TrackPointExtension>
					</ns3:TrackPointExtension>
				</extensions>
			</trkpt>
			<trkpt lat="15.548939" lon="-88.00715672727273">
				<ele>73.62727</ele>
				<extensions>
					<ns3:TrackPointExtension>
					</ns3:TrackPointExtension>
				</extensions>
			</trkpt>
			<trkpt lat="15.5489" lon="-88.0072369090909">
				<ele>73.69909</ele>
				<extensions>
					<ns3:TrackPointExtension>
					</ns3:TrackPointExtension>
				</extensions>
			</trkpt>
			<trkpt lat="15.548861" lon="-88.0073170909091">
				<ele>73.77091</ele>
				<extensions>
					<ns3:TrackPointExtension>
					</ns3:TrackPointExtension>
				</extensions>
			</trkpt>
			<trkpt lat="15.548822" lon="-88.00739727272727">
				<ele>73.84273</ele>
				<extensions>
					<ns3:TrackPointExtension>
					</ns3:TrackPointExtension>
				</extensions>
			</trkpt>
			<trkpt lat="15.548783" lon="-88.00747745454545">
				<ele>73.91454</ele>
				<extensions>
					<ns3:TrackPointExtension>
					</ns3:TrackPointExtension>
				</extensions>
			</trkpt>
			<trkpt lat="15.548744000000001" lon="-88.00755763636363">
				<ele>73.98637</ele>
				<extensions>
					<ns3:TrackPointExtension>
					</ns3:TrackPointExtension>
				</extensions>
			</trkpt>
			<trkpt lat="15.548705" lon="-88.00763781818182">
				<ele>74.05818</ele>
				<extensions>
					<ns3:TrackPointExtension>
					</ns3:TrackPointExtension>
				</extensions>
			</trkpt>
			<trkpt lat="15.548666" lon="-88.007718">
				<ele>74.13</ele>
				<extensions>
					<ns3:TrackPointExtension>
					</ns3:TrackPointExtension>
				</extensions>
			</trkpt>
			<trkpt lat="15.548626250000002" lon="-88.00779896428571">
				<ele>74.125</ele>
				<extensions>
					<ns3:TrackPointExtension>
					</ns3:TrackPointExtension>
				</extensions>
			</trkpt>
			<trkpt lat="15.5485865" lon="-88.00787992857143">
				<ele>74.12</ele>
				<extensions>
					<ns3:TrackPointExtension>
					</ns3:TrackPointExtension>
				</extensions>
			</trkpt>
			<trkpt lat="15.54854675" lon="-88.00796089285714">
				<ele>74.115</ele>
				<extensions>
					<ns3:TrackPointExtension>
					</ns3:TrackPointExtension>
				</extensions>
			</trkpt>
			<trkpt lat="15.548507" lon="-88.00804185714286">
				<ele>74.11</ele>
				<extensions>
					<ns3:TrackPointExtension>
					</ns3:TrackPointExtension>
				</extensions>
			</trkpt>
			<trkpt lat="15.548467250000002" lon="-88.00812282142857">
				<ele>74.105</ele>
				<extensions>
					<ns3:TrackPointExtension>
					</ns3:TrackPointExtension>
				</extensions>
			</trkpt>
			<trkpt lat="15.5484275" lon="-88.00820378571429">
				<ele>74.1</ele>
				<extensions>
					<ns3:TrackPointExtension>
					</ns3:TrackPointExtension>
				</extensions>
			</trkpt>
			<trkpt lat="15.54838775" lon="-88.00828475">
				<ele>74.095</ele>
				<extensions>
					<ns3:TrackPointExtension>
					</ns3:TrackPointExtension>
				</extensions>
			</trkpt>
			<trkpt lat="15.548348" lon="-88.00836571428572">
				<ele>74.09</ele>
				<extensions>
					<ns3:TrackPointExtension>
					</ns3:TrackPointExtension>
				</extensions>
			</trkpt>
			<trkpt lat="15.548308250000002" lon="-88.00844667857143">
				<ele>74.085</ele>
				<extensions>
					<ns3:TrackPointExtension>
					</ns3:TrackPointExtension>
				</extensions>
			</trkpt>
			<trkpt lat="15.5482685" lon="-88.00852764285715">
				<ele>74.08</ele>
				<extensions>
					<ns3:TrackPointExtension>
					</ns3:TrackPointExtension>
				</extensions>
			</trkpt>
			<trkpt lat="15.54822875" lon="-88.00860860714286">
				<ele>74.075</ele>
				<extensions>
					<ns3:TrackPointExtension>
					</ns3:TrackPointExtension>
				</extensions>
			</trkpt>
			<trkpt lat="15.548189" lon="-88.00868957142858">
				<ele>74.07</ele>
				<extensions>
					<ns3:TrackPointExtension>
					</ns3:TrackPointExtension>
				</extensions>
			</trkpt>
			<trkpt lat="15.548149250000002" lon="-88.00877053571429">
				<ele>74.065</ele>
				<extensions>
					<ns3:TrackPointExtension>
					</ns3:TrackPointExtension>
				</extensions>
			</trkpt>
			<trkpt lat="15.5481095" lon="-88.00885149999999">
				<ele>74.06</ele>
				<extensions>
					<ns3:TrackPointExtension>
					</ns3:TrackPointExtension>
				</extensions>
			</trkpt>
			<trkpt lat="15.54806975" lon="-88.0089324642857">
				<ele>74.055</ele>
				<extensions>
					<ns3:TrackPointExtension>
					</ns3:TrackPointExtension>
				</extensions>
			</trkpt>
			<trkpt lat="15.54803" lon="-88.00901342857142">
				<ele>74.05</ele>
				<extensions>
					<ns3:TrackPointExtension>
					</ns3:TrackPointExtension>
				</extensions>
			</trkpt>
			<trkpt lat="15.547990250000002" lon="-88.00909439285714">
				<ele>74.045</ele>
				<extensions>
					<ns3:TrackPointExtension>
					</ns3:TrackPointExtension>
				</extensions>
			</trkpt>
			<trkpt lat="15.5479505" lon="-88.00917535714285">
				<ele>74.04</ele>
				<extensions>
					<ns3:TrackPointExtension>
					</ns3:TrackPointExtension>
				</extensions>
			</trkpt>
			<trkpt lat="15.54791075" lon="-88.00925632142857">
				<ele>74.035</ele>
				<extensions>
					<ns3:TrackPointExtension>
					</ns3:TrackPointExtension>
				</extensions>
			</trkpt>
			<trkpt lat="15.547871" lon="-88.00933728571428">
				<ele>74.03</ele>
				<extensions>
					<ns3:TrackPointExtension>
					</ns3:TrackPointExtension>
				</extensions>
			</trkpt>
			<trkpt lat="15.547831250000002" lon="-88.00941825">
				<ele>74.025</ele>
				<extensions>
					<ns3:TrackPointExtension>
					</ns3:TrackPointExtension>
				</extensions>
			</trkpt>
			<trkpt lat="15.5477915" lon="-88.00949921428571">
				<ele>74.02</ele>
				<extensions>
					<ns3:TrackPointExtension>
					</ns3:TrackPointExtension>
				</extensions>
			</trkpt>
			<trkpt lat="15.54775175" lon="-88.00958017857143">
				<ele>74.015</ele>
				<extensions>
					<ns3:TrackPointExtension>
					</ns3:TrackPointExtension>
				</extensions>
			</trkpt>
			<trkpt lat="15.547712" lon="-88.00966114285714">
				<ele>74.01</ele>
				<extensions>
					<ns3:TrackPointExtension>
					</ns3:TrackPointExtension>
				</extensions>
			</trkpt>
			<trkpt lat="15.547672250000002" lon="-88.00974210714286">
				<ele>74.005</ele>
				<extensions>
					<ns3:TrackPointExtension>
					</ns3:TrackPointExtension>
				</extensions>
			</trkpt>
			<trkpt lat="15.5476325" lon="-88.00982307142857">
				<ele>74.0</ele>
				<extensions>
					<ns3:TrackPointExtension>
					</ns3:TrackPointExtension>
				</extensions>
			</trkpt>
			<trkpt lat="15.54759275" lon="-88.00990403571429">
				<ele>73.995</ele>
				<extensions>
					<ns3:TrackPointExtension>
					</ns3:TrackPointExtension>
				</extensions>
			</trkpt>
			<trkpt lat="15.547553" lon="-88.009985">
				<ele>73.99</ele>
				<extensions>
					<ns3:TrackPointExtension>
					</ns3:TrackPointExtension>
				</extensions>
			</trkpt>
			<trkpt lat="15.547512916666667" lon="-88.01006766666667">
				<ele>73.918335</ele>
				<extensions>
					<ns3:TrackPointExtension>
					</ns3:TrackPointExtension>
				</extensions>
			</trkpt>
			<trkpt lat="15.547472833333334" lon="-88.01015033333333">
				<ele>73.846664</ele>
				<extensions>
					<ns3:TrackPointExtension>
					</ns3:TrackPointExtension>
				</extensions>
			</trkpt>
			<trkpt lat="15.54743275" lon="-88.010233">
				<ele>73.775</ele>
				<extensions>
					<ns3:TrackPointExtension>
					</ns3:TrackPointExtension>
				</extensions>
			</trkpt>
			<trkpt lat="15.547392666666667" lon="-88.01031566666667">
				<ele>73.70333</ele>
				<extensions>
					<ns3:TrackPointExtension>
					</ns3:TrackPointExtension>
				</extensions>
			</trkpt>
			<trkpt lat="15.547352583333334" lon="-88.01039833333333">
				<ele>73.63167</ele>
				<extensions>
					<ns3:TrackPointExtension>
					</ns3:TrackPointExtension>
				</extensions>
			</trkpt>
			<trkpt lat="15.5473125" lon="-88.010481">
				<ele>73.56</ele>
				<extensions>
					<ns3:TrackPointExtension>
					</ns3:TrackPointExtension>
				</extensions>
			</trkpt>
			<trkpt lat="15.547272416666667" lon="-88.01056366666667">
				<ele>73.488335</ele>
				<extensions>
					<ns3:TrackPointExtension>
					</ns3:TrackPointExtension>
				</extensions>
			</trkpt>
			<trkpt lat="15.547232333333334" lon="-88.01064633333333">
				<ele>73.416664</ele>
				<extensions>
					<ns3:TrackPointExtension>
					</ns3:TrackPointExtension>
				</extensions>
			</trkpt>
			<trkpt lat="15.54719225" lon="-88.010729">
				<ele>73.345</ele>
				<extensions>
					<ns3:TrackPointExtension>
					</ns3:TrackPointExtension>
				</extensions>
			</trkpt>
			<trkpt lat="15.547152166666667" lon="-88.01081166666667">
				<ele>73.27333</ele>
				<extensions>
					<ns3:TrackPointExtension>
					</ns3:TrackPointExtension>
				</extensions>
			</trkpt>
			<trkpt lat="15.547112083333333" lon="-88.01089433333333">
				<ele>73.20167</ele>
				<extensions>
					<ns3:TrackPointExtension>
					</ns3:TrackPointExtension>
				</extensions>
			</trkpt>
			<trkpt lat="15.547072" lon="-88.010977">
				<ele>73.13</ele>
				<extensions>
					<ns3:TrackPointExtension>
					</ns3:TrackPointExtension>
				</extensions>
			</trkpt>
			<trkpt lat="15.547032333333334" lon="-88.01106">
				<ele>72.96</ele>
				<extensions>
					<ns3:TrackPointExtension>
					</ns3:TrackPointExtension>
				</extensions>
			</trkpt>
			<trkpt lat="15.546992666666666" lon="-88.01114299999999">
				<ele>72.79</ele>
				<extensions>
					<ns3:TrackPointExtension>
					</ns3:TrackPointExtension>
				</extensions>
			</trkpt>
			<trkpt lat="15.546953" lon="-88.011226">
				<ele>72.62</ele>
				<extensions>
					<ns3:TrackPointExtension>
					</ns3:TrackPointExtension>
				</extensions>
			</trkpt>
			<trkpt lat="15.5469132" lon="-88.0112884">
				<ele>72.514</ele>
				<extensions>
					<ns3:TrackPointExtension>
					</ns3:TrackPointExtension>
				</extensions>
			</trkpt>
			<trkpt lat="15.5468734" lon="-88.0113508">
				<ele>72.408</ele>
				<extensions>
					<ns3:TrackPointExtension>
					</ns3:TrackPointExtension>
				</extensions>
			</trkpt>
			<trkpt lat="15.5468336" lon="-88.01141319999999">
				<ele>72.302</ele>
				<extensions>
					<ns3:TrackPointExtension>
					</ns3:TrackPointExtension>
				</extensions>
			</trkpt>
			<trkpt lat="15.5467938" lon="-88.0114756">
				<ele>72.196</ele>
				<extensions>
					<ns3:TrackPointExtension>
					</ns3:TrackPointExtension>
				</extensions>
			</trkpt>
			<trkpt lat="15.546754" lon="-88.011538">
				<ele>72.09</ele>
				<extensions>
					<ns3:TrackPointExtension>
					</ns3:TrackPointExtension>
				</extensions>
			</trkpt>
			<trkpt lat="15.546715333333333" lon="-88.01160733333333">
				<ele>72.246666</ele>
				<extensions>
					<ns3:TrackPointExtension>
					</ns3:TrackPointExtension>
				</extensions>
			</trkpt>
			<trkpt lat="15.546676666666666" lon="-88.01167666666667">
				<ele>72.403336</ele>
				<extensions>
					<ns3:TrackPointExtension>
					</ns3:TrackPointExtension>
				</extensions>
			</trkpt>
			<trkpt lat="15.546638" lon="-88.011746">
				<ele>72.56</ele>
				<extensions>
					<ns3:TrackPointExtension>
					</ns3:TrackPointExtension>
				</extensions>
			</trkpt>
			<trkpt lat="15.546588571428572" lon="-88.011812">
				<ele>72.73286</ele>
				<extensions>
					<ns3:TrackPointExtension>
					</ns3:TrackPointExtension>
				</extensions>
			</trkpt>
			<trkpt lat="15.546539142857142" lon="-88.011878">
				<ele>72.905716</ele>
				<extensions>
					<ns3:TrackPointExtension>
					</ns3:TrackPointExtension>
				</extensions>
			</trkpt>
			<trkpt lat="15.546489714285714" lon="-88.011944">
				<ele>73.078575</ele>
				<extensions>
					<ns3:TrackPointExtension>
					</ns3:TrackPointExtension>
				</extensions>
			</trkpt>
			<trkpt lat="15.546440285714285" lon="-88.01201">
				<ele>73.25143</ele>
				<extensions>
					<ns3:TrackPointExtension>
					</ns3:TrackPointExtension>
				</extensions>
			</trkpt>
			<trkpt lat="15.546390857142857" lon="-88.01207600000001">
				<ele>73.424286</ele>
				<extensions>
					<ns3:TrackPointExtension>
					</ns3:TrackPointExtension>
				</extensions>
			</trkpt>
			<trkpt lat="15.546341428571427" lon="-88.012142">
				<ele>73.597145</ele>
				<extensions>
					<ns3:TrackPointExtension>
					</ns3:TrackPointExtension>
				</extensions>
			</trkpt>
			<trkpt lat="15.546292" lon="-88.012208">
				<ele>73.77</ele>
				<extensions>
					<ns3:TrackPointExtension>
					</ns3:TrackPointExtension>
				</extensions>
			</trkpt>
			<trkpt lat="15.546236" lon="-88.01227666666666">
				<ele>73.51</ele>
				<extensions>
					<ns3:TrackPointExtension>
					</ns3:TrackPointExtension>
				</extensions>
			</trkpt>
			<trkpt lat="15.54618" lon="-88.01234533333333">
				<ele>73.25</ele>
				<extensions>
					<ns3:TrackPointExtension>
					</ns3:TrackPointExtension>
				</extensions>
			</trkpt>
			<trkpt lat="15.546123999999999" lon="-88.012414">
				<ele>72.99</ele>
				<extensions>
					<ns3:TrackPointExtension>
					</ns3:TrackPointExtension>
				</extensions>
			</trkpt>
			<trkpt lat="15.546068" lon="-88.01248266666667">
				<ele>72.73</ele>
				<extensions>
					<ns3:TrackPointExtension>
					</ns3:TrackPointExtension>
				</extensions>
			</trkpt>
			<trkpt lat="15.546012000000001" lon="-88.01255133333333">
				<ele>72.47</ele>
				<extensions>
					<ns3:TrackPointExtension>
					</ns3:TrackPointExtension>
				</extensions>
			</trkpt>
			<trkpt lat="15.545956" lon="-88.01262">
				<ele>72.21</ele>
				<extensions>
					<ns3:TrackPointExtension>
					</ns3:TrackPointExtension>
				</extensions>
			</trkpt>
			<trkpt lat="15.545909333333334" lon="-88.01266966666667">
				<ele>72.35</ele>
				<extensions>
					<ns3:TrackPointExtension>
					</ns3:TrackPointExtension>
				</extensions>
			</trkpt>
			<trkpt lat="15.545862666666666" lon="-88.01271933333334">
				<ele>72.49</ele>
				<extensions>
					<ns3:TrackPointExtension>
					</ns3:TrackPointExtension>
				</extensions>
			</trkpt>
			<trkpt lat="15.545816" lon="-88.012769">
				<ele>72.63</ele>
				<extensions>
					<ns3:TrackPointExtension>
					</ns3:TrackPointExtension>
				</extensions>
			</trkpt>
			<trkpt lat="15.545762" lon="-88.0128268">
				<ele>72.724</ele>
				<extensions>
					<ns3:TrackPointExtension>
					</ns3:TrackPointExtension>
				</extensions>
			</trkpt>
			<trkpt lat="15.545708" lon="-88.0128846">
				<ele>72.818</ele>
				<extensions>
					<ns3:TrackPointExtension>
					</ns3:TrackPointExtension>
				</extensions>
			</trkpt>
			<trkpt lat="15.545654" lon="-88.0129424">
				<ele>72.912</ele>
				<extensions>
					<ns3:TrackPointExtension>
					</ns3:TrackPointExtension>
				</extensions>
			</trkpt>
			<trkpt lat="15.5456" lon="-88.01300020000001">
				<ele>73.006</ele>
				<extensions>
					<ns3:TrackPointExtension>
					</ns3:TrackPointExtension>
				</extensions>
			</trkpt>
			<trkpt lat="15.545546" lon="-88.013058">
				<ele>73.1</ele>
				<extensions>
					<ns3:TrackPointExtension>
					</ns3:TrackPointExtension>
				</extensions>
			</trkpt>
			<trkpt lat="15.5454797" lon="-88.0131132">
				<ele>72.99</ele>
				<extensions>
					<ns3:TrackPointExtension>
					</ns3:TrackPointExtension>
				</extensions>
			</trkpt>
			<trkpt lat="15.5454134" lon="-88.0131684">
				<ele>72.88</ele>
				<extensions>
					<ns3:TrackPointExtension>
					</ns3:TrackPointExtension>
				</extensions>
			</trkpt>
			<trkpt lat="15.5453471" lon="-88.0132236">
				<ele>72.77</ele>
				<extensions>
					<ns3:TrackPointExtension>
					</ns3:TrackPointExtension>
				</extensions>
			</trkpt>
			<trkpt lat="15.5452808" lon="-88.0132788">
				<ele>72.66</ele>
				<extensions>
					<ns3:TrackPointExtension>
					</ns3:TrackPointExtension>
				</extensions>
			</trkpt>
			<trkpt lat="15.5452145" lon="-88.013334">
				<ele>72.55</ele>
				<extensions>
					<ns3:TrackPointExtension>
					</ns3:TrackPointExtension>
				</extensions>
			</trkpt>
			<trkpt lat="15.5451482" lon="-88.0133892">
				<ele>72.44</ele>
				<extensions>
					<ns3:TrackPointExtension>
					</ns3:TrackPointExtension>
				</extensions>
			</trkpt>
			<trkpt lat="15.5450819" lon="-88.0134444">
				<ele>72.33</ele>
				<extensions>
					<ns3:TrackPointExtension>
					</ns3:TrackPointExtension>
				</extensions>
			</trkpt>
			<trkpt lat="15.545015600000001" lon="-88.0134996">
				<ele>72.22</ele>
				<extensions>
					<ns3:TrackPointExtension>
					</ns3:TrackPointExtension>
				</extensions>
			</trkpt>
			<trkpt lat="15.5449493" lon="-88.0135548">
				<ele>72.11</ele>
				<extensions>
					<ns3:TrackPointExtension>
					</ns3:TrackPointExtension>
				</extensions>
			</trkpt>
			<trkpt lat="15.544883" lon="-88.01361">
				<ele>72.0</ele>
				<extensions>
					<ns3:TrackPointExtension>
					</ns3:TrackPointExtension>
				</extensions>
			</trkpt>
			<trkpt lat="15.544814" lon="-88.01366333333333">
				<ele>72.0</ele>
				<extensions>
					<ns3:TrackPointExtension>
					</ns3:TrackPointExtension>
				</extensions>
			</trkpt>
			<trkpt lat="15.544745" lon="-88.01371666666667">
				<ele>72.0</ele>
				<extensions>
					<ns3:TrackPointExtension>
					</ns3:TrackPointExtension>
				</extensions>
			</trkpt>
			<trkpt lat="15.544676" lon="-88.01377">
				<ele>72.0</ele>
				<extensions>
					<ns3:TrackPointExtension>
					</ns3:TrackPointExtension>
				</extensions>
			</trkpt>
			<trkpt lat="15.544602444444445" lon="-88.01381699999999">
				<ele>72.077774</ele>
				<extensions>
					<ns3:TrackPointExtension>
					</ns3:TrackPointExtension>
				</extensions>
			</trkpt>
			<trkpt lat="15.54452888888889" lon="-88.013864">
				<ele>72.155556</ele>
				<extensions>
					<ns3:TrackPointExtension>
					</ns3:TrackPointExtension>
				</extensions>
			</trkpt>
			<trkpt lat="15.544455333333334" lon="-88.013911">
				<ele>72.23333</ele>
				<extensions>
					<ns3:TrackPointExtension>
					</ns3:TrackPointExtension>
				</extensions>
			</trkpt>
			<trkpt lat="15.544381777777778" lon="-88.013958">
				<ele>72.31111</ele>
				<extensions>
					<ns3:TrackPointExtension>
					</ns3:TrackPointExtension>
				</extensions>
			</trkpt>
			<trkpt lat="15.544308222222224" lon="-88.014005">
				<ele>72.388885</ele>
				<extensions>
					<ns3:TrackPointExtension>
					</ns3:TrackPointExtension>
				</extensions>
			</trkpt>
			<trkpt lat="15.544234666666668" lon="-88.014052">
				<ele>72.46667</ele>
				<extensions>
					<ns3:TrackPointExtension>
					</ns3:TrackPointExtension>
				</extensions>
			</trkpt>
			<trkpt lat="15.544161111111112" lon="-88.014099">
				<ele>72.54444</ele>
				<extensions>
					<ns3:TrackPointExtension>
					</ns3:TrackPointExtension>
				</extensions>
			</trkpt>
			<trkpt lat="15.544087555555556" lon="-88.01414600000001">
				<ele>72.62222</ele>
				<extensions>
					<ns3:TrackPointExtension>
					</ns3:TrackPointExtension>
				</extensions>
			</trkpt>
			<trkpt lat="15.544014" lon="-88.014193">
				<ele>72.71</ele>
				<extensions>
					<ns3:TrackPointExtension>
					</ns3:TrackPointExtension>
				</extensions>
			</trkpt>
			<trkpt lat="15.5439545" lon="-88.01423125000001">
				<ele>72.5525</ele>
				<extensions>
					<ns3:TrackPointExtension>
					</ns3:TrackPointExtension>
				</extensions>
			</trkpt>
			<trkpt lat="15.543895" lon="-88.01426950000001">
				<ele>72.395</ele>
				<extensions>
					<ns3:TrackPointExtension>
					</ns3:TrackPointExtension>
				</extensions>
			</trkpt>
			<trkpt lat="15.5438355" lon="-88.01430775">
				<ele>72.2375</ele>
				<extensions>
					<ns3:TrackPointExtension>
					</ns3:TrackPointExtension>
				</extensions>
			</trkpt>
			<trkpt lat="15.543776" lon="-88.014346">
				<ele>72.08</ele>
				<extensions>
					<ns3:TrackPointExtension>
					</ns3:TrackPointExtension>
				</extensions>
			</trkpt>
			<trkpt lat="15.543697333333332" lon="-88.01438900000001">
				<ele>71.98</ele>
				<extensions>
					<ns3:TrackPointExtension>
					</ns3:TrackPointExtension>
				</extensions>
			</trkpt>
			<trkpt lat="15.543618666666667" lon="-88.014432">
				<ele>71.88</ele>
				<extensions>
					<ns3:TrackPointExtension>
					</ns3:TrackPointExtension>
				</extensions>
			</trkpt>
			<trkpt lat="15.54354" lon="-88.014475">
				<ele>71.78</ele>
				<extensions>
					<ns3:TrackPointExtension>
					</ns3:TrackPointExtension>
				</extensions>
			</trkpt>
			<trkpt lat="15.543465333333334" lon="-88.014508">
				<ele>71.48</ele>
				<extensions>
					<ns3:TrackPointExtension>
					</ns3:TrackPointExtension>
				</extensions>
			</trkpt>
			<trkpt lat="15.543390666666667" lon="-88.014541">
				<ele>71.18</ele>
				<extensions>
					<ns3:TrackPointExtension>
					</ns3:TrackPointExtension>
				</extensions>
			</trkpt>
			<trkpt lat="15.543316" lon="-88.014574">
				<ele>70.88</ele>
				<extensions>
					<ns3:TrackPointExtension>
					</ns3:TrackPointExtension>
				</extensions>
			</trkpt>
			<trkpt lat="15.5433335" lon="-88.01462699999999">
				<ele>70.785</ele>
				<extensions>
					<ns3:TrackPointExtension>
					</ns3:TrackPointExtension>
				</extensions>
			</trkpt>
			<trkpt lat="15.543351" lon="-88.01468">
				<ele>70.69</ele>
				<extensions>
					<ns3:TrackPointExtension>
					</ns3:TrackPointExtension>
				</extensions>
			</trkpt>
			<trkpt lat="15.543282666666666" lon="-88.01470933333333">
				<ele>70.5</ele>
				<extensions>
					<ns3:TrackPointExtension>
					</ns3:TrackPointExtension>
				</extensions>
			</trkpt>
			<trkpt lat="15.543214333333333" lon="-88.01473866666667">
				<ele>70.31</ele>
				<extensions>
					<ns3:TrackPointExtension>
					</ns3:TrackPointExtension>
				</extensions>
			</trkpt>
			<trkpt lat="15.543146" lon="-88.014768">
				<ele>70.12</ele>
				<extensions>
					<ns3:TrackPointExtension>
					</ns3:TrackPointExtension>
				</extensions>
			</trkpt>
			<trkpt lat="15.5430815" lon="-88.014737">
				<ele>70.06</ele>
				<extensions>
					<ns3:TrackPointExtension>
					</ns3:TrackPointExtension>
				</extensions>
			</trkpt>
			<trkpt lat="15.543017" lon="-88.014706">
				<ele>70.0</ele>
				<extensions>
					<ns3:TrackPointExtension>
					</ns3:TrackPointExtension>
				</extensions>
			</trkpt>
			<trkpt lat="15.54293775" lon="-88.014739125">
				<ele>70.12</ele>
				<extensions>
					<ns3:TrackPointExtension>
					</ns3:TrackPointExtension>
				</extensions>
			</trkpt>
			<trkpt lat="15.542858500000001" lon="-88.01477225000001">
				<ele>70.24</ele>
				<extensions>
					<ns3:TrackPointExtension>
					</ns3:TrackPointExtension>
				</extensions>
			</trkpt>
			<trkpt lat="15.54277925" lon="-88.01480537500001">
				<ele>70.36</ele>
				<extensions>
					<ns3:TrackPointExtension>
					</ns3:TrackPointExtension>
				</extensions>
			</trkpt>
			<trkpt lat="15.5427" lon="-88.0148385">
				<ele>70.48</ele>
				<extensions>
					<ns3:TrackPointExtension>
					</ns3:TrackPointExtension>
				</extensions>
			</trkpt>
			<trkpt lat="15.54262075" lon="-88.014871625">
				<ele>70.6</ele>
				<extensions>
					<ns3:TrackPointExtension>
					</ns3:TrackPointExtension>
				</extensions>
			</trkpt>
			<trkpt lat="15.542541499999999" lon="-88.01490475">
				<ele>70.72</ele>
				<extensions>
					<ns3:TrackPointExtension>
					</ns3:TrackPointExtension>
				</extensions>
			</trkpt>
			<trkpt lat="15.54246225" lon="-88.014937875">
				<ele>70.84</ele>
				<extensions>
					<ns3:TrackPointExtension>
					</ns3:TrackPointExtension>
				</extensions>
			</trkpt>
			<trkpt lat="15.542383" lon="-88.014971">
				<ele>70.96</ele>
				<extensions>
					<ns3:TrackPointExtension>
					</ns3:TrackPointExtension>
				</extensions>
			</trkpt>
			<trkpt lat="15.542301949999999" lon="-88.01500445">
				<ele>71.042</ele>
				<extensions>
					<ns3:TrackPointExtension>
					</ns3:TrackPointExtension>
				</extensions>
			</trkpt>
			<trkpt lat="15.5422209" lon="-88.01503790000001">
				<ele>71.124</ele>
				<extensions>
					<ns3:TrackPointExtension>
					</ns3:TrackPointExtension>
				</extensions>
			</trkpt>
			<trkpt lat="15.54213985" lon="-88.01507135">
				<ele>71.206</ele>
				<extensions>
					<ns3:TrackPointExtension>
					</ns3:TrackPointExtension>
				</extensions>
			</trkpt>
			<trkpt lat="15.5420588" lon="-88.0151048">
				<ele>71.288</ele>
				<extensions>
					<ns3:TrackPointExtension>
					</ns3:TrackPointExtension>
				</extensions>
			</trkpt>
			<trkpt lat="15.54197775" lon="-88.01513825">
				<ele>71.37</ele>
				<extensions>
					<ns3:TrackPointExtension>
					</ns3:TrackPointExtension>
				</extensions>
			</trkpt>
			<trkpt lat="15.541896699999999" lon="-88.0151717">
				<ele>71.452</ele>
				<extensions>
					<ns3:TrackPointExtension>
					</ns3:TrackPointExtension>
				</extensions>
			</trkpt>
			<trkpt lat="15.54181565" lon="-88.01520515">
				<ele>71.534</ele>
				<extensions>
					<ns3:TrackPointExtension>
					</ns3:TrackPointExtension>
				</extensions>
			</trkpt>
			<trkpt lat="15.5417346" lon="-88.0152386">
				<ele>71.616</ele>
				<extensions>
					<ns3:TrackPointExtension>
					</ns3:TrackPointExtension>
				</extensions>
			</trkpt>
			<trkpt lat="15.54165355" lon="-88.01527205000001">
				<ele>71.698</ele>
				<extensions>
					<ns3:TrackPointExtension>
					</ns3:TrackPointExtension>
				</extensions>
			</trkpt>
			<trkpt lat="15.541572500000001" lon="-88.01530550000001">
				<ele>71.78</ele>
				<extensions>
					<ns3:TrackPointExtension>
					</ns3:TrackPointExtension>
				</extensions>
			</trkpt>
			<trkpt lat="15.54149145" lon="-88.01533895">
				<ele>71.862</ele>
				<extensions>
					<ns3:TrackPointExtension>
					</ns3:TrackPointExtension>
				</extensions>
			</trkpt>
			<trkpt lat="15.5414104" lon="-88.0153724">
				<ele>71.944</ele>
				<extensions>
					<ns3:TrackPointExtension>
					</ns3:TrackPointExtension>
				</extensions>
			</trkpt>
			<trkpt lat="15.54132935" lon="-88.01540585000001">
				<ele>72.026</ele>
				<extensions>
					<ns3:TrackPointExtension>
					</ns3:TrackPointExtension>
				</extensions>
			</trkpt>
			<trkpt lat="15.5412483" lon="-88.0154393">
				<ele>72.108</ele>
				<extensions>
					<ns3:TrackPointExtension>
					</ns3:TrackPointExtension>
				</extensions>
			</trkpt>
			<trkpt lat="15.54116725" lon="-88.01547275">
				<ele>72.19</ele>
				<extensions>
					<ns3:TrackPointExtension>
					</ns3:TrackPointExtension>
				</extensions>
			</trkpt>
			<trkpt lat="15.5410862" lon="-88.0155062">
				<ele>72.272</ele>
				<extensions>
					<ns3:TrackPointExtension>
					</ns3:TrackPointExtension>
				</extensions>
			</trkpt>
			<trkpt lat="15.54100515" lon="-88.01553965000001">
				<ele>72.354</ele>
				<extensions>
					<ns3:TrackPointExtension>
					</ns3:TrackPointExtension>
				</extensions>
			</trkpt>
			<trkpt lat="15.540924100000002" lon="-88.01557310000001">
				<ele>72.436</ele>
				<extensions>
					<ns3:TrackPointExtension>
					</ns3:TrackPointExtension>
				</extensions>
			</trkpt>
			<trkpt lat="15.540843050000001" lon="-88.01560655">
				<ele>72.518</ele>
				<extensions>
					<ns3:TrackPointExtension>
					</ns3:TrackPointExtension>
				</extensions>
			</trkpt>
			<trkpt lat="15.540762" lon="-88.01564">
				<ele>72.6</ele>
				<extensions>
					<ns3:TrackPointExtension>
					</ns3:TrackPointExtension>
				</extensions>
			</trkpt>
			<trkpt lat="15.540762" lon="-88.015639">
				<ele>72.6</ele>
				<extensions>
					<ns3:TrackPointExtension>
					</ns3:TrackPointExtension>
				</extensions>
			</trkpt>
			<trkpt lat="15.540679357142858" lon="-88.01567314285714">
				<ele>72.585</ele>
				<extensions>
					<ns3:TrackPointExtension>
					</ns3:TrackPointExtension>
				</extensions>
			</trkpt>
			<trkpt lat="15.540596714285716" lon="-88.01570728571429">
				<ele>72.57</ele>
				<extensions>
					<ns3:TrackPointExtension>
					</ns3:TrackPointExtension>
				</extensions>
			</trkpt>
			<trkpt lat="15.540514071428571" lon="-88.01574142857142">
				<ele>72.555</ele>
				<extensions>
					<ns3:TrackPointExtension>
					</ns3:TrackPointExtension>
				</extensions>
			</trkpt>
			<trkpt lat="15.540431428571429" lon="-88.01577557142856">
				<ele>72.54</ele>
				<extensions>
					<ns3:TrackPointExtension>
					</ns3:TrackPointExtension>
				</extensions>
			</trkpt>
			<trkpt lat="15.540348785714286" lon="-88.01580971428571">
				<ele>72.525</ele>
				<extensions>
					<ns3:TrackPointExtension>
					</ns3:TrackPointExtension>
				</extensions>
			</trkpt>
			<trkpt lat="15.540266142857144" lon="-88.01584385714285">
				<ele>72.51</ele>
				<extensions>
					<ns3:TrackPointExtension>
					</ns3:TrackPointExtension>
				</extensions>
			</trkpt>
			<trkpt lat="15.540183500000001" lon="-88.01587799999999">
				<ele>72.495</ele>
				<extensions>
					<ns3:TrackPointExtension>
					</ns3:TrackPointExtension>
				</extensions>
			</trkpt>
			<trkpt lat="15.540100857142857" lon="-88.01591214285713">
				<ele>72.48</ele>
				<extensions>
					<ns3:TrackPointExtension>
					</ns3:TrackPointExtension>
				</extensions>
			</trkpt>
			<trkpt lat="15.540018214285714" lon="-88.01594628571428">
				<ele>72.465</ele>
				<extensions>
					<ns3:TrackPointExtension>
					</ns3:TrackPointExtension>
				</extensions>
			</trkpt>
			<trkpt lat="15.539935571428572" lon="-88.01598042857142">
				<ele>72.45</ele>
				<extensions>
					<ns3:TrackPointExtension>
					</ns3:TrackPointExtension>
				</extensions>
			</trkpt>
			<trkpt lat="15.53985292857143" lon="-88.01601457142857">
				<ele>72.435</ele>
				<extensions>
					<ns3:TrackPointExtension>
					</ns3:TrackPointExtension>
				</extensions>
			</trkpt>
			<trkpt lat="15.539770285714285" lon="-88.0160487142857">
				<ele>72.42</ele>
				<extensions>
					<ns3:TrackPointExtension>
					</ns3:TrackPointExtension>
				</extensions>
			</trkpt>
			<trkpt lat="15.539687642857142" lon="-88.01608285714285">
				<ele>72.405</ele>
				<extensions>
					<ns3:TrackPointExtension>
					</ns3:TrackPointExtension>
				</extensions>
			</trkpt>
			<trkpt lat="15.539605" lon="-88.016117">
				<ele>72.39</ele>
				<extensions>
					<ns3:TrackPointExtension>
					</ns3:TrackPointExtension>
				</extensions>
			</trkpt>
			<trkpt lat="15.539525" lon="-88.01615014285714">
				<ele>72.19572</ele>
				<extensions>
					<ns3:TrackPointExtension>
					</ns3:TrackPointExtension>
				</extensions>
			</trkpt>
			<trkpt lat="15.539445" lon="-88.01618328571428">
				<ele>72.00143</ele>
				<extensions>
					<ns3:TrackPointExtension>
					</ns3:TrackPointExtension>
				</extensions>
			</trkpt>
			<trkpt lat="15.539365" lon="-88.01621642857143">
				<ele>71.807144</ele>
				<extensions>
					<ns3:TrackPointExtension>
					</ns3:TrackPointExtension>
				</extensions>
			</trkpt>
			<trkpt lat="15.539285" lon="-88.01624957142857">
				<ele>71.612854</ele>
				<extensions>
					<ns3:TrackPointExtension>
					</ns3:TrackPointExtension>
				</extensions>
			</trkpt>
			<trkpt lat="15.539204999999999" lon="-88.01628271428572">
				<ele>71.41857</ele>
				<extensions>
					<ns3:TrackPointExtension>
					</ns3:TrackPointExtension>
				</extensions>
			</trkpt>
			<trkpt lat="15.539125" lon="-88.01631585714286">
				<ele>71.22429</ele>
				<extensions>
					<ns3:TrackPointExtension>
					</ns3:TrackPointExtension>
				</extensions>
			</trkpt>
			<trkpt lat="15.539045" lon="-88.016349">
				<ele>71.03</ele>
				<extensions>
					<ns3:TrackPointExtension>
					</ns3:TrackPointExtension>
				</extensions>
			</trkpt>
			<trkpt lat="15.538970571428571" lon="-88.01637985714287">
				<ele>70.74</ele>
				<extensions>
					<ns3:TrackPointExtension>
					</ns3:TrackPointExtension>
				</extensions>
			</trkpt>
			<trkpt lat="15.538896142857142" lon="-88.01641071428571">
				<ele>70.45</ele>
				<extensions>
					<ns3:TrackPointExtension>
					</ns3:TrackPointExtension>
				</extensions>
			</trkpt>
			<trkpt lat="15.538821714285714" lon="-88.01644157142857">
				<ele>70.16</ele>
				<extensions>
					<ns3:TrackPointExtension>
					</ns3:TrackPointExtension>
				</extensions>
			</trkpt>
			<trkpt lat="15.538747285714287" lon="-88.01647242857143">
				<ele>69.87</ele>
				<extensions>
					<ns3:TrackPointExtension>
					</ns3:TrackPointExtension>
				</extensions>
			</trkpt>
			<trkpt lat="15.538672857142858" lon="-88.0165032857143">
				<ele>69.58</ele>
				<extensions>
					<ns3:TrackPointExtension>
					</ns3:TrackPointExtension>
				</extensions>
			</trkpt>
			<trkpt lat="15.53859842857143" lon="-88.01653414285714">
				<ele>69.29</ele>
				<extensions>
					<ns3:TrackPointExtension>
					</ns3:TrackPointExtension>
				</extensions>
			</trkpt>
			<trkpt lat="15.538524" lon="-88.016565">
				<ele>69.0</ele>
				<extensions>
					<ns3:TrackPointExtension>
					</ns3:TrackPointExtension>
				</extensions>
			</trkpt>
			<trkpt lat="15.5384464" lon="-88.0165992">
				<ele>69.116</ele>
				<extensions>
					<ns3:TrackPointExtension>
					</ns3:TrackPointExtension>
				</extensions>
			</trkpt>
			<trkpt lat="15.5383688" lon="-88.0166334">
				<ele>69.232</ele>
				<extensions>
					<ns3:TrackPointExtension>
					</ns3:TrackPointExtension>
				</extensions>
			</trkpt>
			<trkpt lat="15.5382912" lon="-88.01666759999999">
				<ele>69.348</ele>
				<extensions>
					<ns3:TrackPointExtension>
					</ns3:TrackPointExtension>
				</extensions>
			</trkpt>
			<trkpt lat="15.5382136" lon="-88.01670179999999">
				<ele>69.464</ele>
				<extensions>
					<ns3:TrackPointExtension>
					</ns3:TrackPointExtension>
				</extensions>
			</trkpt>
			<trkpt lat="15.538136" lon="-88.016736">
				<ele>69.58</ele>
				<extensions>
					<ns3:TrackPointExtension>
					</ns3:TrackPointExtension>
				</extensions>
			</trkpt>
			<trkpt lat="15.53805990909091" lon="-88.01676963636363">
				<ele>69.72727</ele>
				<extensions>
					<ns3:TrackPointExtension>
					</ns3:TrackPointExtension>
				</extensions>
			</trkpt>
			<trkpt lat="15.537983818181818" lon="-88.01680327272727">
				<ele>69.87454</ele>
				<extensions>
					<ns3:TrackPointExtension>
					</ns3:TrackPointExtension>
				</extensions>
			</trkpt>
			<trkpt lat="15.537907727272728" lon="-88.0168369090909">
				<ele>70.02182</ele>
				<extensions>
					<ns3:TrackPointExtension>
					</ns3:TrackPointExtension>
				</extensions>
			</trkpt>
			<trkpt lat="15.537831636363636" lon="-88.01687054545454">
				<ele>70.16909</ele>
				<extensions>
					<ns3:TrackPointExtension>
					</ns3:TrackPointExtension>
				</extensions>
			</trkpt>
			<trkpt lat="15.537755545454546" lon="-88.01690418181818">
				<ele>70.31636</ele>
				<extensions>
					<ns3:TrackPointExtension>
					</ns3:TrackPointExtension>
				</extensions>
			</trkpt>
			<trkpt lat="15.537679454545454" lon="-88.01693781818182">
				<ele>70.46364</ele>
				<extensions>
					<ns3:TrackPointExtension>
					</ns3:TrackPointExtension>
				</extensions>
			</trkpt>
			<trkpt lat="15.537603363636364" lon="-88.01697145454546">
				<ele>70.61091</ele>
				<extensions>
					<ns3:TrackPointExtension>
					</ns3:TrackPointExtension>
				</extensions>
			</trkpt>
			<trkpt lat="15.537527272727273" lon="-88.0170050909091">
				<ele>70.75818</ele>
				<extensions>
					<ns3:TrackPointExtension>
					</ns3:TrackPointExtension>
				</extensions>
			</trkpt>
			<trkpt lat="15.537451181818183" lon="-88.01703872727272">
				<ele>70.90546</ele>
				<extensions>
					<ns3:TrackPointExtension>
					</ns3:TrackPointExtension>
				</extensions>
			</trkpt>
			<trkpt lat="15.53737509090909" lon="-88.01707236363636">
				<ele>71.05273</ele>
				<extensions>
					<ns3:TrackPointExtension>
					</ns3:TrackPointExtension>
				</extensions>
			</trkpt>
			<trkpt lat="15.537299" lon="-88.017106">
				<ele>71.2</ele>
				<extensions>
					<ns3:TrackPointExtension>
					</ns3:TrackPointExtension>
				</extensions>
			</trkpt>
			<trkpt lat="15.537241000000002" lon="-88.017132">
				<ele>71.43</ele>
				<extensions>
					<ns3:TrackPointExtension>
					</ns3:TrackPointExtension>
				</extensions>
			</trkpt>
			<trkpt lat="15.537183" lon="-88.017158">
				<ele>71.66</ele>
				<extensions>
					<ns3:TrackPointExtension>
					</ns3:TrackPointExtension>
				</extensions>
			</trkpt>
			<trkpt lat="15.537108166666666" lon="-88.0171975">
				<ele>71.67</ele>
				<extensions>
					<ns3:TrackPointExtension>
					</ns3:TrackPointExtension>
				</extensions>
			</trkpt>
			<trkpt lat="15.537033333333333" lon="-88.017237">
				<ele>71.68</ele>
				<extensions>
					<ns3:TrackPointExtension>
					</ns3:TrackPointExtension>
				</extensions>
			</trkpt>
			<trkpt lat="15.5369585" lon="-88.0172765">
				<ele>71.69</ele>
				<extensions>
					<ns3:TrackPointExtension>
					</ns3:TrackPointExtension>
				</extensions>
			</trkpt>
			<trkpt lat="15.536883666666666" lon="-88.017316">
				<ele>71.7</ele>
				<extensions>
					<ns3:TrackPointExtension>
					</ns3:TrackPointExtension>
				</extensions>
			</trkpt>
			<trkpt lat="15.536808833333332" lon="-88.0173555">
				<ele>71.71</ele>
				<extensions>
					<ns3:TrackPointExtension>
					</ns3:TrackPointExtension>
				</extensions>
			</trkpt>
			<trkpt lat="15.536734" lon="-88.017395">
				<ele>71.72</ele>
				<extensions>
					<ns3:TrackPointExtension>
					</ns3:TrackPointExtension>
				</extensions>
			</trkpt>
			<trkpt lat="15.536677333333333" lon="-88.01742533333334">
				<ele>71.64333</ele>
				<extensions>
					<ns3:TrackPointExtension>
					</ns3:TrackPointExtension>
				</extensions>
			</trkpt>
			<trkpt lat="15.536620666666666" lon="-88.01745566666666">
				<ele>71.566666</ele>
				<extensions>
					<ns3:TrackPointExtension>
					</ns3:TrackPointExtension>
				</extensions>
			</trkpt>
			<trkpt lat="15.536564" lon="-88.017486">
				<ele>71.49</ele>
				<extensions>
					<ns3:TrackPointExtension>
					</ns3:TrackPointExtension>
				</extensions>
			</trkpt>
			<trkpt lat="15.536492" lon="-88.017521">
				<ele>71.53167</ele>
				<extensions>
					<ns3:TrackPointExtension>
					</ns3:TrackPointExtension>
				</extensions>
			</trkpt>
			<trkpt lat="15.53642" lon="-88.017556">
				<ele>71.57333</ele>
				<extensions>
					<ns3:TrackPointExtension>
					</ns3:TrackPointExtension>
				</extensions>
			</trkpt>
			<trkpt lat="15.536348" lon="-88.01759100000001">
				<ele>71.615</ele>
				<extensions>
					<ns3:TrackPointExtension>
					</ns3:TrackPointExtension>
				</extensions>
			</trkpt>
			<trkpt lat="15.536276" lon="-88.017626">
				<ele>71.65667</ele>
				<extensions>
					<ns3:TrackPointExtension>
					</ns3:TrackPointExtension>
				</extensions>
			</trkpt>
			<trkpt lat="15.536204" lon="-88.017661">
				<ele>71.69833</ele>
				<extensions>
					<ns3:TrackPointExtension>
					</ns3:TrackPointExtension>
				</extensions>
			</trkpt>
			<trkpt lat="15.536132" lon="-88.017696">
				<ele>71.74</ele>
				<extensions>
					<ns3:TrackPointExtension>
					</ns3:TrackPointExtension>
				</extensions>
			</trkpt>
			<trkpt lat="15.536083999999999" lon="-88.01771600000001">
				<ele>71.915</ele>
				<extensions>
					<ns3:TrackPointExtension>
					</ns3:TrackPointExtension>
				</extensions>
			</trkpt>
			<trkpt lat="15.536036" lon="-88.017736">
				<ele>72.09</ele>
				<extensions>
					<ns3:TrackPointExtension>
					</ns3:TrackPointExtension>
				</extensions>
			</trkpt>
			<trkpt lat="15.535966166666666" lon="-88.0177715">
				<ele>71.88</ele>
				<extensions>
					<ns3:TrackPointExtension>
					</ns3:TrackPointExtension>
				</extensions>
			</trkpt>
			<trkpt lat="15.535896333333334" lon="-88.017807">
				<ele>71.67</ele>
				<extensions>
					<ns3:TrackPointExtension>
					</ns3:TrackPointExtension>
				</extensions>
			</trkpt>
			<trkpt lat="15.535826499999999" lon="-88.0178425">
				<ele>71.46</ele>
				<extensions>
					<ns3:TrackPointExtension>
					</ns3:TrackPointExtension>
				</extensions>
			</trkpt>
			<trkpt lat="15.535756666666666" lon="-88.017878">
				<ele>71.25</ele>
				<extensions>
					<ns3:TrackPointExtension>
					</ns3:TrackPointExtension>
				</extensions>
			</trkpt>
			<trkpt lat="15.535686833333333" lon="-88.0179135">
				<ele>71.04</ele>
				<extensions>
					<ns3:TrackPointExtension>
					</ns3:TrackPointExtension>
				</extensions>
			</trkpt>
			<trkpt lat="15.535617" lon="-88.017949">
				<ele>70.84</ele>
				<extensions>
					<ns3:TrackPointExtension>
					</ns3:TrackPointExtension>
				</extensions>
			</trkpt>
			<trkpt lat="15.535537777777778" lon="-88.01798955555556">
				<ele>70.26444</ele>
				<extensions>
					<ns3:TrackPointExtension>
					</ns3:TrackPointExtension>
				</extensions>
			</trkpt>
			<trkpt lat="15.535458555555556" lon="-88.01803011111112">
				<ele>69.68889</ele>
				<extensions>
					<ns3:TrackPointExtension>
					</ns3:TrackPointExtension>
				</extensions>
			</trkpt>
			<trkpt lat="15.535379333333333" lon="-88.01807066666667">
				<ele>69.113335</ele>
				<extensions>
					<ns3:TrackPointExtension>
					</ns3:TrackPointExtension>
				</extensions>
			</trkpt>
			<trkpt lat="15.53530011111111" lon="-88.01811122222223">
				<ele>68.53778</ele>
				<extensions>
					<ns3:TrackPointExtension>
					</ns3:TrackPointExtension>
				</extensions>
			</trkpt>
			<trkpt lat="15.535220888888889" lon="-88.01815177777777">
				<ele>67.96222</ele>
				<extensions>
					<ns3:TrackPointExtension>
					</ns3:TrackPointExtension>
				</extensions>
			</trkpt>
			<trkpt lat="15.535141666666666" lon="-88.01819233333333">
				<ele>67.386665</ele>
				<extensions>
					<ns3:TrackPointExtension>
					</ns3:TrackPointExtension>
				</extensions>
			</trkpt>
			<trkpt lat="15.535062444444444" lon="-88.01823288888889">
				<ele>66.81111</ele>
				<extensions>
					<ns3:TrackPointExtension>
					</ns3:TrackPointExtension>
				</extensions>
			</trkpt>
			<trkpt lat="15.534983222222221" lon="-88.01827344444445">
				<ele>66.23556</ele>
				<extensions>
					<ns3:TrackPointExtension>
					</ns3:TrackPointExtension>
				</extensions>
			</trkpt>
			<trkpt lat="15.534904" lon="-88.018314">
				<ele>65.66</ele>
				<extensions>
					<ns3:TrackPointExtension>
					</ns3:TrackPointExtension>
				</extensions>
			</trkpt>
			<trkpt lat="15.534925" lon="-88.018359">
				<ele>65.52</ele>
				<extensions>
					<ns3:TrackPointExtension>
					</ns3:TrackPointExtension>
				</extensions>
			</trkpt>
			<trkpt lat="15.534851999999999" lon="-88.01839642857144">
				<ele>65.91143</ele>
				<extensions>
					<ns3:TrackPointExtension>
					</ns3:TrackPointExtension>
				</extensions>
			</trkpt>
			<trkpt lat="15.534779" lon="-88.01843385714285">
				<ele>66.30286</ele>
				<extensions>
					<ns3:TrackPointExtension>
					</ns3:TrackPointExtension>
				</extensions>
			</trkpt>
			<trkpt lat="15.534706" lon="-88.01847128571428">
				<ele>66.69428</ele>
				<extensions>
					<ns3:TrackPointExtension>
					</ns3:TrackPointExtension>
				</extensions>
			</trkpt>
			<trkpt lat="15.534633" lon="-88.01850871428572">
				<ele>67.08572</ele>
				<extensions>
					<ns3:TrackPointExtension>
					</ns3:TrackPointExtension>
				</extensions>
			</trkpt>
			<trkpt lat="15.534559999999999" lon="-88.01854614285715">
				<ele>67.47714</ele>
				<extensions>
					<ns3:TrackPointExtension>
					</ns3:TrackPointExtension>
				</extensions>
			</trkpt>
			<trkpt lat="15.534487" lon="-88.01858357142856">
				<ele>67.86857</ele>
				<extensions>
					<ns3:TrackPointExtension>
					</ns3:TrackPointExtension>
				</extensions>
			</trkpt>
			<trkpt lat="15.534414" lon="-88.018621">
				<ele>68.26</ele>
				<extensions>
					<ns3:TrackPointExtension>
					</ns3:TrackPointExtension>
				</extensions>
			</trkpt>
			<trkpt lat="15.534395" lon="-88.01858">
				<ele>68.03</ele>
				<extensions>
					<ns3:TrackPointExtension>
					</ns3:TrackPointExtension>
				</extensions>
			</trkpt>
			<trkpt lat="15.534324" lon="-88.018617">
				<ele>68.67</ele>
				<extensions>
					<ns3:TrackPointExtension>
					</ns3:TrackPointExtension>
				</extensions>
			</trkpt>
			<trkpt lat="15.5342504" lon="-88.01865670000001">
				<ele>68.746</ele>
				<extensions>
					<ns3:TrackPointExtension>
					</ns3:TrackPointExtension>
				</extensions>
			</trkpt>
			<trkpt lat="15.5341768" lon="-88.01869640000001">
				<ele>68.822</ele>
				<extensions>
					<ns3:TrackPointExtension>
					</ns3:TrackPointExtension>
				</extensions>
			</trkpt>
			<trkpt lat="15.5341032" lon="-88.0187361">
				<ele>68.898</ele>
				<extensions>
					<ns3:TrackPointExtension>
					</ns3:TrackPointExtension>
				</extensions>
			</trkpt>
			<trkpt lat="15.5340296" lon="-88.0187758">
				<ele>68.974</ele>
				<extensions>
					<ns3:TrackPointExtension>
					</ns3:TrackPointExtension>
				</extensions>
			</trkpt>
			<trkpt lat="15.533956" lon="-88.0188155">
				<ele>69.05</ele>
				<extensions>
					<ns3:TrackPointExtension>
					</ns3:TrackPointExtension>
				</extensions>
			</trkpt>
			<trkpt lat="15.5338824" lon="-88.0188552">
				<ele>69.126</ele>
				<extensions>
					<ns3:TrackPointExtension>
					</ns3:TrackPointExtension>
				</extensions>
			</trkpt>
			<trkpt lat="15.5338088" lon="-88.0188949">
				<ele>69.202</ele>
				<extensions>
					<ns3:TrackPointExtension>
					</ns3:TrackPointExtension>
				</extensions>
			</trkpt>
			<trkpt lat="15.5337352" lon="-88.0189346">
				<ele>69.278</ele>
				<extensions>
					<ns3:TrackPointExtension>
					</ns3:TrackPointExtension>
				</extensions>
			</trkpt>
			<trkpt lat="15.5336616" lon="-88.0189743">
				<ele>69.354</ele>
				<extensions>
					<ns3:TrackPointExtension>
					</ns3:TrackPointExtension>
				</extensions>
			</trkpt>
			<trkpt lat="15.533588" lon="-88.019014">
				<ele>69.43</ele>
				<extensions>
					<ns3:TrackPointExtension>
					</ns3:TrackPointExtension>
				</extensions>
			</trkpt>
			<trkpt lat="15.533517" lon="-88.01904966666666">
				<ele>69.62334</ele>
				<extensions>
					<ns3:TrackPointExtension>
					</ns3:TrackPointExtension>
				</extensions>
			</trkpt>
			<trkpt lat="15.533446" lon="-88.01908533333334">
				<ele>69.816666</ele>
				<extensions>
					<ns3:TrackPointExtension>
					</ns3:TrackPointExtension>
				</extensions>
			</trkpt>
			<trkpt lat="15.533375" lon="-88.019121">
				<ele>70.01</ele>
				<extensions>
					<ns3:TrackPointExtension>
					</ns3:TrackPointExtension>
				</extensions>
			</trkpt>
			<trkpt lat="15.533295166666665" lon="-88.01916416666667">
				<ele>70.26667</ele>
				<extensions>
					<ns3:TrackPointExtension>
					</ns3:TrackPointExtension>
				</extensions>
			</trkpt>
			<trkpt lat="15.533215333333333" lon="-88.01920733333333">
				<ele>70.52333</ele>
				<extensions>
					<ns3:TrackPointExtension>
					</ns3:TrackPointExtension>
				</extensions>
			</trkpt>
			<trkpt lat="15.5331355" lon="-88.0192505">
				<ele>70.78</ele>
				<extensions>
					<ns3:TrackPointExtension>
					</ns3:TrackPointExtension>
				</extensions>
			</trkpt>
			<trkpt lat="15.533055666666666" lon="-88.01929366666667">
				<ele>71.03667</ele>
				<extensions>
					<ns3:TrackPointExtension>
					</ns3:TrackPointExtension>
				</extensions>
			</trkpt>
			<trkpt lat="15.532975833333332" lon="-88.01933683333333">
				<ele>71.293335</ele>
				<extensions>
					<ns3:TrackPointExtension>
					</ns3:TrackPointExtension>
				</extensions>
			</trkpt>
			<trkpt lat="15.532896" lon="-88.01938">
				<ele>71.55</ele>
				<extensions>
					<ns3:TrackPointExtension>
					</ns3:TrackPointExtension>
				</extensions>
			</trkpt>
			<trkpt lat="15.532831666666667" lon="-88.019411">
				<ele>71.53333</ele>
				<extensions>
					<ns3:TrackPointExtension>
					</ns3:TrackPointExtension>
				</extensions>
			</trkpt>
			<trkpt lat="15.532767333333332" lon="-88.019442">
				<ele>71.51667</ele>
				<extensions>
					<ns3:TrackPointExtension>
					</ns3:TrackPointExtension>
				</extensions>
			</trkpt>
			<trkpt lat="15.532703" lon="-88.019473">
				<ele>71.5</ele>
				<extensions>
					<ns3:TrackPointExtension>
					</ns3:TrackPointExtension>
				</extensions>
			</trkpt>
			<trkpt lat="15.532625909090909" lon="-88.01951027272727">
				<ele>71.44091</ele>
				<extensions>
					<ns3:TrackPointExtension>
					</ns3:TrackPointExtension>
				</extensions>
			</trkpt>
			<trkpt lat="15.532548818181818" lon="-88.01954754545454">
				<ele>71.38182</ele>
				<extensions>
					<ns3:TrackPointExtension>
					</ns3:TrackPointExtension>
				</extensions>
			</trkpt>
			<trkpt lat="15.532471727272727" lon="-88.01958481818183">
				<ele>71.32273</ele>
				<extensions>
					<ns3:TrackPointExtension>
					</ns3:TrackPointExtension>
				</extensions>
			</trkpt>
			<trkpt lat="15.532394636363636" lon="-88.0196220909091">
				<ele>71.26363</ele>
				<extensions>
					<ns3:TrackPointExtension>
					</ns3:TrackPointExtension>
				</extensions>
			</trkpt>
			<trkpt lat="15.532317545454545" lon="-88.01965936363636">
				<ele>71.204544</ele>
				<extensions>
					<ns3:TrackPointExtension>
					</ns3:TrackPointExtension>
				</extensions>
			</trkpt>
			<trkpt lat="15.532240454545455" lon="-88.01969663636363">
				<ele>71.145454</ele>
				<extensions>
					<ns3:TrackPointExtension>
					</ns3:TrackPointExtension>
				</extensions>
			</trkpt>
			<trkpt lat="15.532163363636364" lon="-88.0197339090909">
				<ele>71.086365</ele>
				<extensions>
					<ns3:TrackPointExtension>
					</ns3:TrackPointExtension>
				</extensions>
			</trkpt>
			<trkpt lat="15.532086272727273" lon="-88.01977118181817">
				<ele>71.027275</ele>
				<extensions>
					<ns3:TrackPointExtension>
					</ns3:TrackPointExtension>
				</extensions>
			</trkpt>
			<trkpt lat="15.532009181818182" lon="-88.01980845454545">
				<ele>70.968185</ele>
				<extensions>
					<ns3:TrackPointExtension>
					</ns3:TrackPointExtension>
				</extensions>
			</trkpt>
			<trkpt lat="15.531932090909091" lon="-88.01984572727272">
				<ele>70.90909</ele>
				<extensions>
					<ns3:TrackPointExtension>
					</ns3:TrackPointExtension>
				</extensions>
			</trkpt>
			<trkpt lat="15.531855" lon="-88.019883">
				<ele>70.85</ele>
				<extensions>
					<ns3:TrackPointExtension>
					</ns3:TrackPointExtension>
				</extensions>
			</trkpt>
			<trkpt lat="15.531779625" lon="-88.019919625">
				<ele>70.86875</ele>
				<extensions>
					<ns3:TrackPointExtension>
					</ns3:TrackPointExtension>
				</extensions>
			</trkpt>
			<trkpt lat="15.53170425" lon="-88.01995624999999">
				<ele>70.8875</ele>
				<extensions>
					<ns3:TrackPointExtension>
					</ns3:TrackPointExtension>
				</extensions>
			</trkpt>
			<trkpt lat="15.531628875000001" lon="-88.019992875">
				<ele>70.90625</ele>
				<extensions>
					<ns3:TrackPointExtension>
					</ns3:TrackPointExtension>
				</extensions>
			</trkpt>
			<trkpt lat="15.531553500000001" lon="-88.02002949999999">
				<ele>70.925</ele>
				<extensions>
					<ns3:TrackPointExtension>
					</ns3:TrackPointExtension>
				</extensions>
			</trkpt>
			<trkpt lat="15.531478125" lon="-88.020066125">
				<ele>70.94375</ele>
				<extensions>
					<ns3:TrackPointExtension>
					</ns3:TrackPointExtension>
				</extensions>
			</trkpt>
			<trkpt lat="15.53140275" lon="-88.02010275">
				<ele>70.9625</ele>
				<extensions>
					<ns3:TrackPointExtension>
					</ns3:TrackPointExtension>
				</extensions>
			</trkpt>
			<trkpt lat="15.531327375" lon="-88.020139375">
				<ele>70.98125</ele>
				<extensions>
					<ns3:TrackPointExtension>
					</ns3:TrackPointExtension>
				</extensions>
			</trkpt>
			<trkpt lat="15.531252" lon="-88.020176">
				<ele>71.0</ele>
				<extensions>
					<ns3:TrackPointExtension>
					</ns3:TrackPointExtension>
				</extensions>
			</trkpt>
			<trkpt lat="15.531177625" lon="-88.02021475000001">
				<ele>71.45</ele>
				<extensions>
					<ns3:TrackPointExtension>
					</ns3:TrackPointExtension>
				</extensions>
			</trkpt>
			<trkpt lat="15.531103250000001" lon="-88.02025350000001">
				<ele>71.9</ele>
				<extensions>
					<ns3:TrackPointExtension>
					</ns3:TrackPointExtension>
				</extensions>
			</trkpt>
			<trkpt lat="15.531028875" lon="-88.02029225000001">
				<ele>72.35</ele>
				<extensions>
					<ns3:TrackPointExtension>
					</ns3:TrackPointExtension>
				</extensions>
			</trkpt>
			<trkpt lat="15.5309545" lon="-88.020331">
				<ele>72.8</ele>
				<extensions>
					<ns3:TrackPointExtension>
					</ns3:TrackPointExtension>
				</extensions>
			</trkpt>
			<trkpt lat="15.530880125" lon="-88.02036975">
				<ele>73.25</ele>
				<extensions>
					<ns3:TrackPointExtension>
					</ns3:TrackPointExtension>
				</extensions>
			</trkpt>
			<trkpt lat="15.530805749999999" lon="-88.0204085">
				<ele>73.7</ele>
				<extensions>
					<ns3:TrackPointExtension>
					</ns3:TrackPointExtension>
				</extensions>
			</trkpt>
			<trkpt lat="15.530731375" lon="-88.02044725">
				<ele>74.15</ele>
				<extensions>
					<ns3:TrackPointExtension>
					</ns3:TrackPointExtension>
				</extensions>
			</trkpt>
			<trkpt lat="15.530657" lon="-88.020486">
				<ele>74.6</ele>
				<extensions>
					<ns3:TrackPointExtension>
					</ns3:TrackPointExtension>
				</extensions>
			</trkpt>
			<trkpt lat="15.530577909090908" lon="-88.02052727272728">
				<ele>74.692726</ele>
				<extensions>
					<ns3:TrackPointExtension>
					</ns3:TrackPointExtension>
				</extensions>
			</trkpt>
			<trkpt lat="15.530498818181819" lon="-88.02056854545455">
				<ele>74.78545</ele>
				<extensions>
					<ns3:TrackPointExtension>
					</ns3:TrackPointExtension>
				</extensions>
			</trkpt>
			<trkpt lat="15.530419727272728" lon="-88.02060981818182">
				<ele>74.87818</ele>
				<extensions>
					<ns3:TrackPointExtension>
					</ns3:TrackPointExtension>
				</extensions>
			</trkpt>
			<trkpt lat="15.530340636363636" lon="-88.0206510909091">
				<ele>74.97091</ele>
				<extensions>
					<ns3:TrackPointExtension>
					</ns3:TrackPointExtension>
				</extensions>
			</trkpt>
			<trkpt lat="15.530261545454545" lon="-88.02069236363637">
				<ele>75.06364</ele>
				<extensions>
					<ns3:TrackPointExtension>
					</ns3:TrackPointExtension>
				</extensions>
			</trkpt>
			<trkpt lat="15.530182454545455" lon="-88.02073363636363">
				<ele>75.156364</ele>
				<extensions>
					<ns3:TrackPointExtension>
					</ns3:TrackPointExtension>
				</extensions>
			</trkpt>
			<trkpt lat="15.530103363636364" lon="-88.0207749090909">
				<ele>75.24909</ele>
				<extensions>
					<ns3:TrackPointExtension>
					</ns3:TrackPointExtension>
				</extensions>
			</trkpt>
			<trkpt lat="15.530024272727273" lon="-88.02081618181818">
				<ele>75.34182</ele>
				<extensions>
					<ns3:TrackPointExtension>
					</ns3:TrackPointExtension>
				</extensions>
			</trkpt>
			<trkpt lat="15.529945181818182" lon="-88.02085745454545">
				<ele>75.43455</ele>
				<extensions>
					<ns3:TrackPointExtension>
					</ns3:TrackPointExtension>
				</extensions>
			</trkpt>
			<trkpt lat="15.529866090909092" lon="-88.02089872727272">
				<ele>75.527275</ele>
				<extensions>
					<ns3:TrackPointExtension>
					</ns3:TrackPointExtension>
				</extensions>
			</trkpt>
			<trkpt lat="15.529787" lon="-88.02094">
				<ele>75.62</ele>
				<extensions>
					<ns3:TrackPointExtension>
					</ns3:TrackPointExtension>
				</extensions>
			</trkpt>
			<trkpt lat="15.5297113125" lon="-88.020979625">
				<ele>75.499374</ele>
				<extensions>
					<ns3:TrackPointExtension>
					</ns3:TrackPointExtension>
				</extensions>
			</trkpt>
			<trkpt lat="15.529635625000001" lon="-88.02101925">
				<ele>75.37875</ele>
				<extensions>
					<ns3:TrackPointExtension>
					</ns3:TrackPointExtension>
				</extensions>
			</trkpt>
			<trkpt lat="15.5295599375" lon="-88.021058875">
				<ele>75.258125</ele>
				<extensions>
					<ns3:TrackPointExtension>
					</ns3:TrackPointExtension>
				</extensions>
			</trkpt>
			<trkpt lat="15.52948425" lon="-88.0210985">
				<ele>75.1375</ele>
				<extensions>
					<ns3:TrackPointExtension>
					</ns3:TrackPointExtension>
				</extensions>
			</trkpt>
			<trkpt lat="15.5294085625" lon="-88.021138125">
				<ele>75.01688</ele>
				<extensions>
					<ns3:TrackPointExtension>
					</ns3:TrackPointExtension>
				</extensions>
			</trkpt>
			<trkpt lat="15.529332875" lon="-88.02117774999999">
				<ele>74.89625</ele>
				<extensions>
					<ns3:TrackPointExtension>
					</ns3:TrackPointExtension>
				</extensions>
			</trkpt>
			<trkpt lat="15.5292571875" lon="-88.02121737499999">
				<ele>74.77563</ele>
				<extensions>
					<ns3:TrackPointExtension>
					</ns3:TrackPointExtension>
				</extensions>
			</trkpt>
			<trkpt lat="15.5291815" lon="-88.02125699999999">
				<ele>74.655</ele>
				<extensions>
					<ns3:TrackPointExtension>
					</ns3:TrackPointExtension>
				</extensions>
			</trkpt>
			<trkpt lat="15.5291058125" lon="-88.021296625">
				<ele>74.53438</ele>
				<extensions>
					<ns3:TrackPointExtension>
					</ns3:TrackPointExtension>
				</extensions>
			</trkpt>
			<trkpt lat="15.529030125" lon="-88.02133625">
				<ele>74.41375</ele>
				<extensions>
					<ns3:TrackPointExtension>
					</ns3:TrackPointExtension>
				</extensions>
			</trkpt>
			<trkpt lat="15.5289544375" lon="-88.021375875">
				<ele>74.29312</ele>
				<extensions>
					<ns3:TrackPointExtension>
					</ns3:TrackPointExtension>
				</extensions>
			</trkpt>
			<trkpt lat="15.52887875" lon="-88.0214155">
				<ele>74.1725</ele>
				<extensions>
					<ns3:TrackPointExtension>
					</ns3:TrackPointExtension>
				</extensions>
			</trkpt>
			<trkpt lat="15.5288030625" lon="-88.021455125">
				<ele>74.05187</ele>
				<extensions>
					<ns3:TrackPointExtension>
					</ns3:TrackPointExtension>
				</extensions>
			</trkpt>
			<trkpt lat="15.528727374999999" lon="-88.02149475">
				<ele>73.93125</ele>
				<extensions>
					<ns3:TrackPointExtension>
					</ns3:TrackPointExtension>
				</extensions>
			</trkpt>
			<trkpt lat="15.5286516875" lon="-88.021534375">
				<ele>73.81062</ele>
				<extensions>
					<ns3:TrackPointExtension>
					</ns3:TrackPointExtension>
				</extensions>
			</trkpt>
			<trkpt lat="15.528576" lon="-88.021574">
				<ele>73.69</ele>
				<extensions>
					<ns3:TrackPointExtension>
					</ns3:TrackPointExtension>
				</extensions>
			</trkpt>
			<trkpt lat="15.52850725" lon="-88.02161000000001">
				<ele>73.8275</ele>
				<extensions>
					<ns3:TrackPointExtension>
					</ns3:TrackPointExtension>
				</extensions>
			</trkpt>
			<trkpt lat="15.5284385" lon="-88.021646">
				<ele>73.965</ele>
				<extensions>
					<ns3:TrackPointExtension>
					</ns3:TrackPointExtension>
				</extensions>
			</trkpt>
			<trkpt lat="15.52836975" lon="-88.021682">
				<ele>74.1025</ele>
				<extensions>
					<ns3:TrackPointExtension>
					</ns3:TrackPointExtension>
				</extensions>
			</trkpt>
			<trkpt lat="15.528301" lon="-88.021718">
				<ele>74.24</ele>
				<extensions>
					<ns3:TrackPointExtension>
					</ns3:TrackPointExtension>
				</extensions>
			</trkpt>
			<trkpt lat="15.5283" lon="-88.021768">
				<ele>74.29</ele>
				<extensions>
					<ns3:TrackPointExtension>
					</ns3:TrackPointExtension>
				</extensions>
			</trkpt>
			<trkpt lat="15.5282251" lon="-88.02180659999999">
				<ele>74.377</ele>
				<extensions>
					<ns3:TrackPointExtension>
					</ns3:TrackPointExtension>
				</extensions>
			</trkpt>
			<trkpt lat="15.5281502" lon="-88.0218452">
				<ele>74.464</ele>
				<extensions>
					<ns3:TrackPointExtension>
					</ns3:TrackPointExtension>
				</extensions>
			</trkpt>
			<trkpt lat="15.5280753" lon="-88.0218838">
				<ele>74.551</ele>
				<extensions>
					<ns3:TrackPointExtension>
					</ns3:TrackPointExtension>
				</extensions>
			</trkpt>
			<trkpt lat="15.5280004" lon="-88.0219224">
				<ele>74.638</ele>
				<extensions>
					<ns3:TrackPointExtension>
					</ns3:TrackPointExtension>
				</extensions>
			</trkpt>
			<trkpt lat="15.5279255" lon="-88.021961">
				<ele>74.725</ele>
				<extensions>
					<ns3:TrackPointExtension>
					</ns3:TrackPointExtension>
				</extensions>
			</trkpt>
			<trkpt lat="15.5278506" lon="-88.0219996">
				<ele>74.812</ele>
				<extensions>
					<ns3:TrackPointExtension>
					</ns3:TrackPointExtension>
				</extensions>
			</trkpt>
			<trkpt lat="15.527775700000001" lon="-88.0220382">
				<ele>74.899</ele>
				<extensions>
					<ns3:TrackPointExtension>
					</ns3:TrackPointExtension>
				</extensions>
			</trkpt>
			<trkpt lat="15.5277008" lon="-88.0220768">
				<ele>74.986</ele>
				<extensions>
					<ns3:TrackPointExtension>
					</ns3:TrackPointExtension>
				</extensions>
			</trkpt>
			<trkpt lat="15.5276259" lon="-88.0221154">
				<ele>75.073</ele>
				<extensions>
					<ns3:TrackPointExtension>
					</ns3:TrackPointExtension>
				</extensions>
			</trkpt>
			<trkpt lat="15.527551" lon="-88.022154">
				<ele>75.16</ele>
				<extensions>
					<ns3:TrackPointExtension>
					</ns3:TrackPointExtension>
				</extensions>
			</trkpt>
			<trkpt lat="15.527534" lon="-88.022113">
				<ele>75.58</ele>
				<extensions>
					<ns3:TrackPointExtension>
					</ns3:TrackPointExtension>
				</extensions>
			</trkpt>
			<trkpt lat="15.527459" lon="-88.02215083333334">
				<ele>75.71833</ele>
				<extensions>
					<ns3:TrackPointExtension>
					</ns3:TrackPointExtension>
				</extensions>
			</trkpt>
			<trkpt lat="15.527384" lon="-88.02218866666666">
				<ele>75.85667</ele>
				<extensions>
					<ns3:TrackPointExtension>
					</ns3:TrackPointExtension>
				</extensions>
			</trkpt>
			<trkpt lat="15.527308999999999" lon="-88.0222265">
				<ele>75.995</ele>
				<extensions>
					<ns3:TrackPointExtension>
					</ns3:TrackPointExtension>
				</extensions>
			</trkpt>
			<trkpt lat="15.527234" lon="-88.02226433333334">
				<ele>76.13333</ele>
				<extensions>
					<ns3:TrackPointExtension>
					</ns3:TrackPointExtension>
				</extensions>
			</trkpt>
			<trkpt lat="15.527159000000001" lon="-88.02230216666666">
				<ele>76.27167</ele>
				<extensions>
					<ns3:TrackPointExtension>
					</ns3:TrackPointExtension>
				</extensions>
			</trkpt>
			<trkpt lat="15.527084" lon="-88.02234">
				<ele>76.41</ele>
				<extensions>
					<ns3:TrackPointExtension>
					</ns3:TrackPointExtension>
				</extensions>
			</trkpt>
			<trkpt lat="15.527011777777778" lon="-88.02237666666667">
				<ele>76.42889</ele>
				<extensions>
					<ns3:TrackPointExtension>
					</ns3:TrackPointExtension>
				</extensions>
			</trkpt>
			<trkpt lat="15.526939555555556" lon="-88.02241333333333">
				<ele>76.44778</ele>
				<extensions>
					<ns3:TrackPointExtension>
					</ns3:TrackPointExtension>
				</extensions>
			</trkpt>
			<trkpt lat="15.526867333333334" lon="-88.02245">
				<ele>76.46667</ele>
				<extensions>
					<ns3:TrackPointExtension>
					</ns3:TrackPointExtension>
				</extensions>
			</trkpt>
			<trkpt lat="15.526795111111111" lon="-88.02248666666667">
				<ele>76.48556</ele>
				<extensions>
					<ns3:TrackPointExtension>
					</ns3:TrackPointExtension>
				</extensions>
			</trkpt>
			<trkpt lat="15.526722888888889" lon="-88.02252333333334">
				<ele>76.50445</ele>
				<extensions>
					<ns3:TrackPointExtension>
					</ns3:TrackPointExtension>
				</extensions>
			</trkpt>
			<trkpt lat="15.526650666666667" lon="-88.02256">
				<ele>76.52333</ele>
				<extensions>
					<ns3:TrackPointExtension>
					</ns3:TrackPointExtension>
				</extensions>
			</trkpt>
			<trkpt lat="15.526578444444445" lon="-88.02259666666667">
				<ele>76.54222</ele>
				<extensions>
					<ns3:TrackPointExtension>
					</ns3:TrackPointExtension>
				</extensions>
			</trkpt>
			<trkpt lat="15.526506222222222" lon="-88.02263333333333">
				<ele>76.56111</ele>
				<extensions>
					<ns3:TrackPointExtension>
					</ns3:TrackPointExtension>
				</extensions>
			</trkpt>
			<trkpt lat="15.526434" lon="-88.02267">
				<ele>76.58</ele>
				<extensions>
					<ns3:TrackPointExtension>
					</ns3:TrackPointExtension>
				</extensions>
			</trkpt>
			<trkpt lat="15.5263576" lon="-88.02270920000001">
				<ele>76.613335</ele>
				<extensions>
					<ns3:TrackPointExtension>
					</ns3:TrackPointExtension>
				</extensions>
			</trkpt>
			<trkpt lat="15.5262812" lon="-88.0227484">
				<ele>76.64667</ele>
				<extensions>
					<ns3:TrackPointExtension>
					</ns3:TrackPointExtension>
				</extensions>
			</trkpt>
			<trkpt lat="15.5262048" lon="-88.0227876">
				<ele>76.68</ele>
				<extensions>
					<ns3:TrackPointExtension>
					</ns3:TrackPointExtension>
				</extensions>
			</trkpt>
			<trkpt lat="15.5261284" lon="-88.0228268">
				<ele>76.71333</ele>
				<extensions>
					<ns3:TrackPointExtension>
					</ns3:TrackPointExtension>
				</extensions>
			</trkpt>
			<trkpt lat="15.526052" lon="-88.02286600000001">
				<ele>76.746666</ele>
				<extensions>
					<ns3:TrackPointExtension>
					</ns3:TrackPointExtension>
				</extensions>
			</trkpt>
			<trkpt lat="15.5259756" lon="-88.0229052">
				<ele>76.78</ele>
				<extensions>
					<ns3:TrackPointExtension>
					</ns3:TrackPointExtension>
				</extensions>
			</trkpt>
			<trkpt lat="15.5258992" lon="-88.0229444">
				<ele>76.81333</ele>
				<extensions>
					<ns3:TrackPointExtension>
					</ns3:TrackPointExtension>
				</extensions>
			</trkpt>
			<trkpt lat="15.5258228" lon="-88.0229836">
				<ele>76.846664</ele>
				<extensions>
					<ns3:TrackPointExtension>
					</ns3:TrackPointExtension>
				</extensions>
			</trkpt>
			<trkpt lat="15.5257464" lon="-88.0230228">
				<ele>76.88</ele>
				<extensions>
					<ns3:TrackPointExtension>
					</ns3:TrackPointExtension>
				</extensions>
			</trkpt>
			<trkpt lat="15.52567" lon="-88.023062">
				<ele>76.91333</ele>
				<extensions>
					<ns3:TrackPointExtension>
					</ns3:TrackPointExtension>
				</extensions>
			</trkpt>
			<trkpt lat="15.5255936" lon="-88.0231012">
				<ele>76.94666</ele>
				<extensions>
					<ns3:TrackPointExtension>
					</ns3:TrackPointExtension>
				</extensions>
			</trkpt>
			<trkpt lat="15.5255172" lon="-88.0231404">
				<ele>76.98</ele>
				<extensions>
					<ns3:TrackPointExtension>
					</ns3:TrackPointExtension>
				</extensions>
			</trkpt>
			<trkpt lat="15.5254408" lon="-88.0231796">
				<ele>77.013336</ele>
				<extensions>
					<ns3:TrackPointExtension>
					</ns3:TrackPointExtension>
				</extensions>
			</trkpt>
			<trkpt lat="15.525364399999999" lon="-88.0232188">
				<ele>77.04667</ele>
				<extensions>
					<ns3:TrackPointExtension>
					</ns3:TrackPointExtension>
				</extensions>
			</trkpt>
			<trkpt lat="15.525288" lon="-88.023258">
				<ele>77.08</ele>
				<extensions>
					<ns3:TrackPointExtension>
					</ns3:TrackPointExtension>
				</extensions>
			</trkpt>
			<trkpt lat="15.5252139" lon="-88.0232982">
				<ele>77.243</ele>
				<extensions>
					<ns3:TrackPointExtension>
					</ns3:TrackPointExtension>
				</extensions>
			</trkpt>
			<trkpt lat="15.5251398" lon="-88.0233384">
				<ele>77.406</ele>
				<extensions>
					<ns3:TrackPointExtension>
					</ns3:TrackPointExtension>
				</extensions>
			</trkpt>
			<trkpt lat="15.525065699999999" lon="-88.0233786">
				<ele>77.569</ele>
				<extensions>
					<ns3:TrackPointExtension>
					</ns3:TrackPointExtension>
				</extensions>
			</trkpt>
			<trkpt lat="15.5249916" lon="-88.0234188">
				<ele>77.732</ele>
				<extensions>
					<ns3:TrackPointExtension>
					</ns3:TrackPointExtension>
				</extensions>
			</trkpt>
			<trkpt lat="15.5249175" lon="-88.023459">
				<ele>77.895</ele>
				<extensions>
					<ns3:TrackPointExtension>
					</ns3:TrackPointExtension>
				</extensions>
			</trkpt>
			<trkpt lat="15.5248434" lon="-88.0234992">
				<ele>78.058</ele>
				<extensions>
					<ns3:TrackPointExtension>
					</ns3:TrackPointExtension>
				</extensions>
			</trkpt>
			<trkpt lat="15.524769299999999" lon="-88.0235394">
				<ele>78.221</ele>
				<extensions>
					<ns3:TrackPointExtension>
					</ns3:TrackPointExtension>
				</extensions>
			</trkpt>
			<trkpt lat="15.5246952" lon="-88.0235796">
				<ele>78.384</ele>
				<extensions>
					<ns3:TrackPointExtension>
					</ns3:TrackPointExtension>
				</extensions>
			</trkpt>
			<trkpt lat="15.524621100000001" lon="-88.0236198">
				<ele>78.547</ele>
				<extensions>
					<ns3:TrackPointExtension>
					</ns3:TrackPointExtension>
				</extensions>
			</trkpt>
			<trkpt lat="15.524547" lon="-88.02366">
				<ele>78.71</ele>
				<extensions>
					<ns3:TrackPointExtension>
					</ns3:TrackPointExtension>
				</extensions>
			</trkpt>
			<trkpt lat="15.524467818181819" lon="-88.02370172727274">
				<ele>78.807274</ele>
				<extensions>
					<ns3:TrackPointExtension>
					</ns3:TrackPointExtension>
				</extensions>
			</trkpt>
			<trkpt lat="15.524388636363636" lon="-88.02374345454545">
				<ele>78.90455</ele>
				<extensions>
					<ns3:TrackPointExtension>
					</ns3:TrackPointExtension>
				</extensions>
			</trkpt>
			<trkpt lat="15.524309454545454" lon="-88.02378518181818">
				<ele>79.001816</ele>
				<extensions>
					<ns3:TrackPointExtension>
					</ns3:TrackPointExtension>
				</extensions>
			</trkpt>
			<trkpt lat="15.524230272727273" lon="-88.02382690909091">
				<ele>79.09909</ele>
				<extensions>
					<ns3:TrackPointExtension>
					</ns3:TrackPointExtension>
				</extensions>
			</trkpt>
			<trkpt lat="15.524151090909092" lon="-88.02386863636364">
				<ele>79.196365</ele>
				<extensions>
					<ns3:TrackPointExtension>
					</ns3:TrackPointExtension>
				</extensions>
			</trkpt>
			<trkpt lat="15.524071909090909" lon="-88.02391036363636">
				<ele>79.29364</ele>
				<extensions>
					<ns3:TrackPointExtension>
					</ns3:TrackPointExtension>
				</extensions>
			</trkpt>
			<trkpt lat="15.523992727272727" lon="-88.02395209090909">
				<ele>79.39091</ele>
				<extensions>
					<ns3:TrackPointExtension>
					</ns3:TrackPointExtension>
				</extensions>
			</trkpt>
			<trkpt lat="15.523913545454546" lon="-88.02399381818182">
				<ele>79.48818</ele>
				<extensions>
					<ns3:TrackPointExtension>
					</ns3:TrackPointExtension>
				</extensions>
			</trkpt>
			<trkpt lat="15.523834363636364" lon="-88.02403554545455">
				<ele>79.58546</ele>
				<extensions>
					<ns3:TrackPointExtension>
					</ns3:TrackPointExtension>
				</extensions>
			</trkpt>
			<trkpt lat="15.523755181818181" lon="-88.02407727272727">
				<ele>79.682724</ele>
				<extensions>
					<ns3:TrackPointExtension>
					</ns3:TrackPointExtension>
				</extensions>
			</trkpt>
			<trkpt lat="15.523676" lon="-88.024119">
				<ele>79.78</ele>
				<extensions>
					<ns3:TrackPointExtension>
					</ns3:TrackPointExtension>
				</extensions>
			</trkpt>
			<trkpt lat="15.5235988" lon="-88.0241596">
				<ele>79.874</ele>
				<extensions>
					<ns3:TrackPointExtension>
					</ns3:TrackPointExtension>
				</extensions>
			</trkpt>
			<trkpt lat="15.5235216" lon="-88.0242002">
				<ele>79.968</ele>
				<extensions>
					<ns3:TrackPointExtension>
					</ns3:TrackPointExtension>
				</extensions>
			</trkpt>
			<trkpt lat="15.523444399999999" lon="-88.0242408">
				<ele>80.062</ele>
				<extensions>
					<ns3:TrackPointExtension>
					</ns3:TrackPointExtension>
				</extensions>
			</trkpt>
			<trkpt lat="15.5233672" lon="-88.02428139999999">
				<ele>80.156</ele>
				<extensions>
					<ns3:TrackPointExtension>
					</ns3:TrackPointExtension>
				</extensions>
			</trkpt>
			<trkpt lat="15.52329" lon="-88.024322">
				<ele>80.25</ele>
				<extensions>
					<ns3:TrackPointExtension>
					</ns3:TrackPointExtension>
				</extensions>
			</trkpt>
			<trkpt lat="15.5232212" lon="-88.024353">
				<ele>79.778</ele>
				<extensions>
					<ns3:TrackPointExtension>
					</ns3:TrackPointExtension>
				</extensions>
			</trkpt>
			<trkpt lat="15.523152399999999" lon="-88.024384">
				<ele>79.306</ele>
				<extensions>
					<ns3:TrackPointExtension>
					</ns3:TrackPointExtension>
				</extensions>
			</trkpt>
			<trkpt lat="15.5230836" lon="-88.024415">
				<ele>78.834</ele>
				<extensions>
					<ns3:TrackPointExtension>
					</ns3:TrackPointExtension>
				</extensions>
			</trkpt>
			<trkpt lat="15.523014799999999" lon="-88.024446">
				<ele>78.362</ele>
				<extensions>
					<ns3:TrackPointExtension>
					</ns3:TrackPointExtension>
				</extensions>
			</trkpt>
			<trkpt lat="15.522946" lon="-88.024477">
				<ele>77.89</ele>
				<extensions>
					<ns3:TrackPointExtension>
					</ns3:TrackPointExtension>
				</extensions>
			</trkpt>
			<trkpt lat="15.522868249999998" lon="-88.0245075">
				<ele>77.6675</ele>
				<extensions>
					<ns3:TrackPointExtension>
					</ns3:TrackPointExtension>
				</extensions>
			</trkpt>
			<trkpt lat="15.5227905" lon="-88.024538">
				<ele>77.445</ele>
				<extensions>
					<ns3:TrackPointExtension>
					</ns3:TrackPointExtension>
				</extensions>
			</trkpt>
			<trkpt lat="15.52271275" lon="-88.0245685">
				<ele>77.2225</ele>
				<extensions>
					<ns3:TrackPointExtension>
					</ns3:TrackPointExtension>
				</extensions>
			</trkpt>
			<trkpt lat="15.522635" lon="-88.024599">
				<ele>77.0</ele>
				<extensions>
					<ns3:TrackPointExtension>
					</ns3:TrackPointExtension>
				</extensions>
			</trkpt>
			<trkpt lat="15.522552222222222" lon="-88.02462944444444">
				<ele>77.42555</ele>
				<extensions>
					<ns3:TrackPointExtension>
					</ns3:TrackPointExtension>
				</extensions>
			</trkpt>
			<trkpt lat="15.522469444444445" lon="-88.02465988888889">
				<ele>77.85111</ele>
				<extensions>
					<ns3:TrackPointExtension>
					</ns3:TrackPointExtension>
				</extensions>
			</trkpt>
			<trkpt lat="15.522386666666666" lon="-88.02469033333333">
				<ele>78.276665</ele>
				<extensions>
					<ns3:TrackPointExtension>
					</ns3:TrackPointExtension>
				</extensions>
			</trkpt>
			<trkpt lat="15.522303888888889" lon="-88.02472077777777">
				<ele>78.702225</ele>
				<extensions>
					<ns3:TrackPointExtension>
					</ns3:TrackPointExtension>
				</extensions>
			</trkpt>
			<trkpt lat="15.522221111111111" lon="-88.02475122222222">
				<ele>79.12778</ele>
				<extensions>
					<ns3:TrackPointExtension>
					</ns3:TrackPointExtension>
				</extensions>
			</trkpt>
			<trkpt lat="15.522138333333334" lon="-88.02478166666667">
				<ele>79.55334</ele>
				<extensions>
					<ns3:TrackPointExtension>
					</ns3:TrackPointExtension>
				</extensions>
			</trkpt>
			<trkpt lat="15.522055555555555" lon="-88.0248121111111">
				<ele>79.97889</ele>
				<extensions>
					<ns3:TrackPointExtension>
					</ns3:TrackPointExtension>
				</extensions>
			</trkpt>
			<trkpt lat="15.521972777777778" lon="-88.02484255555555">
				<ele>80.40444</ele>
				<extensions>
					<ns3:TrackPointExtension>
					</ns3:TrackPointExtension>
				</extensions>
			</trkpt>
			<trkpt lat="15.52189" lon="-88.024873">
				<ele>80.83</ele>
				<extensions>
					<ns3:TrackPointExtension>
					</ns3:TrackPointExtension>
				</extensions>
			</trkpt>
			<trkpt lat="15.5218054" lon="-88.0249008">
				<ele>80.894</ele>
				<extensions>
					<ns3:TrackPointExtension>
					</ns3:TrackPointExtension>
				</extensions>
			</trkpt>
			<trkpt lat="15.5217208" lon="-88.0249286">
				<ele>80.958</ele>
				<extensions>
					<ns3:TrackPointExtension>
					</ns3:TrackPointExtension>
				</extensions>
			</trkpt>
			<trkpt lat="15.5216362" lon="-88.02495640000001">
				<ele>81.022</ele>
				<extensions>
					<ns3:TrackPointExtension>
					</ns3:TrackPointExtension>
				</extensions>
			</trkpt>
			<trkpt lat="15.5215516" lon="-88.0249842">
				<ele>81.086</ele>
				<extensions>
					<ns3:TrackPointExtension>
					</ns3:TrackPointExtension>
				</extensions>
			</trkpt>
			<trkpt lat="15.521467" lon="-88.025012">
				<ele>81.15</ele>
				<extensions>
					<ns3:TrackPointExtension>
					</ns3:TrackPointExtension>
				</extensions>
			</trkpt>
			<trkpt lat="15.521380666666666" lon="-88.02503466666667">
				<ele>81.11833</ele>
				<extensions>
					<ns3:TrackPointExtension>
					</ns3:TrackPointExtension>
				</extensions>
			</trkpt>
			<trkpt lat="15.521294333333334" lon="-88.02505733333334">
				<ele>81.08667</ele>
				<extensions>
					<ns3:TrackPointExtension>
					</ns3:TrackPointExtension>
				</extensions>
			</trkpt>
			<trkpt lat="15.521208" lon="-88.02508">
				<ele>81.055</ele>
				<extensions>
					<ns3:TrackPointExtension>
					</ns3:TrackPointExtension>
				</extensions>
			</trkpt>
			<trkpt lat="15.521121666666666" lon="-88.02510266666667">
				<ele>81.02333</ele>
				<extensions>
					<ns3:TrackPointExtension>
					</ns3:TrackPointExtension>
				</extensions>
			</trkpt>
			<trkpt lat="15.521035333333334" lon="-88.02512533333334">
				<ele>80.99167</ele>
				<extensions>
					<ns3:TrackPointExtension>
					</ns3:TrackPointExtension>
				</extensions>
			</trkpt>
			<trkpt lat="15.520949" lon="-88.025148">
				<ele>80.96</ele>
				<extensions>
					<ns3:TrackPointExtension>
					</ns3:TrackPointExtension>
				</extensions>
			</trkpt>
			<trkpt lat="15.52086325" lon="-88.02516575">
				<ele>80.965</ele>
				<extensions>
					<ns3:TrackPointExtension>
					</ns3:TrackPointExtension>
				</extensions>
			</trkpt>
			<trkpt lat="15.520777500000001" lon="-88.0251835">
				<ele>80.97</ele>
				<extensions>
					<ns3:TrackPointExtension>
					</ns3:TrackPointExtension>
				</extensions>
			</trkpt>
			<trkpt lat="15.520691750000001" lon="-88.02520125000001">
				<ele>80.975</ele>
				<extensions>
					<ns3:TrackPointExtension>
					</ns3:TrackPointExtension>
				</extensions>
			</trkpt>
			<trkpt lat="15.520606" lon="-88.025219">
				<ele>80.98</ele>
				<extensions>
					<ns3:TrackPointExtension>
					</ns3:TrackPointExtension>
				</extensions>
			</trkpt>
			<trkpt lat="15.520536750000002" lon="-88.02523325000001">
				<ele>80.985</ele>
				<extensions>
					<ns3:TrackPointExtension>
					</ns3:TrackPointExtension>
				</extensions>
			</trkpt>
			<trkpt lat="15.5204675" lon="-88.0252475">
				<ele>80.99</ele>
				<extensions>
					<ns3:TrackPointExtension>
					</ns3:TrackPointExtension>
				</extensions>
			</trkpt>
			<trkpt lat="15.52039825" lon="-88.02526175">
				<ele>80.995</ele>
				<extensions>
					<ns3:TrackPointExtension>
					</ns3:TrackPointExtension>
				</extensions>
			</trkpt>
			<trkpt lat="15.520329" lon="-88.025276">
				<ele>81.0</ele>
				<extensions>
					<ns3:TrackPointExtension>
					</ns3:TrackPointExtension>
				</extensions>
			</trkpt>
			<trkpt lat="15.5202495" lon="-88.0252885">
				<ele>81.005</ele>
				<extensions>
					<ns3:TrackPointExtension>
					</ns3:TrackPointExtension>
				</extensions>
			</trkpt>
			<trkpt lat="15.52017" lon="-88.025301">
				<ele>81.01</ele>
				<extensions>
					<ns3:TrackPointExtension>
					</ns3:TrackPointExtension>
				</extensions>
			</trkpt>
			<trkpt lat="15.520088300000001" lon="-88.0253093">
				<ele>81.146</ele>
				<extensions>
					<ns3:TrackPointExtension>
					</ns3:TrackPointExtension>
				</extensions>
			</trkpt>
			<trkpt lat="15.5200066" lon="-88.0253176">
				<ele>81.282</ele>
				<extensions>
					<ns3:TrackPointExtension>
					</ns3:TrackPointExtension>
				</extensions>
			</trkpt>
			<trkpt lat="15.5199249" lon="-88.0253259">
				<ele>81.418</ele>
				<extensions>
					<ns3:TrackPointExtension>
					</ns3:TrackPointExtension>
				</extensions>
			</trkpt>
			<trkpt lat="15.5198432" lon="-88.0253342">
				<ele>81.554</ele>
				<extensions>
					<ns3:TrackPointExtension>
					</ns3:TrackPointExtension>
				</extensions>
			</trkpt>
			<trkpt lat="15.519761500000001" lon="-88.0253425">
				<ele>81.69</ele>
				<extensions>
					<ns3:TrackPointExtension>
					</ns3:TrackPointExtension>
				</extensions>
			</trkpt>
			<trkpt lat="15.5196798" lon="-88.0253508">
				<ele>81.826</ele>
				<extensions>
					<ns3:TrackPointExtension>
					</ns3:TrackPointExtension>
				</extensions>
			</trkpt>
			<trkpt lat="15.5195981" lon="-88.0253591">
				<ele>81.962</ele>
				<extensions>
					<ns3:TrackPointExtension>
					</ns3:TrackPointExtension>
				</extensions>
			</trkpt>
			<trkpt lat="15.5195164" lon="-88.02536740000001">
				<ele>82.098</ele>
				<extensions>
					<ns3:TrackPointExtension>
					</ns3:TrackPointExtension>
				</extensions>
			</trkpt>
			<trkpt lat="15.519434700000001" lon="-88.0253757">
				<ele>82.234</ele>
				<extensions>
					<ns3:TrackPointExtension>
					</ns3:TrackPointExtension>
				</extensions>
			</trkpt>
			<trkpt lat="15.519353" lon="-88.025384">
				<ele>82.37</ele>
				<extensions>
					<ns3:TrackPointExtension>
					</ns3:TrackPointExtension>
				</extensions>
			</trkpt>
			<trkpt lat="15.519272666666668" lon="-88.0253935">
				<ele>82.308334</ele>
				<extensions>
					<ns3:TrackPointExtension>
					</ns3:TrackPointExtension>
				</extensions>
			</trkpt>
			<trkpt lat="15.519192333333335" lon="-88.025403">
				<ele>82.246666</ele>
				<extensions>
					<ns3:TrackPointExtension>
					</ns3:TrackPointExtension>
				</extensions>
			</trkpt>
			<trkpt lat="15.519112" lon="-88.0254125">
				<ele>82.185</ele>
				<extensions>
					<ns3:TrackPointExtension>
					</ns3:TrackPointExtension>
				</extensions>
			</trkpt>
			<trkpt lat="15.519031666666667" lon="-88.025422">
				<ele>82.12334</ele>
				<extensions>
					<ns3:TrackPointExtension>
					</ns3:TrackPointExtension>
				</extensions>
			</trkpt>
			<trkpt lat="15.518951333333334" lon="-88.0254315">
				<ele>82.06167</ele>
				<extensions>
					<ns3:TrackPointExtension>
					</ns3:TrackPointExtension>
				</extensions>
			</trkpt>
			<trkpt lat="15.518871" lon="-88.025441">
				<ele>82.0</ele>
				<extensions>
					<ns3:TrackPointExtension>
					</ns3:TrackPointExtension>
				</extensions>
			</trkpt>
			<trkpt lat="15.518788" lon="-88.02546050000001">
				<ele>82.04</ele>
				<extensions>
					<ns3:TrackPointExtension>
					</ns3:TrackPointExtension>
				</extensions>
			</trkpt>
			<trkpt lat="15.518705" lon="-88.02548">
				<ele>82.08</ele>
				<extensions>
					<ns3:TrackPointExtension>
					</ns3:TrackPointExtension>
				</extensions>
			</trkpt>
			<trkpt lat="15.518658" lon="-88.025499">
				<ele>82.17</ele>
				<extensions>
					<ns3:TrackPointExtension>
					</ns3:TrackPointExtension>
				</extensions>
			</trkpt>
			<trkpt lat="15.518666" lon="-88.025547">
				<ele>82.37</ele>
				<extensions>
					<ns3:TrackPointExtension>
					</ns3:TrackPointExtension>
				</extensions>
			</trkpt>
			<trkpt lat="15.518623999999999" lon="-88.025578">
				<ele>82.34</ele>
				<extensions>
					<ns3:TrackPointExtension>
					</ns3:TrackPointExtension>
				</extensions>
			</trkpt>
			<trkpt lat="15.518582" lon="-88.025609">
				<ele>82.31</ele>
				<extensions>
					<ns3:TrackPointExtension>
					</ns3:TrackPointExtension>
				</extensions>
			</trkpt>
			<trkpt lat="15.5185425" lon="-88.0256485">
				<ele>82.245</ele>
				<extensions>
					<ns3:TrackPointExtension>
					</ns3:TrackPointExtension>
				</extensions>
			</trkpt>
			<trkpt lat="15.518503" lon="-88.025688">
				<ele>82.18</ele>
				<extensions>
					<ns3:TrackPointExtension>
					</ns3:TrackPointExtension>
				</extensions>
			</trkpt>
			<trkpt lat="15.518472" lon="-88.0257325">
				<ele>82.095</ele>
				<extensions>
					<ns3:TrackPointExtension>
					</ns3:TrackPointExtension>
				</extensions>
			</trkpt>
			<trkpt lat="15.518441" lon="-88.025777">
				<ele>82.01</ele>
				<extensions>
					<ns3:TrackPointExtension>
					</ns3:TrackPointExtension>
				</extensions>
			</trkpt>
			<trkpt lat="15.518388" lon="-88.025748">
				<ele>82.0</ele>
				<extensions>
					<ns3:TrackPointExtension>
					</ns3:TrackPointExtension>
				</extensions>
			</trkpt>
			<trkpt lat="15.518371333333333" lon="-88.02581066666666">
				<ele>82.223335</ele>
				<extensions>
					<ns3:TrackPointExtension>
					</ns3:TrackPointExtension>
				</extensions>
			</trkpt>
			<trkpt lat="15.518354666666667" lon="-88.02587333333334">
				<ele>82.44666</ele>
				<extensions>
					<ns3:TrackPointExtension>
					</ns3:TrackPointExtension>
				</extensions>
			</trkpt>
			<trkpt lat="15.518338" lon="-88.025936">
				<ele>82.67</ele>
				<extensions>
					<ns3:TrackPointExtension>
					</ns3:TrackPointExtension>
				</extensions>
			</trkpt>
			<trkpt lat="15.518334" lon="-88.025977">
				<ele>82.8</ele>
				<extensions>
					<ns3:TrackPointExtension>
					</ns3:TrackPointExtension>
				</extensions>
			</trkpt>
			<trkpt lat="15.518328" lon="-88.026048">
				<ele>83.04</ele>
				<extensions>
					<ns3:TrackPointExtension>
					</ns3:TrackPointExtension>
				</extensions>
			</trkpt>
			<trkpt lat="15.518332000000001" lon="-88.0261185">
				<ele>83.28</ele>
				<extensions>
					<ns3:TrackPointExtension>
					</ns3:TrackPointExtension>
				</extensions>
			</trkpt>
			<trkpt lat="15.518336000000001" lon="-88.026189">
				<ele>83.52</ele>
				<extensions>
					<ns3:TrackPointExtension>
					</ns3:TrackPointExtension>
				</extensions>
			</trkpt>
			<trkpt lat="15.51834" lon="-88.02625950000001">
				<ele>83.76</ele>
				<extensions>
					<ns3:TrackPointExtension>
					</ns3:TrackPointExtension>
				</extensions>
			</trkpt>
			<trkpt lat="15.518344" lon="-88.02633">
				<ele>84.0</ele>
				<extensions>
					<ns3:TrackPointExtension>
					</ns3:TrackPointExtension>
				</extensions>
			</trkpt>
			<trkpt lat="15.5183514" lon="-88.026409">
				<ele>84.182</ele>
				<extensions>
					<ns3:TrackPointExtension>
					</ns3:TrackPointExtension>
				</extensions>
			</trkpt>
			<trkpt lat="15.5183588" lon="-88.026488">
				<ele>84.364</ele>
				<extensions>
					<ns3:TrackPointExtension>
					</ns3:TrackPointExtension>
				</extensions>
			</trkpt>
			<trkpt lat="15.5183662" lon="-88.026567">
				<ele>84.546</ele>
				<extensions>
					<ns3:TrackPointExtension>
					</ns3:TrackPointExtension>
				</extensions>
			</trkpt>
			<trkpt lat="15.5183736" lon="-88.026646">
				<ele>84.728</ele>
				<extensions>
					<ns3:TrackPointExtension>
					</ns3:TrackPointExtension>
				</extensions>
			</trkpt>
			<trkpt lat="15.518381" lon="-88.026725">
				<ele>84.91</ele>
				<extensions>
					<ns3:TrackPointExtension>
					</ns3:TrackPointExtension>
				</extensions>
			</trkpt>
			<trkpt lat="15.518388181818182" lon="-88.026815">
				<ele>85.01363</ele>
				<extensions>
					<ns3:TrackPointExtension>
					</ns3:TrackPointExtension>
				</extensions>
			</trkpt>
			<trkpt lat="15.518395363636364" lon="-88.026905">
				<ele>85.11727</ele>
				<extensions>
					<ns3:TrackPointExtension>
					</ns3:TrackPointExtension>
				</extensions>
			</trkpt>
			<trkpt lat="15.518402545454546" lon="-88.026995">
				<ele>85.22091</ele>
				<extensions>
					<ns3:TrackPointExtension>
					</ns3:TrackPointExtension>
				</extensions>
			</trkpt>
			<trkpt lat="15.518409727272727" lon="-88.027085">
				<ele>85.32455</ele>
				<extensions>
					<ns3:TrackPointExtension>
					</ns3:TrackPointExtension>
				</extensions>
			</trkpt>
			<trkpt lat="15.51841690909091" lon="-88.027175">
				<ele>85.428185</ele>
				<extensions>
					<ns3:TrackPointExtension>
					</ns3:TrackPointExtension>
				</extensions>
			</trkpt>
			<trkpt lat="15.51842409090909" lon="-88.027265">
				<ele>85.531815</ele>
				<extensions>
					<ns3:TrackPointExtension>
					</ns3:TrackPointExtension>
				</extensions>
			</trkpt>
			<trkpt lat="15.518431272727272" lon="-88.027355">
				<ele>85.63545</ele>
				<extensions>
					<ns3:TrackPointExtension>
					</ns3:TrackPointExtension>
				</extensions>
			</trkpt>
			<trkpt lat="15.518438454545453" lon="-88.027445">
				<ele>85.73909</ele>
				<extensions>
					<ns3:TrackPointExtension>
					</ns3:TrackPointExtension>
				</extensions>
			</trkpt>
			<trkpt lat="15.518445636363635" lon="-88.027535">
				<ele>85.84273</ele>
				<extensions>
					<ns3:TrackPointExtension>
					</ns3:TrackPointExtension>
				</extensions>
			</trkpt>
			<trkpt lat="15.518452818181817" lon="-88.027625">
				<ele>85.946365</ele>
				<extensions>
					<ns3:TrackPointExtension>
					</ns3:TrackPointExtension>
				</extensions>
			</trkpt>
			<trkpt lat="15.51846" lon="-88.027715">
				<ele>86.05</ele>
				<extensions>
					<ns3:TrackPointExtension>
					</ns3:TrackPointExtension>
				</extensions>
			</trkpt>
			<trkpt lat="15.518462" lon="-88.02778066666667">
				<ele>86.22</ele>
				<extensions>
					<ns3:TrackPointExtension>
					</ns3:TrackPointExtension>
				</extensions>
			</trkpt>
			<trkpt lat="15.518464" lon="-88.02784633333333">
				<ele>86.39</ele>
				<extensions>
					<ns3:TrackPointExtension>
					</ns3:TrackPointExtension>
				</extensions>
			</trkpt>
			<trkpt lat="15.518466" lon="-88.027912">
				<ele>86.56</ele>
				<extensions>
					<ns3:TrackPointExtension>
					</ns3:TrackPointExtension>
				</extensions>
			</trkpt>
			<trkpt lat="15.518468" lon="-88.0279735">
				<ele>86.725</ele>
				<extensions>
					<ns3:TrackPointExtension>
					</ns3:TrackPointExtension>
				</extensions>
			</trkpt>
			<trkpt lat="15.51847" lon="-88.028035">
				<ele>86.89</ele>
				<extensions>
					<ns3:TrackPointExtension>
					</ns3:TrackPointExtension>
				</extensions>
			</trkpt>
			<trkpt lat="15.518459714285715" lon="-88.02812285714286">
				<ele>87.108574</ele>
				<extensions>
					<ns3:TrackPointExtension>
					</ns3:TrackPointExtension>
				</extensions>
			</trkpt>
			<trkpt lat="15.51844942857143" lon="-88.02821071428572">
				<ele>87.32714</ele>
				<extensions>
					<ns3:TrackPointExtension>
					</ns3:TrackPointExtension>
				</extensions>
			</trkpt>
			<trkpt lat="15.518439142857144" lon="-88.02829857142858">
				<ele>87.545715</ele>
				<extensions>
					<ns3:TrackPointExtension>
					</ns3:TrackPointExtension>
				</extensions>
			</trkpt>
			<trkpt lat="15.518428857142856" lon="-88.02838642857142">
				<ele>87.76428</ele>
				<extensions>
					<ns3:TrackPointExtension>
					</ns3:TrackPointExtension>
				</extensions>
			</trkpt>
			<trkpt lat="15.51841857142857" lon="-88.02847428571428">
				<ele>87.98286</ele>
				<extensions>
					<ns3:TrackPointExtension>
					</ns3:TrackPointExtension>
				</extensions>
			</trkpt>
			<trkpt lat="15.518408285714285" lon="-88.02856214285714">
				<ele>88.20143</ele>
				<extensions>
					<ns3:TrackPointExtension>
					</ns3:TrackPointExtension>
				</extensions>
			</trkpt>
			<trkpt lat="15.518398" lon="-88.02865">
				<ele>88.42</ele>
				<extensions>
					<ns3:TrackPointExtension>
					</ns3:TrackPointExtension>
				</extensions>
			</trkpt>
			<trkpt lat="15.51838275" lon="-88.02871875">
				<ele>88.52</ele>
				<extensions>
					<ns3:TrackPointExtension>
					</ns3:TrackPointExtension>
				</extensions>
			</trkpt>
			<trkpt lat="15.5183675" lon="-88.02878749999999">
				<ele>88.62</ele>
				<extensions>
					<ns3:TrackPointExtension>
					</ns3:TrackPointExtension>
				</extensions>
			</trkpt>
			<trkpt lat="15.51835225" lon="-88.02885625">
				<ele>88.72</ele>
				<extensions>
					<ns3:TrackPointExtension>
					</ns3:TrackPointExtension>
				</extensions>
			</trkpt>
			<trkpt lat="15.518337" lon="-88.028925">
				<ele>88.82</ele>
				<extensions>
					<ns3:TrackPointExtension>
					</ns3:TrackPointExtension>
				</extensions>
			</trkpt>
			<trkpt lat="15.51832" lon="-88.028998">
				<ele>88.93</ele>
				<extensions>
					<ns3:TrackPointExtension>
					</ns3:TrackPointExtension>
				</extensions>
			</trkpt>
			<trkpt lat="15.518290142857142" lon="-88.02907271428572">
				<ele>88.99571</ele>
				<extensions>
					<ns3:TrackPointExtension>
					</ns3:TrackPointExtension>
				</extensions>
			</trkpt>
			<trkpt lat="15.518260285714286" lon="-88.02914742857143">
				<ele>89.06143</ele>
				<extensions>
					<ns3:TrackPointExtension>
					</ns3:TrackPointExtension>
				</extensions>
			</trkpt>
			<trkpt lat="15.518230428571428" lon="-88.02922214285715">
				<ele>89.127144</ele>
				<extensions>
					<ns3:TrackPointExtension>
					</ns3:TrackPointExtension>
				</extensions>
			</trkpt>
			<trkpt lat="15.51820057142857" lon="-88.02929685714285">
				<ele>89.192856</ele>
				<extensions>
					<ns3:TrackPointExtension>
					</ns3:TrackPointExtension>
				</extensions>
			</trkpt>
			<trkpt lat="15.518170714285713" lon="-88.02937157142857">
				<ele>89.25857</ele>
				<extensions>
					<ns3:TrackPointExtension>
					</ns3:TrackPointExtension>
				</extensions>
			</trkpt>
			<trkpt lat="15.518140857142857" lon="-88.02944628571429">
				<ele>89.32429</ele>
				<extensions>
					<ns3:TrackPointExtension>
					</ns3:TrackPointExtension>
				</extensions>
			</trkpt>
			<trkpt lat="15.518111" lon="-88.029521">
				<ele>89.39</ele>
				<extensions>
					<ns3:TrackPointExtension>
					</ns3:TrackPointExtension>
				</extensions>
			</trkpt>
			<trkpt lat="15.51806957142857" lon="-88.02959514285715">
				<ele>89.55857</ele>
				<extensions>
					<ns3:TrackPointExtension>
					</ns3:TrackPointExtension>
				</extensions>
			</trkpt>
			<trkpt lat="15.518028142857142" lon="-88.02966928571429">
				<ele>89.72714</ele>
				<extensions>
					<ns3:TrackPointExtension>
					</ns3:TrackPointExtension>
				</extensions>
			</trkpt>
			<trkpt lat="15.517986714285714" lon="-88.02974342857144">
				<ele>89.89571</ele>
				<extensions>
					<ns3:TrackPointExtension>
					</ns3:TrackPointExtension>
				</extensions>
			</trkpt>
			<trkpt lat="15.517945285714285" lon="-88.02981757142857">
				<ele>90.064285</ele>
				<extensions>
					<ns3:TrackPointExtension>
					</ns3:TrackPointExtension>
				</extensions>
			</trkpt>
			<trkpt lat="15.517903857142857" lon="-88.02989171428571">
				<ele>90.23286</ele>
				<extensions>
					<ns3:TrackPointExtension>
					</ns3:TrackPointExtension>
				</extensions>
			</trkpt>
			<trkpt lat="15.517862428571428" lon="-88.02996585714286">
				<ele>90.40143</ele>
				<extensions>
					<ns3:TrackPointExtension>
					</ns3:TrackPointExtension>
				</extensions>
			</trkpt>
			<trkpt lat="15.517821" lon="-88.03004">
				<ele>90.57</ele>
				<extensions>
					<ns3:TrackPointExtension>
					</ns3:TrackPointExtension>
				</extensions>
			</trkpt>
			<trkpt lat="15.517766" lon="-88.03010166666667">
				<ele>90.89333</ele>
				<extensions>
					<ns3:TrackPointExtension>
					</ns3:TrackPointExtension>
				</extensions>
			</trkpt>
			<trkpt lat="15.517711" lon="-88.03016333333333">
				<ele>91.21667</ele>
				<extensions>
					<ns3:TrackPointExtension>
					</ns3:TrackPointExtension>
				</extensions>
			</trkpt>
			<trkpt lat="15.517656" lon="-88.030225">
				<ele>91.54</ele>
				<extensions>
					<ns3:TrackPointExtension>
					</ns3:TrackPointExtension>
				</extensions>
			</trkpt>
			<trkpt lat="15.5176012" lon="-88.0302862">
				<ele>91.864</ele>
				<extensions>
					<ns3:TrackPointExtension>
					</ns3:TrackPointExtension>
				</extensions>
			</trkpt>
			<trkpt lat="15.5175464" lon="-88.0303474">
				<ele>92.188</ele>
				<extensions>
					<ns3:TrackPointExtension>
					</ns3:TrackPointExtension>
				</extensions>
			</trkpt>
			<trkpt lat="15.5174916" lon="-88.0304086">
				<ele>92.512</ele>
				<extensions>
					<ns3:TrackPointExtension>
					</ns3:TrackPointExtension>
				</extensions>
			</trkpt>
			<trkpt lat="15.5174368" lon="-88.03046979999999">
				<ele>92.836</ele>
				<extensions>
					<ns3:TrackPointExtension>
					</ns3:TrackPointExtension>
				</extensions>
			</trkpt>
			<trkpt lat="15.517382" lon="-88.030531">
				<ele>93.16</ele>
				<extensions>
					<ns3:TrackPointExtension>
					</ns3:TrackPointExtension>
				</extensions>
			</trkpt>
			<trkpt lat="15.5173142" lon="-88.0305848">
				<ele>93.282</ele>
				<extensions>
					<ns3:TrackPointExtension>
					</ns3:TrackPointExtension>
				</extensions>
			</trkpt>
			<trkpt lat="15.5172464" lon="-88.0306386">
				<ele>93.404</ele>
				<extensions>
					<ns3:TrackPointExtension>
					</ns3:TrackPointExtension>
				</extensions>
			</trkpt>
			<trkpt lat="15.5171786" lon="-88.03069239999999">
				<ele>93.526</ele>
				<extensions>
					<ns3:TrackPointExtension>
					</ns3:TrackPointExtension>
				</extensions>
			</trkpt>
			<trkpt lat="15.5171108" lon="-88.0307462">
				<ele>93.648</ele>
				<extensions>
					<ns3:TrackPointExtension>
					</ns3:TrackPointExtension>
				</extensions>
			</trkpt>
			<trkpt lat="15.517043" lon="-88.0308">
				<ele>93.77</ele>
				<extensions>
					<ns3:TrackPointExtension>
					</ns3:TrackPointExtension>
				</extensions>
			</trkpt>
			<trkpt lat="15.516981999999999" lon="-88.03084033333333">
				<ele>93.81</ele>
				<extensions>
					<ns3:TrackPointExtension>
					</ns3:TrackPointExtension>
				</extensions>
			</trkpt>
			<trkpt lat="15.516921" lon="-88.03088066666668">
				<ele>93.85</ele>
				<extensions>
					<ns3:TrackPointExtension>
					</ns3:TrackPointExtension>
				</extensions>
			</trkpt>
			<trkpt lat="15.51686" lon="-88.030921">
				<ele>93.89</ele>
				<extensions>
					<ns3:TrackPointExtension>
					</ns3:TrackPointExtension>
				</extensions>
			</trkpt>
			<trkpt lat="15.51678475" lon="-88.030957">
				<ele>94.71</ele>
				<extensions>
					<ns3:TrackPointExtension>
					</ns3:TrackPointExtension>
				</extensions>
			</trkpt>
			<trkpt lat="15.516709500000001" lon="-88.030993">
				<ele>95.53</ele>
				<extensions>
					<ns3:TrackPointExtension>
					</ns3:TrackPointExtension>
				</extensions>
			</trkpt>
			<trkpt lat="15.516634250000001" lon="-88.031029">
				<ele>96.35</ele>
				<extensions>
					<ns3:TrackPointExtension>
					</ns3:TrackPointExtension>
				</extensions>
			</trkpt>
			<trkpt lat="15.516559" lon="-88.031065">
				<ele>97.17</ele>
				<extensions>
					<ns3:TrackPointExtension>
					</ns3:TrackPointExtension>
				</extensions>
			</trkpt>
			<trkpt lat="15.516514" lon="-88.031079">
				<ele>97.87</ele>
				<extensions>
					<ns3:TrackPointExtension>
					</ns3:TrackPointExtension>
				</extensions>
			</trkpt>
			<trkpt lat="15.516469" lon="-88.031093">
				<ele>98.57</ele>
				<extensions>
					<ns3:TrackPointExtension>
					</ns3:TrackPointExtension>
				</extensions>
			</trkpt>
			<trkpt lat="15.516388666666668" lon="-88.031125">
				<ele>98.61667</ele>
				<extensions>
					<ns3:TrackPointExtension>
					</ns3:TrackPointExtension>
				</extensions>
			</trkpt>
			<trkpt lat="15.516308333333333" lon="-88.031157">
				<ele>98.66333</ele>
				<extensions>
					<ns3:TrackPointExtension>
					</ns3:TrackPointExtension>
				</extensions>
			</trkpt>
			<trkpt lat="15.516228" lon="-88.031189">
				<ele>98.71</ele>
				<extensions>
					<ns3:TrackPointExtension>
					</ns3:TrackPointExtension>
				</extensions>
			</trkpt>
			<trkpt lat="15.516162" lon="-88.03123225">
				<ele>98.405</ele>
				<extensions>
					<ns3:TrackPointExtension>
					</ns3:TrackPointExtension>
				</extensions>
			</trkpt>
			<trkpt lat="15.516096000000001" lon="-88.03127549999999">
				<ele>98.1</ele>
				<extensions>
					<ns3:TrackPointExtension>
					</ns3:TrackPointExtension>
				</extensions>
			</trkpt>
			<trkpt lat="15.51603" lon="-88.03131875">
				<ele>97.795</ele>
				<extensions>
					<ns3:TrackPointExtension>
					</ns3:TrackPointExtension>
				</extensions>
			</trkpt>
			<trkpt lat="15.515964" lon="-88.031362">
				<ele>97.49</ele>
				<extensions>
					<ns3:TrackPointExtension>
					</ns3:TrackPointExtension>
				</extensions>
			</trkpt>
			<trkpt lat="15.5159175" lon="-88.0314285">
				<ele>97.525</ele>
				<extensions>
					<ns3:TrackPointExtension>
					</ns3:TrackPointExtension>
				</extensions>
			</trkpt>
			<trkpt lat="15.515871" lon="-88.031495">
				<ele>97.56</ele>
				<extensions>
					<ns3:TrackPointExtension>
					</ns3:TrackPointExtension>
				</extensions>
			</trkpt>
			<trkpt lat="15.515824499999999" lon="-88.0315615">
				<ele>97.595</ele>
				<extensions>
					<ns3:TrackPointExtension>
					</ns3:TrackPointExtension>
				</extensions>
			</trkpt>
			<trkpt lat="15.515778" lon="-88.031628">
				<ele>97.63</ele>
				<extensions>
					<ns3:TrackPointExtension>
					</ns3:TrackPointExtension>
				</extensions>
			</trkpt>
			<trkpt lat="15.515733444444443" lon="-88.03170166666666">
				<ele>97.634445</ele>
				<extensions>
					<ns3:TrackPointExtension>
					</ns3:TrackPointExtension>
				</extensions>
			</trkpt>
			<trkpt lat="15.515688888888889" lon="-88.03177533333333">
				<ele>97.638885</ele>
				<extensions>
					<ns3:TrackPointExtension>
					</ns3:TrackPointExtension>
				</extensions>
			</trkpt>
			<trkpt lat="15.515644333333332" lon="-88.031849">
				<ele>97.64333</ele>
				<extensions>
					<ns3:TrackPointExtension>
					</ns3:TrackPointExtension>
				</extensions>
			</trkpt>
			<trkpt lat="15.515599777777778" lon="-88.03192266666666">
				<ele>97.64778</ele>
				<extensions>
					<ns3:TrackPointExtension>
					</ns3:TrackPointExtension>
				</extensions>
			</trkpt>
			<trkpt lat="15.515555222222222" lon="-88.03199633333334">
				<ele>97.65222</ele>
				<extensions>
					<ns3:TrackPointExtension>
					</ns3:TrackPointExtension>
				</extensions>
			</trkpt>
			<trkpt lat="15.515510666666668" lon="-88.03207">
				<ele>97.65667</ele>
				<extensions>
					<ns3:TrackPointExtension>
					</ns3:TrackPointExtension>
				</extensions>
			</trkpt>
			<trkpt lat="15.515466111111111" lon="-88.03214366666667">
				<ele>97.66111</ele>
				<extensions>
					<ns3:TrackPointExtension>
					</ns3:TrackPointExtension>
				</extensions>
			</trkpt>
			<trkpt lat="15.515421555555557" lon="-88.03221733333334">
				<ele>97.66556</ele>
				<extensions>
					<ns3:TrackPointExtension>
					</ns3:TrackPointExtension>
				</extensions>
			</trkpt>
			<trkpt lat="15.515377" lon="-88.032291">
				<ele>97.67</ele>
				<extensions>
					<ns3:TrackPointExtension>
					</ns3:TrackPointExtension>
				</extensions>
			</trkpt>
			<trkpt lat="15.515351" lon="-88.0323485">
				<ele>97.69</ele>
				<extensions>
					<ns3:TrackPointExtension>
					</ns3:TrackPointExtension>
				</extensions>
			</trkpt>
			<trkpt lat="15.515325" lon="-88.032406">
				<ele>97.71</ele>
				<extensions>
					<ns3:TrackPointExtension>
					</ns3:TrackPointExtension>
				</extensions>
			</trkpt>
			<trkpt lat="15.515297" lon="-88.03248033333333">
				<ele>97.916664</ele>
				<extensions>
					<ns3:TrackPointExtension>
					</ns3:TrackPointExtension>
				</extensions>
			</trkpt>
			<trkpt lat="15.515269" lon="-88.03255466666667">
				<ele>98.12334</ele>
				<extensions>
					<ns3:TrackPointExtension>
					</ns3:TrackPointExtension>
				</extensions>
			</trkpt>
			<trkpt lat="15.515241" lon="-88.032629">
				<ele>98.33</ele>
				<extensions>
					<ns3:TrackPointExtension>
					</ns3:TrackPointExtension>
				</extensions>
			</trkpt>
			<trkpt lat="15.5152136" lon="-88.0327144">
				<ele>98.576</ele>
				<extensions>
					<ns3:TrackPointExtension>
					</ns3:TrackPointExtension>
				</extensions>
			</trkpt>
			<trkpt lat="15.515186199999999" lon="-88.0327998">
				<ele>98.822</ele>
				<extensions>
					<ns3:TrackPointExtension>
					</ns3:TrackPointExtension>
				</extensions>
			</trkpt>
			<trkpt lat="15.5151588" lon="-88.0328852">
				<ele>99.068</ele>
				<extensions>
					<ns3:TrackPointExtension>
					</ns3:TrackPointExtension>
				</extensions>
			</trkpt>
			<trkpt lat="15.5151314" lon="-88.0329706">
				<ele>99.314</ele>
				<extensions>
					<ns3:TrackPointExtension>
					</ns3:TrackPointExtension>
				</extensions>
			</trkpt>
			<trkpt lat="15.515104" lon="-88.033056">
				<ele>99.56</ele>
				<extensions>
					<ns3:TrackPointExtension>
					</ns3:TrackPointExtension>
				</extensions>
			</trkpt>
			<trkpt lat="15.515079499999999" lon="-88.0331425">
				<ele>99.65833</ele>
				<extensions>
					<ns3:TrackPointExtension>
					</ns3:TrackPointExtension>
				</extensions>
			</trkpt>
			<trkpt lat="15.515055" lon="-88.033229">
				<ele>99.75667</ele>
				<extensions>
					<ns3:TrackPointExtension>
					</ns3:TrackPointExtension>
				</extensions>
			</trkpt>
			<trkpt lat="15.5150305" lon="-88.0333155">
				<ele>99.855</ele>
				<extensions>
					<ns3:TrackPointExtension>
					</ns3:TrackPointExtension>
				</extensions>
			</trkpt>
			<trkpt lat="15.515006" lon="-88.033402">
				<ele>99.95333</ele>
				<extensions>
					<ns3:TrackPointExtension>
					</ns3:TrackPointExtension>
				</extensions>
			</trkpt>
			<trkpt lat="15.514981500000001" lon="-88.0334885">
				<ele>100.05167</ele>
				<extensions>
					<ns3:TrackPointExtension>
					</ns3:TrackPointExtension>
				</extensions>
			</trkpt>
			<trkpt lat="15.514957" lon="-88.033575">
				<ele>100.15</ele>
				<extensions>
					<ns3:TrackPointExtension>
					</ns3:TrackPointExtension>
				</extensions>
			</trkpt>
			<trkpt lat="15.514925250000001" lon="-88.033658">
				<ele>101.135</ele>
				<extensions>
					<ns3:TrackPointExtension>
					</ns3:TrackPointExtension>
				</extensions>
			</trkpt>
			<trkpt lat="15.5148935" lon="-88.03374099999999">
				<ele>102.12</ele>
				<extensions>
					<ns3:TrackPointExtension>
					</ns3:TrackPointExtension>
				</extensions>
			</trkpt>
			<trkpt lat="15.51486175" lon="-88.033824">
				<ele>103.105</ele>
				<extensions>
					<ns3:TrackPointExtension>
					</ns3:TrackPointExtension>
				</extensions>
			</trkpt>
			<trkpt lat="15.51483" lon="-88.033907">
				<ele>104.09</ele>
				<extensions>
					<ns3:TrackPointExtension>
					</ns3:TrackPointExtension>
				</extensions>
			</trkpt>
			<trkpt lat="15.5147945" lon="-88.0339855">
				<ele>104.37</ele>
				<extensions>
					<ns3:TrackPointExtension>
					</ns3:TrackPointExtension>
				</extensions>
			</trkpt>
			<trkpt lat="15.514759" lon="-88.034064">
				<ele>104.65</ele>
				<extensions>
					<ns3:TrackPointExtension>
					</ns3:TrackPointExtension>
				</extensions>
			</trkpt>
			<trkpt lat="15.514726" lon="-88.0341375">
				<ele>104.91</ele>
				<extensions>
					<ns3:TrackPointExtension>
					</ns3:TrackPointExtension>
				</extensions>
			</trkpt>
			<trkpt lat="15.514693" lon="-88.034211">
				<ele>105.17</ele>
				<extensions>
					<ns3:TrackPointExtension>
					</ns3:TrackPointExtension>
				</extensions>
			</trkpt>
			<trkpt lat="15.514653666666666" lon="-88.03428666666666">
				<ele>105.28</ele>
				<extensions>
					<ns3:TrackPointExtension>
					</ns3:TrackPointExtension>
				</extensions>
			</trkpt>
			<trkpt lat="15.514614333333334" lon="-88.03436233333333">
				<ele>105.39</ele>
				<extensions>
					<ns3:TrackPointExtension>
					</ns3:TrackPointExtension>
				</extensions>
			</trkpt>
			<trkpt lat="15.514575" lon="-88.034438">
				<ele>105.5</ele>
				<extensions>
					<ns3:TrackPointExtension>
					</ns3:TrackPointExtension>
				</extensions>
			</trkpt>
			<trkpt lat="15.51453275" lon="-88.03451">
				<ele>105.595</ele>
				<extensions>
					<ns3:TrackPointExtension>
					</ns3:TrackPointExtension>
				</extensions>
			</trkpt>
			<trkpt lat="15.5144905" lon="-88.034582">
				<ele>105.69</ele>
				<extensions>
					<ns3:TrackPointExtension>
					</ns3:TrackPointExtension>
				</extensions>
			</trkpt>
			<trkpt lat="15.51444825" lon="-88.034654">
				<ele>105.785</ele>
				<extensions>
					<ns3:TrackPointExtension>
					</ns3:TrackPointExtension>
				</extensions>
			</trkpt>
			<trkpt lat="15.514406" lon="-88.034726">
				<ele>105.88</ele>
				<extensions>
					<ns3:TrackPointExtension>
					</ns3:TrackPointExtension>
				</extensions>
			</trkpt>
			<trkpt lat="15.514367333333333" lon="-88.03478033333334">
				<ele>106.04667</ele>
				<extensions>
					<ns3:TrackPointExtension>
					</ns3:TrackPointExtension>
				</extensions>
			</trkpt>
			<trkpt lat="15.514328666666668" lon="-88.03483466666667">
				<ele>106.21333</ele>
				<extensions>
					<ns3:TrackPointExtension>
					</ns3:TrackPointExtension>
				</extensions>
			</trkpt>
			<trkpt lat="15.51429" lon="-88.034889">
				<ele>106.38</ele>
				<extensions>
					<ns3:TrackPointExtension>
					</ns3:TrackPointExtension>
				</extensions>
			</trkpt>
			<trkpt lat="15.514232333333334" lon="-88.03496000000001">
				<ele>106.72</ele>
				<extensions>
					<ns3:TrackPointExtension>
					</ns3:TrackPointExtension>
				</extensions>
			</trkpt>
			<trkpt lat="15.514174666666667" lon="-88.035031">
				<ele>107.06</ele>
				<extensions>
					<ns3:TrackPointExtension>
					</ns3:TrackPointExtension>
				</extensions>
			</trkpt>
			<trkpt lat="15.514117" lon="-88.035102">
				<ele>107.4</ele>
				<extensions>
					<ns3:TrackPointExtension>
					</ns3:TrackPointExtension>
				</extensions>
			</trkpt>
			<trkpt lat="15.514059333333334" lon="-88.035173">
				<ele>107.74</ele>
				<extensions>
					<ns3:TrackPointExtension>
					</ns3:TrackPointExtension>
				</extensions>
			</trkpt>
			<trkpt lat="15.514001666666667" lon="-88.035244">
				<ele>108.08</ele>
				<extensions>
					<ns3:TrackPointExtension>
					</ns3:TrackPointExtension>
				</extensions>
			</trkpt>
			<trkpt lat="15.513944" lon="-88.035315">
				<ele>108.41</ele>
				<extensions>
					<ns3:TrackPointExtension>
					</ns3:TrackPointExtension>
				</extensions>
			</trkpt>
			<trkpt lat="15.51388725" lon="-88.0353725">
				<ele>108.7525</ele>
				<extensions>
					<ns3:TrackPointExtension>
					</ns3:TrackPointExtension>
				</extensions>
			</trkpt>
			<trkpt lat="15.513830500000001" lon="-88.03542999999999">
				<ele>109.095</ele>
				<extensions>
					<ns3:TrackPointExtension>
					</ns3:TrackPointExtension>
				</extensions>
			</trkpt>
			<trkpt lat="15.51377375" lon="-88.0354875">
				<ele>109.4375</ele>
				<extensions>
					<ns3:TrackPointExtension>
					</ns3:TrackPointExtension>
				</extensions>
			</trkpt>
			<trkpt lat="15.513717" lon="-88.035545">
				<ele>109.78</ele>
				<extensions>
					<ns3:TrackPointExtension>
					</ns3:TrackPointExtension>
				</extensions>
			</trkpt>
			<trkpt lat="15.513664333333333" lon="-88.035594">
				<ele>109.85333</ele>
				<extensions>
					<ns3:TrackPointExtension>
					</ns3:TrackPointExtension>
				</extensions>
			</trkpt>
			<trkpt lat="15.513611666666668" lon="-88.035643">
				<ele>109.92667</ele>
				<extensions>
					<ns3:TrackPointExtension>
					</ns3:TrackPointExtension>
				</extensions>
			</trkpt>
			<trkpt lat="15.513559" lon="-88.035692">
				<ele>110.0</ele>
				<extensions>
					<ns3:TrackPointExtension>
					</ns3:TrackPointExtension>
				</extensions>
			</trkpt>
			<trkpt lat="15.5135035" lon="-88.035738">
				<ele>110.27</ele>
				<extensions>
					<ns3:TrackPointExtension>
					</ns3:TrackPointExtension>
				</extensions>
			</trkpt>
			<trkpt lat="15.513448" lon="-88.035784">
				<ele>110.54</ele>
				<extensions>
					<ns3:TrackPointExtension>
					</ns3:TrackPointExtension>
				</extensions>
			</trkpt>
			<trkpt lat="15.5133925" lon="-88.03583">
				<ele>110.81</ele>
				<extensions>
					<ns3:TrackPointExtension>
					</ns3:TrackPointExtension>
				</extensions>
			</trkpt>
			<trkpt lat="15.513337" lon="-88.035876">
				<ele>111.08</ele>
				<extensions>
					<ns3:TrackPointExtension>
					</ns3:TrackPointExtension>
				</extensions>
			</trkpt>
			<trkpt lat="15.513285" lon="-88.03591966666667">
				<ele>111.39667</ele>
				<extensions>
					<ns3:TrackPointExtension>
					</ns3:TrackPointExtension>
				</extensions>
			</trkpt>
			<trkpt lat="15.513233" lon="-88.03596333333333">
				<ele>111.71333</ele>
				<extensions>
					<ns3:TrackPointExtension>
					</ns3:TrackPointExtension>
				</extensions>
			</trkpt>
			<trkpt lat="15.513181" lon="-88.036007">
				<ele>112.03</ele>
				<extensions>
					<ns3:TrackPointExtension>
					</ns3:TrackPointExtension>
				</extensions>
			</trkpt>
			<trkpt lat="15.513129" lon="-88.03604033333333">
				<ele>112.07333</ele>
				<extensions>
					<ns3:TrackPointExtension>
					</ns3:TrackPointExtension>
				</extensions>
			</trkpt>
			<trkpt lat="15.513077000000001" lon="-88.03607366666667">
				<ele>112.11667</ele>
				<extensions>
					<ns3:TrackPointExtension>
					</ns3:TrackPointExtension>
				</extensions>
			</trkpt>
			<trkpt lat="15.513025" lon="-88.036107">
				<ele>112.16</ele>
				<extensions>
					<ns3:TrackPointExtension>
					</ns3:TrackPointExtension>
				</extensions>
			</trkpt>
			<trkpt lat="15.51294975" lon="-88.036145">
				<ele>112.12</ele>
				<extensions>
					<ns3:TrackPointExtension>
					</ns3:TrackPointExtension>
				</extensions>
			</trkpt>
			<trkpt lat="15.5128745" lon="-88.036183">
				<ele>112.08</ele>
				<extensions>
					<ns3:TrackPointExtension>
					</ns3:TrackPointExtension>
				</extensions>
			</trkpt>
			<trkpt lat="15.51279925" lon="-88.036221">
				<ele>112.04</ele>
				<extensions>
					<ns3:TrackPointExtension>
					</ns3:TrackPointExtension>
				</extensions>
			</trkpt>
			<trkpt lat="15.512724" lon="-88.036259">
				<ele>112.0</ele>
				<extensions>
					<ns3:TrackPointExtension>
					</ns3:TrackPointExtension>
				</extensions>
			</trkpt>
			<trkpt lat="15.512677" lon="-88.0362775">
				<ele>111.83</ele>
				<extensions>
					<ns3:TrackPointExtension>
					</ns3:TrackPointExtension>
				</extensions>
			</trkpt>
			<trkpt lat="15.51263" lon="-88.036296">
				<ele>111.66</ele>
				<extensions>
					<ns3:TrackPointExtension>
					</ns3:TrackPointExtension>
				</extensions>
			</trkpt>
			<trkpt lat="15.512609" lon="-88.036336">
				<ele>111.44</ele>
				<extensions>
					<ns3:TrackPointExtension>
					</ns3:TrackPointExtension>
				</extensions>
			</trkpt>
			<trkpt lat="15.51256" lon="-88.0363715">
				<ele>111.305</ele>
				<extensions>
					<ns3:TrackPointExtension>
					</ns3:TrackPointExtension>
				</extensions>
			</trkpt>
			<trkpt lat="15.512511" lon="-88.036407">
				<ele>111.17</ele>
				<extensions>
					<ns3:TrackPointExtension>
					</ns3:TrackPointExtension>
				</extensions>
			</trkpt>
			<trkpt lat="15.512483" lon="-88.036451">
				<ele>111.26</ele>
				<extensions>
					<ns3:TrackPointExtension>
					</ns3:TrackPointExtension>
				</extensions>
			</trkpt>
			<trkpt lat="15.512454" lon="-88.036465">
				<ele>111.42</ele>
				<extensions>
					<ns3:TrackPointExtension>
					</ns3:TrackPointExtension>
				</extensions>
			</trkpt>
			<trkpt lat="15.512389" lon="-88.036451">
				<ele>111.81</ele>
				<extensions>
					<ns3:TrackPointExtension>
					</ns3:TrackPointExtension>
				</extensions>
			</trkpt>
			<trkpt lat="15.51233" lon="-88.036426">
				<ele>112.17</ele>
				<extensions>
					<ns3:TrackPointExtension>
					</ns3:TrackPointExtension>
				</extensions>
			</trkpt>
			<trkpt lat="15.512271" lon="-88.036451">
				<ele>112.57</ele>
				<extensions>
					<ns3:TrackPointExtension>
					</ns3:TrackPointExtension>
				</extensions>
			</trkpt>
			<trkpt lat="15.512212" lon="-88.036476">
				<ele>112.97</ele>
				<extensions>
					<ns3:TrackPointExtension>
					</ns3:TrackPointExtension>
				</extensions>
			</trkpt>
			<trkpt lat="15.512148" lon="-88.036503">
				<ele>113.41</ele>
				<extensions>
					<ns3:TrackPointExtension>
					</ns3:TrackPointExtension>
				</extensions>
			</trkpt>
			<trkpt lat="15.512076" lon="-88.03652439999999">
				<ele>113.816</ele>
				<extensions>
					<ns3:TrackPointExtension>
					</ns3:TrackPointExtension>
				</extensions>
			</trkpt>
			<trkpt lat="15.512004" lon="-88.0365458">
				<ele>114.222</ele>
				<extensions>
					<ns3:TrackPointExtension>
					</ns3:TrackPointExtension>
				</extensions>
			</trkpt>
			<trkpt lat="15.511932" lon="-88.0365672">
				<ele>114.628</ele>
				<extensions>
					<ns3:TrackPointExtension>
					</ns3:TrackPointExtension>
				</extensions>
			</trkpt>
			<trkpt lat="15.511859999999999" lon="-88.0365886">
				<ele>115.034</ele>
				<extensions>
					<ns3:TrackPointExtension>
					</ns3:TrackPointExtension>
				</extensions>
			</trkpt>
			<trkpt lat="15.511788" lon="-88.03661">
				<ele>115.44</ele>
				<extensions>
					<ns3:TrackPointExtension>
					</ns3:TrackPointExtension>
				</extensions>
			</trkpt>
			<trkpt lat="15.511703749999999" lon="-88.03662525">
				<ele>115.65</ele>
				<extensions>
					<ns3:TrackPointExtension>
					</ns3:TrackPointExtension>
				</extensions>
			</trkpt>
			<trkpt lat="15.511619499999998" lon="-88.0366405">
				<ele>115.86</ele>
				<extensions>
					<ns3:TrackPointExtension>
					</ns3:TrackPointExtension>
				</extensions>
			</trkpt>
			<trkpt lat="15.51153525" lon="-88.03665575">
				<ele>116.07</ele>
				<extensions>
					<ns3:TrackPointExtension>
					</ns3:TrackPointExtension>
				</extensions>
			</trkpt>
			<trkpt lat="15.511451" lon="-88.036671">
				<ele>116.28</ele>
				<extensions>
					<ns3:TrackPointExtension>
					</ns3:TrackPointExtension>
				</extensions>
			</trkpt>
			<trkpt lat="15.511385666666666" lon="-88.03668266666666">
				<ele>116.44334</ele>
				<extensions>
					<ns3:TrackPointExtension>
					</ns3:TrackPointExtension>
				</extensions>
			</trkpt>
			<trkpt lat="15.511320333333334" lon="-88.03669433333333">
				<ele>116.60667</ele>
				<extensions>
					<ns3:TrackPointExtension>
					</ns3:TrackPointExtension>
				</extensions>
			</trkpt>
			<trkpt lat="15.511255" lon="-88.036706">
				<ele>116.77</ele>
				<extensions>
					<ns3:TrackPointExtension>
					</ns3:TrackPointExtension>
				</extensions>
			</trkpt>
			<trkpt lat="15.511181333333333" lon="-88.03671433333334">
				<ele>116.93</ele>
				<extensions>
					<ns3:TrackPointExtension>
					</ns3:TrackPointExtension>
				</extensions>
			</trkpt>
			<trkpt lat="15.511107666666668" lon="-88.03672266666666">
				<ele>117.09</ele>
				<extensions>
					<ns3:TrackPointExtension>
					</ns3:TrackPointExtension>
				</extensions>
			</trkpt>
			<trkpt lat="15.511034" lon="-88.036731">
				<ele>117.26</ele>
				<extensions>
					<ns3:TrackPointExtension>
					</ns3:TrackPointExtension>
				</extensions>
			</trkpt>
			<trkpt lat="15.5109545" lon="-88.03674000000001">
				<ele>117.096664</ele>
				<extensions>
					<ns3:TrackPointExtension>
					</ns3:TrackPointExtension>
				</extensions>
			</trkpt>
			<trkpt lat="15.510875" lon="-88.036749">
				<ele>116.933334</ele>
				<extensions>
					<ns3:TrackPointExtension>
					</ns3:TrackPointExtension>
				</extensions>
			</trkpt>
			<trkpt lat="15.5107955" lon="-88.03675799999999">
				<ele>116.77</ele>
				<extensions>
					<ns3:TrackPointExtension>
					</ns3:TrackPointExtension>
				</extensions>
			</trkpt>
			<trkpt lat="15.510716" lon="-88.036767">
				<ele>116.60667</ele>
				<extensions>
					<ns3:TrackPointExtension>
					</ns3:TrackPointExtension>
				</extensions>
			</trkpt>
			<trkpt lat="15.5106365" lon="-88.036776">
				<ele>116.44334</ele>
				<extensions>
					<ns3:TrackPointExtension>
					</ns3:TrackPointExtension>
				</extensions>
			</trkpt>
			<trkpt lat="15.510557" lon="-88.036785">
				<ele>116.28</ele>
				<extensions>
					<ns3:TrackPointExtension>
					</ns3:TrackPointExtension>
				</extensions>
			</trkpt>
			<trkpt lat="15.510473428571428" lon="-88.03679442857143">
				<ele>116.51714</ele>
				<extensions>
					<ns3:TrackPointExtension>
					</ns3:TrackPointExtension>
				</extensions>
			</trkpt>
			<trkpt lat="15.510389857142858" lon="-88.03680385714286">
				<ele>116.75429</ele>
				<extensions>
					<ns3:TrackPointExtension>
					</ns3:TrackPointExtension>
				</extensions>
			</trkpt>
			<trkpt lat="15.510306285714286" lon="-88.03681328571429">
				<ele>116.99143</ele>
				<extensions>
					<ns3:TrackPointExtension>
					</ns3:TrackPointExtension>
				</extensions>
			</trkpt>
			<trkpt lat="15.510222714285714" lon="-88.0368227142857">
				<ele>117.22857</ele>
				<extensions>
					<ns3:TrackPointExtension>
					</ns3:TrackPointExtension>
				</extensions>
			</trkpt>
			<trkpt lat="15.510139142857142" lon="-88.03683214285714">
				<ele>117.46571</ele>
				<extensions>
					<ns3:TrackPointExtension>
					</ns3:TrackPointExtension>
				</extensions>
			</trkpt>
			<trkpt lat="15.510055571428571" lon="-88.03684157142857">
				<ele>117.70286</ele>
				<extensions>
					<ns3:TrackPointExtension>
					</ns3:TrackPointExtension>
				</extensions>
			</trkpt>
			<trkpt lat="15.509972" lon="-88.036851">
				<ele>117.94</ele>
				<extensions>
					<ns3:TrackPointExtension>
					</ns3:TrackPointExtension>
				</extensions>
			</trkpt>
			<trkpt lat="15.50989925" lon="-88.03686025">
				<ele>118.245</ele>
				<extensions>
					<ns3:TrackPointExtension>
					</ns3:TrackPointExtension>
				</extensions>
			</trkpt>
			<trkpt lat="15.509826499999999" lon="-88.0368695">
				<ele>118.55</ele>
				<extensions>
					<ns3:TrackPointExtension>
					</ns3:TrackPointExtension>
				</extensions>
			</trkpt>
			<trkpt lat="15.50975375" lon="-88.03687875">
				<ele>118.855</ele>
				<extensions>
					<ns3:TrackPointExtension>
					</ns3:TrackPointExtension>
				</extensions>
			</trkpt>
			<trkpt lat="15.509681" lon="-88.036888">
				<ele>119.16</ele>
				<extensions>
					<ns3:TrackPointExtension>
					</ns3:TrackPointExtension>
				</extensions>
			</trkpt>
		</trkseg>
	</trk>
</gpx>
